Order_ID,Order_Date,Customer_ID,Product,Category,Price,Quantity,Country,Payment_Method,Discount_Percent
ORD001222,2024-03-24,CUST01001,Monitor,Displays,508.44,2,USA,Unknown,0
ORD001488,2024-06-18,CUST01015,Headphones,Audio,93.35,2,France,PayPal,10
ORD002139,2024-06-29,CUST01003,Webcam,Video,122.58,3,Poland,Credit Card,0
ORD003371,2024-05-14,CUST01001,Headphones,Audio,95.8,2,UK,Credit Card,0
ORD006903,2024-03-14,CUST01062,Desk Lamp,Accessories,42.77,3,France,Unknown,0
ORD006371,2024-08-07,CUST01003,USB Hub,Peripherals,3.94,2,USA,Credit Card,15
ORD001278,2024-05-07,CUST01011,USB Hub,Peripherals,30.18,3,Germany,Credit Card,0
ORD001503,2024-12-14,CUST01033,Headphones,Audio,134.38,3,Germany,Debit Card,10
ORD007809,2024-11-26,CUST01004,Desk Lamp,Accessories,133.56,1,Netherlands,Credit Card,0
ORD001733,2024-10-07,CUST01070,Phone Stand,Accessories,99999.0,2,Poland,PayPal,0
ORD006557,2024-09-11,CUST01261,Desk Lamp,Accessories,48.51,2,Canada,Unknown,0
ORD007492,2024-10-31,CUST01001,Monitor,Displays,485.9,1,Poland,Bank Transfer,0
ORD004565,2024-10-04,CUST01001,Monitor,Displays,451.75,1,Poland,Bank Transfer,0
ORD005610,2024-03-11,CUST01008,Headphones,Audio,0.0,2,France,Unknown,0
ORD000683,2024-07-04,CUST01001,Monitor,Displays,479.92,3,Germany,Unknown,0
ORD001967,2024-04-04,CUST01001,Desk Lamp,Accessories,140.3,3,Germany,Unknown,0
ORD005756,2024-09-26,CUST01017,Mouse,Peripherals,57.72,4,USA,Bank Transfer,5
ORD004335,2024-08-02,CUST01014,USB Hub,Peripherals,20.73,4,USA,Credit Card,10
ORD002573,2024-07-02,CUST01001,Headphones,Audio,162.61,2,UK,Unknown,0
ORD000430,2024-01-30,CUST01222,Webcam,Video,117.11,2,UK,Unknown,0
ORD002570,2024-08-24,CUST01001,Phone Stand,Accessories,76.96,1,Germany,Unknown,10
ORD005554,2024-04-11,CUST01277,USB Hub,Peripherals,18.29,2,France,Debit Card,0
ORD002111,2024-10-20,CUST01093,Monitor,Displays,441.5,4,Netherlands,Unknown,0
ORD004867,2024-08-07,CUST01001,Phone Stand,Accessories,32.96,3,Netherlands,PayPal,5
ORD006443,2024-06-06,CUST01003,Desk Lamp,Accessories,99.71,2,Poland,Debit Card,0
ORD002128,2024-09-23,CUST01002,Headphones,Audio,121.67,1,Poland,Bank Transfer,0
ORD000473,2024-06-14,CUST01001,Desk Lamp,Accessories,66.75,3,Netherlands,Debit Card,0
ORD007879,2024-04-25,CUST01001,USB Hub,Peripherals,-10.53,4,Poland,Bank Transfer,0
ORD001594,2024-05-09,CUST01010,Keyboard,Peripherals,99999.0,4,Netherlands,PayPal,5
ORD002305,2024-12-28,CUST01151,Webcam,Video,40.3,1,France,Credit Card,0
ORD006223,2024-07-21,CUST01008,Monitor,Displays,451.51,1,UK,Debit Card,5
ORD004865,2024-04-19,CUST01002,Mouse,Peripherals,103.62,4,USA,Credit Card,10
ORD002866,2024-06-22,CUST01003,Mouse,Peripherals,64.0,4,USA,Debit Card,0
ORD000997,2024-09-09,CUST01001,Monitor,Displays,525.63,4,USA,Unknown,5
ORD007914,2024-01-30,CUST01002,Webcam,Video,80.38,2,Netherlands,Credit Card,0
ORD004308,2024-01-15,CUST01003,Headphones,Audio,114.98,1,France,PayPal,0
ORD007000,2024-03-17,CUST01001,HDMI Cable,Cables,30.48,3,Canada,PayPal,0
ORD001859,2024-02-18,CUST01001,HDMI Cable,Cables,-6.58,1,France,Unknown,10
ORD006935,2024-07-25,CUST01001,Laptop,Computers,1019.75,2,Germany,Credit Card,5
ORD000320,2024-03-31,CUST01001,Keyboard,Peripherals,144.61,2,Poland,PayPal,5
ORD004710,2024-12-02,CUST01001,Headphones,Audio,88.1,3,France,Credit Card,0
ORD007280,2024-11-03,CUST01300,Mouse,Peripherals,12.71,3,Netherlands,Unknown,0
ORD004270,2024-05-22,CUST01005,Webcam,Video,117.43,1,Netherlands,Credit Card,15
ORD000519,2024-01-21,CUST01001,Keyboard,Peripherals,165.25,4,USA,Unknown,15
ORD007205,2024-02-23,CUST01525,Mouse,Peripherals,13.05,2,Netherlands,Debit Card,0
ORD007164,2024-09-30,CUST01068,USB Hub,Peripherals,14.08,2,Germany,Unknown,0
ORD002099,2024-04-11,CUST01337,Webcam,Video,114.94,3,Netherlands,Credit Card,0
ORD004412,2024-12-15,CUST01001,Desk Lamp,Accessories,94.36,1,UK,Credit Card,0
ORD004985,2024-01-25,CUST01001,USB Hub,Peripherals,47.11,4,Poland,Credit Card,5
ORD002261,2024-02-08,CUST01095,Desk Lamp,Accessories,61.18,4,Germany,Unknown,0
ORD000539,2024-07-08,CUST01006,Headphones,Audio,128.51,4,France,Credit Card,0
ORD004195,2024-02-09,CUST01001,Headphones,Audio,107.67,3,Germany,Unknown,10
ORD002116,2024-08-31,CUST01013,HDMI Cable,Cables,-28.2,4,France,PayPal,0
ORD003028,2024-12-23,CUST01025,HDMI Cable,Cables,-20.9,4,Poland,PayPal,0
ORD005015,2024-12-05,CUST01001,Desk Lamp,Accessories,45.39,3,France,Credit Card,0
ORD005562,2024-01-24,CUST01001,Desk Lamp,Accessories,64.25,2,Netherlands,Bank Transfer,0
ORD001028,2024-09-21,CUST01001,Headphones,Audio,136.87,2,France,Unknown,10
ORD001617,2024-03-14,CUST01001,Keyboard,Peripherals,73.66,2,Germany,Unknown,0
ORD002865,2024-10-11,CUST01001,USB Hub,Peripherals,13.8,4,USA,Unknown,0
ORD003886,2024-10-27,CUST01003,Headphones,Audio,100.2,1,USA,PayPal,5
ORD006956,2024-02-16,CUST01005,Monitor,Displays,476.05,2,Canada,PayPal,10
ORD005389,2024-05-23,CUST01001,Phone Stand,Accessories,64.76,3,USA,Bank Transfer,10
ORD005840,2024-07-03,CUST01020,Headphones,Audio,118.86,3,Germany,Bank Transfer,15
ORD001536,2024-06-25,CUST01023,Phone Stand,Accessories,28.75,1,Netherlands,PayPal,15
ORD002522,2024-10-29,CUST01001,Monitor,Displays,531.9,4,Canada,Unknown,10
ORD002281,2024-08-10,CUST01001,Webcam,Video,114.35,3,Netherlands,PayPal,0
ORD003758,2024-06-07,CUST01514,Headphones,Audio,149.85,4,Netherlands,Bank Transfer,15
ORD005094,2024-05-01,CUST01003,Phone Stand,Accessories,15.45,4,USA,PayPal,0
ORD003514,2024-02-06,CUST01006,Mouse,Peripherals,44.16,2,Poland,Bank Transfer,0
ORD005149,2024-06-22,CUST01001,Laptop,Computers,1095.1,3,France,Bank Transfer,5
ORD007840,2024-01-05,CUST01038,USB Hub,Peripherals,-4.56,1,USA,Bank Transfer,15
ORD006775,2024-09-23,CUST01001,Monitor,Displays,477.62,2,Germany,Bank Transfer,0
ORD007278,2024-04-13,CUST01003,Webcam,Video,99.01,2,Germany,Bank Transfer,10
ORD004886,2024-01-30,CUST01001,Headphones,Audio,159.28,1,Poland,Debit Card,5
ORD002125,2024-09-19,CUST01034,Phone Stand,Accessories,44.8,1,UK,Debit Card,15
ORD004957,2024-12-19,CUST01001,Mouse,Peripherals,50.19,4,Netherlands,Unknown,0
ORD007221,2024-01-04,CUST01002,Phone Stand,Accessories,31.11,2,France,Debit Card,0
ORD005690,2024-04-16,CUST01002,Phone Stand,Accessories,35.3,2,Netherlands,Debit Card,0
ORD005622,2024-07-31,CUST01006,Desk Lamp,Accessories,58.8,4,USA,Bank Transfer,5
ORD005475,2024-09-09,CUST01023,Mouse,Peripherals,59.2,1,Poland,Debit Card,0
ORD007267,2024-04-20,CUST01001,Laptop,Computers,1032.75,4,Germany,PayPal,10
ORD003681,2024-10-28,CUST01001,Monitor,Displays,460.55,4,Canada,Unknown,15
ORD006527,2024-09-01,CUST01004,Monitor,Displays,519.7,4,Poland,Debit Card,0
ORD007410,2024-09-17,CUST01022,HDMI Cable,Cables,2.51,2,Netherlands,Credit Card,0
ORD003545,2024-02-22,CUST01002,Headphones,Audio,127.95,2,UK,Debit Card,0
ORD001336,2024-06-04,CUST01001,Desk Lamp,Accessories,108.62,1,Netherlands,PayPal,0
ORD002830,2024-05-15,CUST01020,Mouse,Peripherals,99.6,2,UK,PayPal,0
ORD001314,2024-03-21,CUST01024,Headphones,Audio,122.9,4,USA,Unknown,5
ORD007046,2024-02-13,CUST01002,HDMI Cable,Cables,44.7,4,Germany,PayPal,0
ORD006262,2024-12-04,CUST01002,Keyboard,Peripherals,95.36,2,UK,Unknown,0
ORD007404,2024-10-28,CUST01002,Monitor,Displays,471.84,2,Germany,Debit Card,0
ORD002184,2024-07-23,CUST01001,Phone Stand,Accessories,73.52,3,UK,Unknown,15
ORD006085,2024-03-15,CUST01001,Mouse,Peripherals,99999.0,3,UK,Credit Card,0
ORD000458,2024-11-13,CUST01028,Phone Stand,Accessories,35.22,2,Poland,PayPal,0
ORD001298,2024-10-19,CUST01001,USB Hub,Peripherals,18.76,2,Canada,Unknown,0
ORD005637,2024-01-10,CUST01017,Phone Stand,Accessories,77.38,3,UK,Bank Transfer,5
ORD005360,2024-03-03,CUST01001,Mouse,Peripherals,21.46,3,UK,Credit Card,0
ORD007437,2024-07-22,CUST01001,HDMI Cable,Cables,39.96,3,Netherlands,PayPal,0
ORD001057,2024-03-28,CUST01002,USB Hub,Peripherals,-12.74,3,Poland,Unknown,10
ORD001164,2024-04-04,CUST01001,Mouse,Peripherals,75.81,1,Poland,Debit Card,15
ORD005793,2024-04-09,CUST01003,Mouse,Peripherals,66.52,4,Germany,Debit Card,0
ORD006798,2024-06-04,CUST01025,Keyboard,Peripherals,76.67,2,Germany,Debit Card,0
ORD005489,2024-07-26,CUST01002,Mouse,Peripherals,54.96,2,UK,Credit Card,15
ORD002914,2024-03-07,CUST01021,Phone Stand,Accessories,-13.31,3,Netherlands,Debit Card,0
ORD005065,2024-12-20,CUST01002,USB Hub,Peripherals,45.17,1,Canada,Debit Card,5
ORD001194,2024-04-28,CUST01001,Headphones,Audio,160.7,4,Germany,PayPal,10
ORD006989,2024-05-06,CUST01003,USB Hub,Peripherals,8.93,2,France,Unknown,5
ORD002318,2024-01-01,CUST01001,Phone Stand,Accessories,35.09,3,UK,Credit Card,15
ORD000648,2024-05-12,CUST01001,Keyboard,Peripherals,172.96,1,France,Debit Card,10
ORD005027,2024-08-13,CUST01107,Webcam,Video,48.97,3,Germany,Bank Transfer,10
ORD006622,2024-02-20,CUST01310,Laptop,Computers,1024.5,3,Canada,Bank Transfer,0
ORD003289,2024-05-17,CUST01001,Desk Lamp,Accessories,107.62,3,Canada,Debit Card,15
ORD000555,2024-05-07,CUST01007,Desk Lamp,Accessories,83.8,4,Germany,PayPal,0
ORD004604,2024-02-09,CUST01006,Desk Lamp,Accessories,119.19,4,France,Credit Card,5
ORD007373,2024-12-26,CUST01002,Desk Lamp,Accessories,109.73,1,Poland,Credit Card,0
ORD000504,2024-11-12,CUST01001,Mouse,Peripherals,23.26,3,France,PayPal,10
ORD006044,2024-05-23,CUST01001,Phone Stand,Accessories,18.0,2,USA,PayPal,10
ORD007037,2024-09-23,CUST01093,Phone Stand,Accessories,-10.26,4,France,Unknown,0
ORD002550,2024-07-01,CUST01002,Desk Lamp,Accessories,124.67,2,USA,PayPal,10
ORD000335,2024-05-25,CUST01001,Desk Lamp,Accessories,93.49,2,Canada,Credit Card,0
ORD001453,2024-02-08,CUST01003,Desk Lamp,Accessories,135.55,3,UK,Credit Card,0
ORD005366,2024-10-16,CUST01071,Mouse,Peripherals,28.23,2,Canada,Bank Transfer,15
ORD001722,2024-08-15,CUST01001,Headphones,Audio,166.4,3,France,Credit Card,0
ORD006841,2024-03-23,CUST01012,Monitor,Displays,530.62,2,France,Bank Transfer,0
ORD000240,2024-11-07,CUST01005,Monitor,Displays,445.24,2,USA,Unknown,10
ORD002355,2024-07-29,CUST01001,Mouse,Peripherals,30.54,1,Netherlands,PayPal,0
ORD004897,2024-12-18,CUST01002,Keyboard,Peripherals,124.44,4,Canada,Unknown,15
ORD002796,2024-12-22,CUST01002,Webcam,Video,27.47,2,USA,Debit Card,0
ORD004177,2024-02-16,CUST01001,Headphones,Audio,146.54,3,USA,Credit Card,15
ORD006002,2024-10-25,CUST01021,Mouse,Peripherals,40.45,1,Netherlands,Credit Card,0
ORD000626,2024-06-12,CUST01001,Webcam,Video,91.52,1,UK,Bank Transfer,5
ORD003342,2024-06-04,CUST01001,Monitor,Displays,493.85,3,Netherlands,Credit Card,5
ORD004903,2024-07-14,CUST01149,HDMI Cable,Cables,59.13,1,UK,PayPal,10
ORD006425,2024-10-09,CUST01001,Mouse,Peripherals,6.05,3,Germany,PayPal,5
ORD001329,2024-01-27,CUST01001,HDMI Cable,Cables,38.28,1,UK,Credit Card,10
ORD003095,2024-04-04,CUST01009,Headphones,Audio,126.92,4,UK,PayPal,0
ORD002358,2024-07-22,CUST01023,Monitor,Displays,500.57,4,Germany,Debit Card,0
ORD005596,2024-08-06,CUST01006,Headphones,Audio,116.04,1,UK,Debit Card,0
ORD005723,2024-08-27,CUST01001,HDMI Cable,Cables,21.16,1,USA,Unknown,15
ORD002037,2024-01-25,CUST01003,Desk Lamp,Accessories,106.14,2,Germany,Credit Card,0
ORD004428,2024-10-12,CUST01002,Mouse,Peripherals,42.6,4,France,PayPal,0
ORD004104,2024-02-02,CUST01006,Monitor,Displays,508.71,1,USA,Debit Card,0
ORD006763,2024-08-20,CUST01002,Headphones,Audio,158.84,1,USA,Debit Card,0
ORD006150,2024-11-01,CUST01075,Desk Lamp,Accessories,134.54,2,Poland,Unknown,0
ORD004898,2024-03-16,CUST01004,Mouse,Peripherals,90.91,2,Germany,Bank Transfer,0
ORD004479,2024-10-11,CUST01004,Laptop,Computers,1069.67,1,France,Unknown,0
ORD001747,2024-12-16,CUST01002,HDMI Cable,Cables,-5.14,2,UK,PayPal,0
ORD007016,2024-06-29,CUST01001,Laptop,Computers,1099.78,2,USA,Unknown,5
ORD003008,2024-05-27,CUST01001,Phone Stand,Accessories,7.85,1,USA,PayPal,10
ORD003579,2024-02-15,CUST01001,HDMI Cable,Cables,-18.39,3,USA,Credit Card,5
ORD006648,2024-04-27,CUST01001,USB Hub,Peripherals,32.42,3,Canada,Credit Card,0
ORD007148,2024-06-17,CUST01005,Phone Stand,Accessories,67.99,4,Germany,PayPal,0
ORD000466,2024-12-28,CUST01001,Phone Stand,Accessories,26.2,1,Netherlands,Debit Card,15
ORD006600,2024-04-22,CUST01002,Phone Stand,Accessories,49.84,1,Canada,Bank Transfer,0
ORD007142,2024-02-07,CUST01002,Desk Lamp,Accessories,114.27,2,Germany,Credit Card,0
ORD007961,2024-12-24,CUST01001,Laptop,Computers,1025.33,1,UK,Unknown,5
ORD007196,2024-03-08,CUST01031,USB Hub,Peripherals,-11.41,3,Poland,Debit Card,0
ORD003711,2024-05-05,CUST01001,Webcam,Video,87.9,1,UK,Debit Card,0
ORD001721,2024-04-21,CUST01001,Laptop,Computers,1095.29,2,France,Bank Transfer,5
ORD006679,2024-07-17,CUST01001,Mouse,Peripherals,85.19,2,Poland,Bank Transfer,5
ORD006202,2024-02-15,CUST01010,USB Hub,Peripherals,-4.79,2,Canada,Debit Card,5
ORD002190,2024-05-18,CUST01195,USB Hub,Peripherals,39.99,4,USA,Debit Card,0
ORD005762,2024-09-20,CUST01001,Keyboard,Peripherals,104.76,4,Netherlands,Unknown,10
ORD000737,2024-05-20,CUST01010,USB Hub,Peripherals,65.27,1,Germany,Credit Card,5
ORD003435,2024-12-24,CUST01003,Webcam,Video,43.78,1,Netherlands,Bank Transfer,0
ORD005560,2024-12-21,CUST01003,Monitor,Displays,450.88,2,Poland,Unknown,10
ORD003594,2024-04-11,CUST01005,Keyboard,Peripherals,156.83,4,UK,PayPal,10
ORD000602,2024-10-18,CUST01414,Desk Lamp,Accessories,103.48,2,Canada,Unknown,0
ORD002421,2024-08-08,CUST01016,USB Hub,Peripherals,52.03,2,Netherlands,Bank Transfer,5
ORD007618,2024-06-09,CUST01044,Webcam,Video,67.08,4,USA,Debit Card,0
ORD007136,2024-09-19,CUST01003,Monitor,Displays,521.83,2,France,PayPal,5
ORD004280,2024-10-20,CUST01723,Keyboard,Peripherals,86.67,1,Germany,Bank Transfer,0
ORD004699,2024-10-26,CUST01009,Webcam,Video,100.71,4,UK,Unknown,0
ORD002693,2024-02-15,CUST01001,Webcam,Video,122.97,2,Netherlands,Debit Card,5
ORD007134,2024-04-06,CUST01001,Keyboard,Peripherals,166.72,1,France,Debit Card,0
ORD004487,2024-06-27,CUST01001,Monitor,Displays,531.32,4,France,Debit Card,15
ORD002859,2024-04-13,CUST01066,Mouse,Peripherals,98.14,3,Germany,PayPal,15
ORD003185,2024-05-09,CUST01004,Mouse,Peripherals,101.43,3,UK,PayPal,10
ORD006672,2024-03-26,CUST01001,HDMI Cable,Cables,39.31,2,France,Debit Card,0
ORD003476,2024-08-04,CUST01004,Headphones,Audio,94.58,2,Germany,Credit Card,5
ORD001455,2024-12-30,CUST01001,USB Hub,Peripherals,61.67,4,Netherlands,PayPal,0
ORD003177,2024-05-10,CUST01002,Phone Stand,Accessories,55.56,1,Poland,Credit Card,5
ORD005822,2024-06-22,CUST01001,Webcam,Video,65.6,3,Germany,Debit Card,0
ORD001043,2024-12-08,CUST01010,HDMI Cable,Cables,-8.03,3,France,Bank Transfer,0
ORD000316,2024-09-26,CUST01001,Desk Lamp,Accessories,119.61,4,Netherlands,Bank Transfer,0
ORD003150,2024-04-16,CUST01001,Webcam,Video,37.09,3,UK,Debit Card,0
ORD000024,2024-12-12,CUST01010,HDMI Cable,Cables,0.0,1,UK,Credit Card,15
ORD003323,2024-03-03,CUST01001,Phone Stand,Accessories,9.38,3,Canada,Credit Card,0
ORD002303,2024-06-29,CUST01185,Webcam,Video,99.09,1,Germany,Debit Card,0
ORD003245,2024-05-03,CUST01001,Headphones,Audio,147.34,3,Germany,Bank Transfer,0
ORD005317,2024-01-31,CUST01002,USB Hub,Peripherals,51.25,1,Poland,Debit Card,0
ORD001145,2024-08-13,CUST01001,Laptop,Computers,1067.01,1,UK,Bank Transfer,0
ORD000234,2024-05-15,CUST01001,Headphones,Audio,117.97,3,USA,PayPal,10
ORD005937,2024-05-03,CUST01121,USB Hub,Peripherals,15.71,2,Canada,Bank Transfer,0
ORD004960,2024-06-04,CUST01018,Keyboard,Peripherals,125.94,1,Germany,Credit Card,0
ORD007436,2024-09-15,CUST01001,Phone Stand,Accessories,25.5,3,Canada,Unknown,0
ORD000066,2024-09-23,CUST01004,Headphones,Audio,121.86,1,France,Bank Transfer,10
ORD003413,2024-10-05,CUST01006,Webcam,Video,74.43,2,Germany,Bank Transfer,10
ORD002629,2024-12-13,CUST01003,Headphones,Audio,174.74,2,Poland,Debit Card,0
ORD002274,2024-01-17,CUST01001,Mouse,Peripherals,60.57,4,Poland,Bank Transfer,0
ORD002878,2024-05-29,CUST01559,Phone Stand,Accessories,11.59,3,Canada,PayPal,5
ORD001003,2024-12-10,CUST01001,Desk Lamp,Accessories,53.08,4,Germany,PayPal,0
ORD002949,2024-04-10,CUST01004,Desk Lamp,Accessories,116.57,3,Germany,Unknown,0
ORD007346,2024-10-04,CUST01006,Keyboard,Peripherals,74.04,3,Germany,PayPal,0
ORD007133,2024-10-09,CUST01001,HDMI Cable,Cables,64.27,1,UK,Debit Card,10
ORD003945,2024-03-25,CUST01003,Mouse,Peripherals,35.43,3,France,Unknown,15
ORD007059,2024-02-26,CUST01001,Laptop,Computers,1072.62,3,Poland,Debit Card,15
ORD000707,2024-10-30,CUST01005,Laptop,Computers,1100.84,4,Canada,Debit Card,0
ORD007951,2024-11-16,CUST01001,Laptop,Computers,1095.97,4,Germany,Credit Card,0
ORD002883,2024-10-08,CUST01001,USB Hub,Peripherals,22.12,3,Canada,Debit Card,10
ORD005231,2024-12-23,CUST01005,Desk Lamp,Accessories,99999.0,2,France,Bank Transfer,0
ORD007330,2024-07-13,CUST01008,Desk Lamp,Accessories,105.58,3,France,PayPal,0
ORD003827,2024-12-06,CUST01001,Phone Stand,Accessories,37.54,4,Netherlands,PayPal,15
ORD004447,2024-09-09,CUST01001,USB Hub,Peripherals,25.44,3,Poland,Unknown,0
ORD006215,2024-02-08,CUST01001,Mouse,Peripherals,27.47,4,Poland,Unknown,10
ORD001422,2024-07-07,CUST01005,Webcam,Video,84.24,4,Canada,Unknown,0
ORD002132,2024-07-16,CUST01011,Keyboard,Peripherals,169.78,1,Canada,Credit Card,0
ORD001143,2024-09-11,CUST01022,USB Hub,Peripherals,4.21,4,UK,PayPal,0
ORD001035,2024-11-19,CUST01010,Desk Lamp,Accessories,125.6,2,Poland,PayPal,0
ORD001413,2024-01-16,CUST01003,Desk Lamp,Accessories,95.31,1,Netherlands,Unknown,15
ORD001953,2024-11-02,CUST01001,HDMI Cable,Cables,34.58,1,Canada,Bank Transfer,0
ORD000454,2024-07-31,CUST01331,Laptop,Computers,1073.46,1,USA,Credit Card,10
ORD005991,2024-08-24,CUST01010,Monitor,Displays,503.21,1,USA,Bank Transfer,0
ORD007801,2024-03-22,CUST01002,Desk Lamp,Accessories,139.07,4,UK,Unknown,10
ORD002909,2024-06-03,CUST01009,Desk Lamp,Accessories,40.78,1,France,Bank Transfer,15
ORD000223,2024-07-29,CUST01001,Monitor,Displays,517.26,4,Canada,PayPal,0
ORD004926,2024-05-08,CUST01002,HDMI Cable,Cables,-17.98,1,USA,Unknown,0
ORD004078,2024-08-09,CUST01002,Desk Lamp,Accessories,107.12,2,Canada,Credit Card,0
ORD001883,2024-10-19,CUST01013,Webcam,Video,90.76,4,Germany,Debit Card,0
ORD002996,2024-10-30,CUST01077,Phone Stand,Accessories,42.54,3,Netherlands,Unknown,10
ORD001085,2024-03-25,CUST01003,Keyboard,Peripherals,136.57,3,Germany,Unknown,0
ORD005403,2024-09-25,CUST01016,HDMI Cable,Cables,-27.23,2,USA,Bank Transfer,0
ORD001169,2024-10-04,CUST01009,Phone Stand,Accessories,75.56,2,Netherlands,Bank Transfer,0
ORD001783,2024-07-05,CUST01003,Headphones,Audio,164.7,1,Germany,Bank Transfer,5
ORD007952,2024-04-24,CUST01002,Laptop,Computers,1060.41,3,Germany,Debit Card,5
ORD001006,2024-12-03,CUST01006,Webcam,Video,80.97,1,France,Unknown,0
ORD000264,2024-11-29,CUST01002,Mouse,Peripherals,28.62,4,Germany,Credit Card,0
ORD000319,2024-06-02,CUST01062,HDMI Cable,Cables,25.53,3,Poland,PayPal,0
ORD005818,2024-01-26,CUST01007,Headphones,Audio,119.22,2,USA,Unknown,0
ORD004442,2024-07-30,CUST01058,USB Hub,Peripherals,46.82,3,Canada,Bank Transfer,0
ORD002885,2024-02-25,CUST01001,Laptop,Computers,1023.11,2,Poland,Credit Card,0
ORD000102,2024-02-28,CUST01006,USB Hub,Peripherals,56.9,2,Germany,Unknown,0
ORD004831,2024-12-14,CUST01001,Desk Lamp,Accessories,107.15,1,UK,Credit Card,0
ORD003721,2024-02-24,CUST01055,Desk Lamp,Accessories,84.42,3,Netherlands,Bank Transfer,15
ORD006203,2024-05-26,CUST01001,Keyboard,Peripherals,124.12,3,USA,Credit Card,10
ORD000133,2024-06-30,CUST01002,Webcam,Video,80.53,4,Poland,Credit Card,10
ORD005781,2024-04-06,CUST01841,Keyboard,Peripherals,122.22,3,Germany,PayPal,10
ORD002875,2024-01-26,CUST01001,Phone Stand,Accessories,24.1,1,Canada,Bank Transfer,0
ORD003540,2024-07-24,CUST01002,Desk Lamp,Accessories,69.97,3,Poland,Unknown,10
ORD005739,2024-12-25,CUST01007,USB Hub,Peripherals,-14.14,4,Germany,Credit Card,0
ORD003317,2024-10-20,CUST01001,Phone Stand,Accessories,53.59,2,Germany,Bank Transfer,0
ORD007777,2024-05-04,CUST01001,HDMI Cable,Cables,-15.95,3,France,Credit Card,5
ORD001929,2024-06-30,CUST01039,Keyboard,Peripherals,98.94,4,Canada,PayPal,0
ORD007663,2024-11-18,CUST01031,HDMI Cable,Cables,-25.2,3,UK,Debit Card,0
ORD003443,2024-09-04,CUST01004,Webcam,Video,40.31,3,Germany,Unknown,0
ORD004536,2024-10-23,CUST01111,USB Hub,Peripherals,-22.43,3,Canada,Unknown,0
ORD005944,2024-08-12,CUST01006,Mouse,Peripherals,69.73,1,Germany,Bank Transfer,10
ORD005398,2024-06-10,CUST01001,USB Hub,Peripherals,32.61,4,UK,Bank Transfer,0
ORD001104,2024-07-14,CUST01012,Mouse,Peripherals,42.86,1,UK,Bank Transfer,0
ORD004190,2024-08-13,CUST01001,Desk Lamp,Accessories,102.65,4,Germany,Credit Card,0
ORD001742,2024-03-19,CUST01001,Mouse,Peripherals,81.15,1,France,Debit Card,5
ORD006879,2024-02-24,CUST01003,Desk Lamp,Accessories,61.62,2,Poland,Unknown,5
ORD007739,2024-04-20,CUST01001,USB Hub,Peripherals,30.85,1,Netherlands,PayPal,10
ORD003916,2024-01-10,CUST01002,Mouse,Peripherals,53.27,4,France,Credit Card,15
ORD003835,2024-02-28,CUST01002,USB Hub,Peripherals,15.09,1,USA,Bank Transfer,0
ORD002419,2024-04-24,CUST01001,Headphones,Audio,177.56,3,Canada,Bank Transfer,0
ORD002488,2024-11-11,CUST01004,Keyboard,Peripherals,113.75,4,Canada,Credit Card,0
ORD006631,2024-10-03,CUST01057,Phone Stand,Accessories,21.69,1,Poland,Debit Card,0
ORD002174,2024-04-20,CUST01002,Headphones,Audio,120.07,3,UK,Unknown,15
ORD005837,2024-03-18,CUST01006,USB Hub,Peripherals,-15.85,4,Poland,PayPal,0
ORD001198,2024-06-11,CUST01021,Phone Stand,Accessories,-18.1,4,Poland,Credit Card,0
ORD000350,2024-07-29,CUST01005,Phone Stand,Accessories,50.3,2,USA,Credit Card,15
ORD000038,2024-07-08,CUST01002,Webcam,Video,27.43,4,UK,Bank Transfer,0
ORD006023,2024-10-14,CUST01003,Webcam,Video,52.21,2,USA,Bank Transfer,0
ORD007580,2024-01-28,CUST01002,Phone Stand,Accessories,69.98,2,USA,PayPal,5
ORD007347,2024-12-25,CUST01002,HDMI Cable,Cables,-9.26,2,USA,Unknown,15
ORD002998,2024-01-05,CUST01001,Webcam,Video,115.16,2,Germany,Bank Transfer,0
ORD005118,2024-04-01,CUST01006,Webcam,Video,108.42,4,France,PayPal,15
ORD001288,2024-02-08,CUST01016,Monitor,Displays,446.4,4,USA,Unknown,0
ORD003081,2024-06-13,CUST01014,Phone Stand,Accessories,74.82,1,Netherlands,Debit Card,0
ORD003033,2024-02-11,CUST01006,HDMI Cable,Cables,0.14,4,Poland,PayPal,0
ORD003313,2024-10-06,CUST01043,Webcam,Video,75.51,2,USA,Bank Transfer,15
ORD006038,2024-07-03,CUST01014,Keyboard,Peripherals,141.11,2,Poland,Credit Card,10
ORD000096,2024-03-31,CUST01023,Phone Stand,Accessories,37.07,1,Poland,Credit Card,0
ORD006267,2024-04-03,CUST01002,Laptop,Computers,1093.17,3,Canada,Bank Transfer,0
ORD004457,2024-02-18,CUST01001,Mouse,Peripherals,94.3,4,France,Bank Transfer,10
ORD007210,2024-11-28,CUST01001,Keyboard,Peripherals,132.28,1,Canada,Unknown,15
ORD000354,2024-07-18,CUST01012,HDMI Cable,Cables,-3.17,1,Poland,Credit Card,5
ORD005564,2024-08-23,CUST01001,Mouse,Peripherals,27.96,3,USA,PayPal,0
ORD004249,2024-05-09,CUST01037,Laptop,Computers,1106.42,1,USA,Bank Transfer,0
ORD007661,2024-10-07,CUST01004,Phone Stand,Accessories,6.94,2,Netherlands,Bank Transfer,0
ORD001481,2024-03-27,CUST01010,Keyboard,Peripherals,134.43,2,Canada,PayPal,10
ORD002700,2024-04-17,CUST01003,Mouse,Peripherals,48.84,4,Netherlands,Bank Transfer,15
ORD007066,2024-03-07,CUST01302,USB Hub,Peripherals,-14.92,2,USA,Unknown,0
ORD002224,2024-11-07,CUST01001,Webcam,Video,72.05,1,USA,Credit Card,0
ORD001403,2024-04-08,CUST01001,Mouse,Peripherals,62.5,4,France,Unknown,0
ORD003018,2024-08-22,CUST01002,Phone Stand,Accessories,24.55,2,Canada,Bank Transfer,0
ORD000252,2024-12-27,CUST01002,USB Hub,Peripherals,33.14,3,Poland,Credit Card,0
ORD002178,2024-10-06,CUST01001,Keyboard,Peripherals,146.45,1,UK,Bank Transfer,5
ORD004333,2024-10-26,CUST01001,Mouse,Peripherals,60.4,3,UK,Credit Card,0
ORD007805,2024-03-24,CUST01004,Monitor,Displays,523.25,3,Germany,Unknown,5
ORD005901,2024-05-28,CUST01175,Headphones,Audio,114.99,2,UK,Unknown,10
ORD002918,2024-12-25,CUST01106,Headphones,Audio,113.46,1,France,Bank Transfer,0
ORD007521,2024-01-31,CUST01018,HDMI Cable,Cables,65.11,2,USA,Credit Card,5
ORD002827,2024-12-28,CUST01001,Laptop,Computers,1097.15,1,France,Bank Transfer,0
ORD006139,2024-08-16,CUST01006,Headphones,Audio,109.5,4,USA,PayPal,0
ORD003348,2024-05-19,CUST01066,Phone Stand,Accessories,16.59,1,USA,Credit Card,0
ORD002311,2024-11-27,CUST01001,Keyboard,Peripherals,88.32,1,USA,Credit Card,0
ORD006621,2024-05-30,CUST01009,Webcam,Video,86.77,4,UK,Unknown,0
ORD005919,2024-08-12,CUST01010,Laptop,Computers,1110.52,3,Poland,Bank Transfer,0
ORD006357,2024-05-10,CUST01003,Monitor,Displays,475.01,4,France,Credit Card,0
ORD001863,2024-07-03,CUST01001,Desk Lamp,Accessories,134.28,4,Canada,Unknown,0
ORD004265,2024-08-07,CUST01002,Laptop,Computers,1059.19,1,USA,Credit Card,15
ORD006075,2024-03-29,CUST01009,HDMI Cable,Cables,7.29,3,Germany,Bank Transfer,10
ORD002511,2024-09-09,CUST01017,Keyboard,Peripherals,129.22,2,UK,Unknown,0
ORD004225,2024-01-08,CUST01001,Webcam,Video,52.38,3,Netherlands,PayPal,10
ORD002339,2024-08-04,CUST01001,Keyboard,Peripherals,123.03,2,Netherlands,Unknown,0
ORD007239,2024-02-29,CUST01008,Monitor,Displays,524.01,3,UK,Debit Card,15
ORD000158,2024-03-09,CUST01002,Desk Lamp,Accessories,112.33,3,Canada,PayPal,5
ORD007535,2024-03-01,CUST01004,Headphones,Audio,-100.0,2,Poland,Credit Card,15
ORD002095,2024-10-16,CUST01002,Laptop,Computers,1030.47,1,Poland,PayPal,0
ORD003893,2024-11-29,CUST01004,Mouse,Peripherals,71.56,1,USA,Bank Transfer,15
ORD006739,2024-12-28,CUST01003,Phone Stand,Accessories,-7.82,2,Netherlands,PayPal,0
ORD005122,2024-07-06,CUST01003,Keyboard,Peripherals,161.28,4,UK,Debit Card,15
ORD001607,2024-12-28,CUST01004,USB Hub,Peripherals,-26.66,3,France,Unknown,0
ORD003321,2024-08-14,CUST01001,Laptop,Computers,1035.29,4,Canada,Credit Card,0
ORD004681,2024-05-14,CUST01056,Webcam,Video,106.46,4,Poland,Unknown,0
ORD002586,2024-10-10,CUST01001,Keyboard,Peripherals,130.65,4,Poland,Bank Transfer,15
ORD003521,2024-04-11,CUST01001,Headphones,Audio,158.16,2,Canada,PayPal,0
ORD006330,2024-04-14,CUST01001,Phone Stand,Accessories,19.16,2,UK,Debit Card,0
ORD002516,2024-04-11,CUST01001,Laptop,Computers,1065.01,2,Poland,Credit Card,15
ORD002797,2024-10-03,CUST01029,Keyboard,Peripherals,123.64,4,Netherlands,Debit Card,15
ORD003127,2024-09-28,CUST01003,Headphones,Audio,157.36,3,Poland,Bank Transfer,0
ORD002252,2024-08-07,CUST01005,Keyboard,Peripherals,0.0,4,UK,Debit Card,5
ORD006694,2024-04-20,CUST01001,Phone Stand,Accessories,-15.25,2,UK,Debit Card,0
ORD007890,2024-11-18,CUST01277,Laptop,Computers,1017.21,3,Canada,Unknown,10
ORD002674,2024-05-18,CUST01002,Laptop,Computers,1051.5,4,France,Bank Transfer,0
ORD006339,2024-08-05,CUST01001,Phone Stand,Accessories,3.32,4,France,Unknown,0
ORD000534,2024-09-02,CUST01004,Headphones,Audio,149.15,4,France,Bank Transfer,10
ORD001384,2024-07-08,CUST01007,Monitor,Displays,494.75,3,UK,PayPal,10
ORD001262,2024-11-09,CUST01106,HDMI Cable,Cables,27.11,1,UK,Unknown,0
ORD007438,2024-04-03,CUST01001,USB Hub,Peripherals,57.9,3,UK,PayPal,0
ORD005912,2024-12-18,CUST01001,Mouse,Peripherals,56.71,1,France,Bank Transfer,0
ORD006611,2024-02-11,CUST01011,HDMI Cable,Cables,0.0,1,Poland,Bank Transfer,0
ORD002933,2024-04-18,CUST01016,Keyboard,Peripherals,169.26,2,Germany,Bank Transfer,0
ORD003716,2024-12-04,CUST01003,Headphones,Audio,155.74,2,Netherlands,Bank Transfer,15
ORD003746,2024-03-10,CUST01001,Headphones,Audio,148.02,3,USA,Debit Card,0
ORD005404,2024-01-19,CUST01001,Mouse,Peripherals,74.31,2,USA,Unknown,0
ORD004568,2024-03-17,CUST01002,Phone Stand,Accessories,60.09,3,Canada,Credit Card,0
ORD003129,2024-07-09,CUST01125,Keyboard,Peripherals,76.14,3,UK,Unknown,15
ORD002699,2024-01-07,CUST01001,Monitor,Displays,529.05,1,France,Credit Card,0
ORD004839,2024-10-05,CUST01003,Headphones,Audio,139.62,1,Netherlands,PayPal,15
ORD005310,2024-07-30,CUST01001,Desk Lamp,Accessories,126.39,4,France,Debit Card,15
ORD003461,2024-01-07,CUST01155,Laptop,Computers,1063.08,2,Canada,Unknown,0
ORD003876,2024-12-07,CUST01006,HDMI Cable,Cables,31.59,4,Canada,Credit Card,0
ORD002373,2024-11-30,CUST01924,Webcam,Video,42.94,3,USA,Unknown,5
ORD002572,2024-11-20,CUST01003,HDMI Cable,Cables,15.63,4,France,Credit Card,0
ORD000880,2024-03-29,CUST01009,Laptop,Computers,1085.78,1,France,Bank Transfer,10
ORD002604,2024-09-27,CUST01010,HDMI Cable,Cables,19.87,1,Germany,PayPal,0
ORD000829,2024-07-30,CUST01003,Mouse,Peripherals,42.0,2,Poland,Credit Card,0
ORD001062,2024-03-26,CUST01001,Webcam,Video,112.45,4,UK,Bank Transfer,0
ORD005993,2024-11-14,CUST01003,Headphones,Audio,138.54,3,Poland,Credit Card,0
ORD003122,2024-10-27,CUST01029,Headphones,Audio,151.17,1,France,PayPal,15
ORD004170,2024-04-21,CUST01047,Webcam,Video,98.96,3,France,PayPal,15
ORD004732,2024-02-10,CUST01003,Phone Stand,Accessories,-3.05,4,Poland,Unknown,0
ORD000743,2024-08-17,CUST01004,USB Hub,Peripherals,99999.0,1,Poland,Credit Card,0
ORD006441,2024-11-03,CUST01008,Monitor,Displays,444.3,4,USA,Bank Transfer,0
ORD001303,2024-07-18,CUST01001,USB Hub,Peripherals,7.28,1,Poland,Bank Transfer,0
ORD003974,2024-03-23,CUST01003,USB Hub,Peripherals,28.39,1,USA,Unknown,0
ORD007342,2024-01-16,CUST01003,Webcam,Video,45.07,2,Poland,PayPal,0
ORD003140,2024-06-14,CUST01134,Mouse,Peripherals,27.0,2,Poland,Debit Card,0
ORD004274,2024-01-22,CUST01008,Webcam,Video,47.91,1,France,Credit Card,15
ORD001502,2024-09-19,CUST01009,Laptop,Computers,1106.02,1,Poland,Debit Card,0
ORD004376,2024-07-22,CUST01322,Headphones,Audio,156.93,4,Poland,Bank Transfer,0
ORD007965,2024-07-07,CUST01001,Keyboard,Peripherals,157.73,1,Netherlands,Credit Card,5
ORD000764,2024-05-25,CUST01001,Keyboard,Peripherals,121.89,2,Netherlands,Unknown,0
ORD005523,2024-09-09,CUST01049,Monitor,Displays,462.39,4,UK,PayPal,10
ORD007563,2024-02-24,CUST01001,Headphones,Audio,145.73,3,Canada,Credit Card,15
ORD001818,2024-12-19,CUST01080,Desk Lamp,Accessories,113.61,2,France,Debit Card,15
ORD000697,2024-04-27,CUST01003,Monitor,Displays,440.41,2,France,Bank Transfer,0
ORD007333,2024-09-10,CUST01001,HDMI Cable,Cables,50.02,4,Germany,Debit Card,5
ORD007667,2024-09-30,CUST01004,Desk Lamp,Accessories,97.49,4,UK,Unknown,10
ORD001759,2024-05-17,CUST01001,USB Hub,Peripherals,-4.26,3,Canada,PayPal,0
ORD007058,2024-06-30,CUST01004,Keyboard,Peripherals,171.89,3,France,Debit Card,0
ORD001510,2024-12-04,CUST01001,Phone Stand,Accessories,-5.81,3,Netherlands,Credit Card,0
ORD005578,2024-06-20,CUST01001,Monitor,Displays,530.61,2,USA,Unknown,0
ORD005308,2024-12-15,CUST01003,Webcam,Video,100.12,2,UK,Bank Transfer,15
ORD004996,2024-02-02,CUST01002,Mouse,Peripherals,62.06,3,Germany,PayPal,0
ORD001406,2024-12-07,CUST01001,Mouse,Peripherals,79.41,3,Germany,Unknown,15
ORD006624,2024-07-10,CUST01001,Headphones,Audio,87.39,2,France,Credit Card,15
ORD002482,2024-03-15,CUST01012,Laptop,Computers,1067.42,3,USA,Credit Card,15
ORD002064,2024-11-16,CUST01003,Phone Stand,Accessories,75.63,4,Netherlands,Unknown,0
ORD002338,2024-05-12,CUST01004,Phone Stand,Accessories,45.18,2,USA,Debit Card,5
ORD004765,2024-05-03,CUST01001,Phone Stand,Accessories,-18.06,1,Poland,Debit Card,0
ORD002927,2024-10-11,CUST01024,Headphones,Audio,135.38,1,USA,PayPal,0
ORD005514,2024-06-16,CUST01095,Mouse,Peripherals,28.97,3,USA,Unknown,5
ORD000983,2024-04-09,CUST01002,Desk Lamp,Accessories,88.13,2,UK,PayPal,10
ORD006177,2024-10-14,CUST01772,Headphones,Audio,118.13,2,Canada,PayPal,5
ORD003247,2024-09-09,CUST01014,Keyboard,Peripherals,97.65,4,Germany,Credit Card,10
ORD001534,2024-04-03,CUST01002,Desk Lamp,Accessories,135.63,4,USA,Bank Transfer,10
ORD003816,2024-01-31,CUST01003,Phone Stand,Accessories,0.44,4,France,Credit Card,15
ORD003663,2024-09-21,CUST01005,Desk Lamp,Accessories,84.82,3,France,Bank Transfer,0
ORD001512,2024-12-07,CUST01002,Phone Stand,Accessories,-3.36,4,Canada,Debit Card,0
ORD005210,2024-01-22,CUST01001,Keyboard,Peripherals,138.93,4,Germany,Unknown,0
ORD007793,2024-12-26,CUST01003,Headphones,Audio,137.21,4,France,Credit Card,15
ORD000497,2024-11-28,CUST01003,HDMI Cable,Cables,33.09,3,USA,Credit Card,10
ORD006913,2024-03-17,CUST01002,Mouse,Peripherals,42.01,2,Poland,Debit Card,0
ORD006947,2024-07-16,CUST01001,Laptop,Computers,1048.35,1,Germany,Debit Card,0
ORD004675,2024-10-10,CUST01010,Laptop,Computers,1075.93,3,Germany,Debit Card,15
ORD001794,2024-04-18,CUST01078,Laptop,Computers,1103.23,1,Poland,Credit Card,15
ORD006489,2024-03-21,CUST01002,Phone Stand,Accessories,34.74,1,USA,Credit Card,0
ORD006873,2024-04-27,CUST01004,HDMI Cable,Cables,27.54,2,Netherlands,Bank Transfer,0
ORD006824,2024-12-01,CUST01244,Headphones,Audio,84.82,2,Germany,Unknown,0
ORD002834,2024-12-13,CUST01001,HDMI Cable,Cables,6.1,2,Poland,Unknown,0
ORD003205,2024-03-24,CUST01001,Keyboard,Peripherals,138.51,2,Poland,Unknown,0
ORD004754,2024-03-31,CUST01038,Keyboard,Peripherals,82.89,1,France,Bank Transfer,5
ORD000484,2024-03-09,CUST01001,USB Hub,Peripherals,28.48,4,Germany,Bank Transfer,15
ORD004230,2024-04-30,CUST01001,Webcam,Video,29.84,2,France,PayPal,10
ORD007706,2024-12-14,CUST01045,Headphones,Audio,178.33,3,UK,Bank Transfer,15
ORD000744,2024-05-02,CUST01001,HDMI Cable,Cables,-24.1,4,USA,PayPal,0
ORD001560,2024-06-13,CUST01001,USB Hub,Peripherals,54.59,3,Germany,Unknown,0
ORD006555,2024-02-26,CUST01002,Mouse,Peripherals,19.61,3,France,Unknown,15
ORD006431,2024-04-08,CUST01011,Desk Lamp,Accessories,109.9,3,France,Credit Card,15
ORD006655,2024-11-22,CUST01001,Webcam,Video,29.76,3,UK,Bank Transfer,0
ORD003756,2024-04-19,CUST01001,Monitor,Displays,499.13,1,USA,Bank Transfer,5
ORD000394,2024-10-28,CUST01002,Mouse,Peripherals,80.25,1,USA,Unknown,0
ORD005068,2024-03-27,CUST01001,Laptop,Computers,1053.26,3,Germany,Bank Transfer,0
ORD000231,2024-12-09,CUST01072,Webcam,Video,72.8,4,USA,Credit Card,0
ORD006222,2024-11-28,CUST01001,Monitor,Displays,510.08,2,Netherlands,Credit Card,5
ORD002826,2024-12-01,CUST01148,Phone Stand,Accessories,69.67,1,Poland,Debit Card,0
ORD007494,2024-02-17,CUST01022,Mouse,Peripherals,43.62,2,Poland,PayPal,15
ORD006479,2024-06-03,CUST01005,Headphones,Audio,176.5,1,UK,Debit Card,15
ORD002030,2024-04-01,CUST01001,Headphones,Audio,89.87,3,Poland,Unknown,5
ORD006708,2024-06-08,CUST01006,Laptop,Computers,1104.59,1,Canada,Bank Transfer,0
ORD000034,2024-11-27,CUST01001,HDMI Cable,Cables,-27.41,2,USA,Credit Card,10
ORD001316,2024-05-02,CUST01004,Webcam,Video,31.92,4,USA,Debit Card,0
ORD006467,2024-07-07,CUST01008,Phone Stand,Accessories,15.2,2,Poland,PayPal,0
ORD005843,2024-11-06,CUST01001,Phone Stand,Accessories,18.5,3,UK,Bank Transfer,15
ORD002463,2024-11-27,CUST01002,Headphones,Audio,132.16,4,Netherlands,PayPal,0
ORD005784,2024-11-30,CUST01001,HDMI Cable,Cables,22.79,2,USA,Debit Card,0
ORD001054,2024-06-01,CUST01007,Headphones,Audio,139.84,4,USA,PayPal,0
ORD006584,2024-11-07,CUST01002,Laptop,Computers,1052.35,2,Poland,Credit Card,10
ORD000749,2024-11-22,CUST01003,Headphones,Audio,171.93,3,Germany,Unknown,0
ORD004662,2024-11-16,CUST01001,USB Hub,Peripherals,56.96,1,USA,Credit Card,0
ORD001058,2024-02-10,CUST01001,HDMI Cable,Cables,-10.14,3,UK,Unknown,0
ORD000587,2024-08-31,CUST01007,Desk Lamp,Accessories,54.17,3,Canada,Bank Transfer,0
ORD000062,2024-03-13,CUST01022,Laptop,Computers,1054.63,3,Germany,Unknown,0
ORD003134,2024-07-15,CUST01001,Webcam,Video,67.72,4,USA,Bank Transfer,15
ORD001260,2024-04-16,CUST01019,HDMI Cable,Cables,-2.58,4,USA,Bank Transfer,0
ORD007564,2024-09-29,CUST01355,Monitor,Displays,445.44,1,USA,PayPal,0
ORD000488,2024-01-29,CUST01001,Desk Lamp,Accessories,62.83,1,Germany,Unknown,5
ORD006007,2024-02-18,CUST01002,Monitor,Displays,477.08,2,Netherlands,Unknown,0
ORD000333,2024-03-04,CUST01001,USB Hub,Peripherals,56.14,2,Poland,Unknown,10
ORD006088,2024-11-07,CUST01001,Keyboard,Peripherals,106.7,1,Netherlands,PayPal,15
ORD007649,2024-06-23,CUST01383,Monitor,Displays,503.86,4,Germany,Credit Card,0
ORD005945,2024-01-17,CUST01071,Webcam,Video,41.69,3,USA,Credit Card,0
ORD005341,2024-09-24,CUST01001,Webcam,Video,48.44,3,USA,Unknown,10
ORD006411,2024-12-26,CUST01003,Keyboard,Peripherals,113.99,3,USA,Unknown,10
ORD002670,2024-07-07,CUST01001,HDMI Cable,Cables,12.15,1,UK,Debit Card,10
ORD002612,2024-11-21,CUST01036,Keyboard,Peripherals,137.91,2,France,Bank Transfer,10
ORD001635,2024-02-02,CUST01010,Headphones,Audio,111.61,4,Poland,Credit Card,5
ORD000801,2024-12-25,CUST01009,Mouse,Peripherals,8.69,1,Canada,Credit Card,10
ORD004988,2024-04-29,CUST01002,Mouse,Peripherals,90.83,2,Netherlands,PayPal,0
ORD007019,2024-05-19,CUST01001,HDMI Cable,Cables,-3.24,1,UK,Unknown,5
ORD007830,2024-11-13,CUST01004,Headphones,Audio,167.41,3,Germany,Credit Card,0
ORD000738,2024-07-17,CUST01001,Phone Stand,Accessories,65.68,4,Poland,PayPal,0
ORD000541,2024-07-08,CUST01008,USB Hub,Peripherals,69.33,1,France,Unknown,15
ORD003590,2024-08-29,CUST01001,Desk Lamp,Accessories,136.05,1,USA,Bank Transfer,0
ORD002988,2024-04-23,CUST01001,HDMI Cable,Cables,16.22,2,USA,Bank Transfer,0
ORD003333,2024-08-18,CUST01002,Headphones,Audio,105.32,1,France,Credit Card,10
ORD005071,2024-01-28,CUST01121,HDMI Cable,Cables,54.18,3,USA,Bank Transfer,5
ORD004809,2024-11-20,CUST01002,Monitor,Displays,438.51,2,Germany,Debit Card,0
ORD002489,2024-12-23,CUST01002,Keyboard,Peripherals,128.53,2,France,PayPal,0
ORD005201,2024-12-11,CUST01002,USB Hub,Peripherals,-16.02,1,USA,PayPal,10
ORD007602,2024-03-06,CUST01002,Keyboard,Peripherals,162.27,1,Canada,PayPal,5
ORD006160,2024-02-21,CUST01001,Laptop,Computers,1071.19,2,Germany,PayPal,0
ORD002911,2024-04-28,CUST01869,Monitor,Displays,485.26,4,Germany,Unknown,10
ORD001019,2024-04-26,CUST01002,Monitor,Displays,514.77,2,Poland,Credit Card,0
ORD003820,2024-03-21,CUST01001,Phone Stand,Accessories,58.37,1,UK,Debit Card,0
ORD004610,2024-11-09,CUST01018,Laptop,Computers,99999.0,4,Netherlands,PayPal,10
ORD001245,2024-09-07,CUST01001,USB Hub,Peripherals,53.94,1,UK,Bank Transfer,10
ORD006439,2024-01-24,CUST01192,Webcam,Video,106.74,4,France,Credit Card,0
ORD000859,2024-11-10,CUST01017,Mouse,Peripherals,57.58,4,France,Credit Card,0
ORD005379,2024-07-27,CUST01001,Headphones,Audio,130.08,3,Canada,Debit Card,0
ORD004585,2024-06-05,CUST01001,Phone Stand,Accessories,17.25,4,Germany,Debit Card,0
ORD001204,2024-10-17,CUST01093,Mouse,Peripherals,80.94,4,UK,Bank Transfer,0
ORD001551,2024-05-08,CUST01106,Desk Lamp,Accessories,120.34,3,Canada,Bank Transfer,0
ORD005459,2024-11-04,CUST01005,Phone Stand,Accessories,19.46,1,Canada,Unknown,15
ORD004968,2024-03-16,CUST01001,Headphones,Audio,131.07,2,Germany,Unknown,0
ORD003108,2024-01-06,CUST01050,Phone Stand,Accessories,-14.69,1,UK,Bank Transfer,10
ORD000684,2024-03-29,CUST01003,Monitor,Displays,464.95,3,UK,PayPal,5
ORD001906,2024-09-20,CUST01022,Webcam,Video,105.44,3,UK,Unknown,10
ORD003887,2024-02-23,CUST01009,Mouse,Peripherals,42.19,1,Canada,Credit Card,0
ORD000080,2024-06-21,CUST01002,Phone Stand,Accessories,22.95,1,Germany,Debit Card,0
ORD002209,2024-11-14,CUST01009,Keyboard,Peripherals,90.54,3,Canada,Unknown,0
ORD006941,2024-10-01,CUST01004,Laptop,Computers,1105.65,2,Canada,PayPal,5
ORD003464,2024-09-12,CUST01004,Headphones,Audio,143.35,3,France,Bank Transfer,5
ORD005832,2024-02-22,CUST01001,USB Hub,Peripherals,60.98,3,Netherlands,Unknown,0
ORD001555,2024-10-27,CUST01001,Desk Lamp,Accessories,47.64,3,France,Credit Card,0
ORD004864,2024-03-27,CUST01005,Headphones,Audio,144.08,4,Germany,Debit Card,0
ORD006148,2024-09-21,CUST01001,HDMI Cable,Cables,-28.34,4,USA,Credit Card,10
ORD003821,2024-05-19,CUST01004,Desk Lamp,Accessories,41.8,2,Germany,Unknown,0
ORD003908,2024-05-06,CUST01005,Laptop,Computers,1065.27,2,Germany,Credit Card,0
ORD006815,2024-03-19,CUST01002,Keyboard,Peripherals,135.93,1,Canada,Bank Transfer,5
ORD001923,2024-07-23,CUST01001,Webcam,Video,115.7,4,Netherlands,Bank Transfer,5
ORD001264,2024-01-15,CUST01010,Mouse,Peripherals,16.56,4,Canada,Bank Transfer,0
ORD002267,2024-09-28,CUST01001,Keyboard,Peripherals,0.0,4,USA,PayPal,0
ORD004353,2024-10-05,CUST01001,Keyboard,Peripherals,152.71,3,Poland,Unknown,0
ORD003878,2024-08-19,CUST01137,Phone Stand,Accessories,-16.03,1,UK,PayPal,15
ORD003626,2024-06-26,CUST01002,Headphones,Audio,123.02,4,Canada,Bank Transfer,15
ORD005161,2024-06-04,CUST01008,Headphones,Audio,170.06,3,USA,Debit Card,0
ORD003732,2024-10-25,CUST01001,HDMI Cable,Cables,55.21,2,USA,PayPal,15
ORD001375,2024-08-27,CUST01615,USB Hub,Peripherals,9.36,3,Germany,Debit Card,15
ORD004005,2024-08-22,CUST01005,Headphones,Audio,139.04,2,Germany,Bank Transfer,5
ORD000928,2024-11-29,CUST01002,Headphones,Audio,120.42,1,USA,Credit Card,10
ORD002964,2024-09-25,CUST01001,USB Hub,Peripherals,36.45,1,France,Bank Transfer,5
ORD000150,2024-09-22,CUST01108,Headphones,Audio,179.63,4,Germany,PayPal,5
ORD001704,2024-06-16,CUST01001,Webcam,Video,25.34,4,France,Unknown,0
ORD007813,2024-05-30,CUST01172,Phone Stand,Accessories,45.1,3,Germany,Unknown,0
ORD002524,2024-01-06,CUST01001,Phone Stand,Accessories,6.21,3,Poland,Bank Transfer,5
ORD000170,2024-02-20,CUST01001,Keyboard,Peripherals,144.13,4,Netherlands,PayPal,15
ORD003689,2024-12-06,CUST01001,HDMI Cable,Cables,2.33,1,Netherlands,Credit Card,0
ORD005484,2024-04-10,CUST01001,Webcam,Video,37.64,4,Poland,Credit Card,15
ORD005293,2024-10-05,CUST01019,Phone Stand,Accessories,-13.85,2,France,PayPal,0
ORD007934,2024-02-29,CUST01001,Webcam,Video,76.37,3,USA,Debit Card,5
ORD004418,2024-02-05,CUST01001,HDMI Cable,Cables,62.76,4,USA,PayPal,15
ORD003533,2024-02-23,CUST01001,Monitor,Displays,470.55,2,Netherlands,Credit Card,0
ORD001480,2024-06-12,CUST01100,Monitor,Displays,504.16,1,Germany,PayPal,0
ORD006465,2024-09-17,CUST01002,Desk Lamp,Accessories,92.08,4,France,PayPal,0
ORD007181,2024-07-23,CUST01065,Desk Lamp,Accessories,56.44,3,Poland,Debit Card,15
ORD000998,2024-11-05,CUST01005,Keyboard,Peripherals,112.43,4,Germany,Bank Transfer,15
ORD001347,2024-11-24,CUST01003,Webcam,Video,73.6,3,USA,PayPal,10
ORD001124,2024-03-21,CUST01106,Phone Stand,Accessories,68.66,4,Netherlands,Unknown,15
ORD005368,2024-05-04,CUST01005,HDMI Cable,Cables,18.96,2,USA,Bank Transfer,0
ORD004998,2024-11-05,CUST01001,Phone Stand,Accessories,76.01,1,Poland,Credit Card,0
ORD004723,2024-09-21,CUST01047,USB Hub,Peripherals,62.33,1,UK,PayPal,0
ORD000510,2024-02-24,CUST01001,Keyboard,Peripherals,150.57,3,UK,PayPal,5
ORD003923,2024-08-15,CUST01003,Mouse,Peripherals,15.41,1,Poland,Debit Card,10
ORD005775,2024-01-07,CUST01001,Phone Stand,Accessories,27.17,2,Canada,Bank Transfer,15
ORD000958,2024-04-18,CUST01010,USB Hub,Peripherals,31.96,2,Germany,Bank Transfer,0
ORD001731,2024-10-29,CUST01001,HDMI Cable,Cables,-4.67,1,Canada,Unknown,0
ORD001331,2024-04-04,CUST01001,Mouse,Peripherals,38.82,1,Germany,Unknown,0
ORD004701,2024-06-01,CUST01001,Webcam,Video,58.74,1,UK,Bank Transfer,15
ORD006806,2024-02-17,CUST01002,HDMI Cable,Cables,-24.98,3,Canada,PayPal,0
ORD007270,2024-08-09,CUST01052,Desk Lamp,Accessories,79.67,4,UK,Credit Card,15
ORD005825,2024-10-17,CUST01004,Headphones,Audio,124.85,1,France,Credit Card,0
ORD004920,2024-12-01,CUST01002,Mouse,Peripherals,40.35,1,UK,Unknown,10
ORD007121,2024-04-13,CUST01039,Phone Stand,Accessories,7.09,1,France,Credit Card,15
ORD007284,2024-06-28,CUST01005,Headphones,Audio,180.01,4,UK,PayPal,0
ORD007459,2024-08-12,CUST01081,Mouse,Peripherals,35.79,3,Poland,Debit Card,0
ORD001840,2024-08-23,CUST01001,Phone Stand,Accessories,1.56,3,UK,Debit Card,0
ORD004691,2024-04-01,CUST01001,HDMI Cable,Cables,-22.65,1,Poland,Debit Card,15
ORD007946,2024-07-12,CUST01001,Phone Stand,Accessories,31.65,1,UK,Credit Card,15
ORD002543,2024-10-22,CUST01001,Headphones,Audio,141.87,2,Netherlands,PayPal,10
ORD001056,2024-09-26,CUST01002,Monitor,Displays,505.37,1,Germany,Unknown,0
ORD000545,2024-11-15,CUST01009,Desk Lamp,Accessories,122.19,1,Canada,PayPal,0
ORD003940,2024-03-26,CUST01001,Webcam,Video,116.44,3,Germany,PayPal,5
ORD000909,2024-10-05,CUST01480,Webcam,Video,60.75,1,Germany,Credit Card,0
ORD005040,2024-07-08,CUST01003,HDMI Cable,Cables,57.49,2,Netherlands,Credit Card,10
ORD006719,2024-12-16,CUST01006,Desk Lamp,Accessories,47.4,4,Netherlands,Debit Card,10
ORD003027,2024-06-06,CUST01002,Monitor,Displays,99999.0,3,Germany,Credit Card,10
ORD004686,2024-11-17,CUST01003,Headphones,Audio,144.76,4,Canada,Unknown,0
ORD005941,2024-02-23,CUST01001,Phone Stand,Accessories,41.55,3,Canada,Debit Card,15
ORD006320,2024-01-20,CUST01009,Mouse,Peripherals,105.61,3,Germany,Debit Card,0
ORD001570,2024-07-18,CUST01033,Desk Lamp,Accessories,128.05,3,France,Bank Transfer,15
ORD007628,2024-08-15,CUST01001,USB Hub,Peripherals,40.74,3,UK,Credit Card,0
ORD005785,2024-07-02,CUST01027,Mouse,Peripherals,99999.0,4,Canada,Unknown,5
ORD001026,2024-09-11,CUST01001,HDMI Cable,Cables,-29.04,1,Canada,Bank Transfer,0
ORD006499,2024-11-07,CUST01010,Laptop,Computers,1071.7,2,Netherlands,PayPal,0
ORD007549,2024-07-11,CUST01005,HDMI Cable,Cables,-20.31,3,UK,PayPal,5
ORD005925,2024-05-22,CUST01001,Mouse,Peripherals,91.01,4,Canada,Unknown,0
ORD004777,2024-11-15,CUST01001,Mouse,Peripherals,71.18,4,France,Credit Card,5
ORD004014,2024-10-28,CUST01668,Laptop,Computers,1050.49,2,Netherlands,Unknown,10
ORD004422,2024-07-18,CUST01001,Monitor,Displays,441.38,2,Netherlands,Debit Card,0
ORD000409,2024-09-02,CUST01001,Webcam,Video,97.35,1,Poland,Credit Card,15
ORD004858,2024-02-24,CUST01758,Webcam,Video,80.59,4,Canada,Debit Card,0
ORD004768,2024-04-22,CUST01001,HDMI Cable,Cables,44.36,3,Poland,Credit Card,0
ORD001766,2024-04-25,CUST01001,Laptop,Computers,1108.42,4,Canada,Debit Card,0
ORD005358,2024-05-15,CUST01016,Webcam,Video,42.88,4,Germany,Debit Card,0
ORD001769,2024-04-02,CUST01003,USB Hub,Peripherals,27.06,1,Canada,PayPal,0
ORD007146,2024-10-27,CUST01001,Mouse,Peripherals,79.97,3,UK,PayPal,0
ORD001184,2024-08-14,CUST01002,Mouse,Peripherals,68.31,3,UK,PayPal,0
ORD007486,2024-01-29,CUST01003,Keyboard,Peripherals,168.76,4,Canada,PayPal,0
ORD006065,2024-04-22,CUST01001,Webcam,Video,96.98,4,Canada,Debit Card,10
ORD005426,2024-09-26,CUST01153,Laptop,Computers,1103.5,2,Germany,Unknown,0
ORD002474,2024-02-24,CUST01002,Desk Lamp,Accessories,44.73,2,Germany,Unknown,0
ORD005754,2024-03-04,CUST01045,USB Hub,Peripherals,39.6,4,France,PayPal,0
ORD004111,2024-04-17,CUST01013,Phone Stand,Accessories,58.15,4,Canada,Credit Card,15
ORD002795,2024-07-09,CUST01001,Laptop,Computers,1072.47,3,Canada,PayPal,0
ORD000577,2024-01-28,CUST01001,Headphones,Audio,166.14,4,France,Bank Transfer,15
ORD003559,2024-10-10,CUST01003,Keyboard,Peripherals,128.01,2,UK,Unknown,10
ORD004902,2024-07-21,CUST01003,Monitor,Displays,452.11,2,Netherlands,Unknown,10
ORD004304,2024-11-15,CUST01007,Monitor,Displays,439.74,1,Poland,Debit Card,0
ORD004336,2024-05-08,CUST01593,Monitor,Displays,515.44,1,UK,Bank Transfer,10
ORD002761,2024-01-28,CUST01016,Headphones,Audio,84.67,2,Netherlands,Unknown,0
ORD005061,2024-07-20,CUST01002,USB Hub,Peripherals,-13.26,3,Netherlands,Debit Card,0
ORD000178,2024-07-21,CUST01020,Headphones,Audio,142.81,4,Germany,PayPal,5
ORD000995,2024-10-21,CUST01085,Laptop,Computers,1081.05,3,France,Unknown,0
ORD004623,2024-10-19,CUST01001,Phone Stand,Accessories,2.02,3,USA,Unknown,10
ORD005490,2024-08-18,CUST01001,Laptop,Computers,1065.38,1,Netherlands,Unknown,0
ORD005051,2024-12-06,CUST01002,Webcam,Video,76.26,2,Poland,PayPal,0
ORD004369,2024-02-23,CUST01047,Mouse,Peripherals,61.92,3,Poland,PayPal,5
ORD000329,2024-06-22,CUST01004,Phone Stand,Accessories,-20.18,2,UK,PayPal,5
ORD002025,2024-08-10,CUST01003,Phone Stand,Accessories,26.13,3,UK,Debit Card,15
ORD001651,2024-08-07,CUST01001,Headphones,Audio,114.92,1,USA,PayPal,15
ORD006454,2024-04-07,CUST01002,Monitor,Displays,462.94,1,Poland,Unknown,0
ORD006076,2024-06-16,CUST01003,HDMI Cable,Cables,-24.91,2,Germany,Unknown,0
ORD005284,2024-01-08,CUST01003,Mouse,Peripherals,25.03,2,France,Unknown,15
ORD004615,2024-12-10,CUST01001,Keyboard,Peripherals,158.47,4,Canada,PayPal,0
ORD006606,2024-09-22,CUST01022,Webcam,Video,43.07,4,Poland,Debit Card,5
ORD004374,2024-07-25,CUST01001,Webcam,Video,57.42,4,USA,PayPal,0
ORD001173,2024-08-18,CUST01001,Headphones,Audio,155.26,2,USA,Bank Transfer,0
ORD005890,2024-07-13,CUST01004,Headphones,Audio,95.86,3,Germany,Bank Transfer,0
ORD001045,2024-12-30,CUST01001,Headphones,Audio,117.17,1,France,Credit Card,15
ORD004936,2024-12-09,CUST01001,Headphones,Audio,158.18,1,Netherlands,Credit Card,0
ORD005501,2024-02-18,CUST01001,Desk Lamp,Accessories,77.01,2,Netherlands,PayPal,15
ORD002081,2024-10-10,CUST01011,Monitor,Displays,454.8,2,USA,Bank Transfer,10
ORD002517,2024-03-17,CUST01011,HDMI Cable,Cables,7.27,2,Canada,PayPal,0
ORD007260,2024-05-09,CUST01002,Keyboard,Peripherals,159.74,1,USA,Unknown,0
ORD003722,2024-12-19,CUST01001,Monitor,Displays,448.19,1,Germany,Credit Card,0
ORD001738,2024-04-04,CUST01001,Monitor,Displays,506.41,4,Germany,Unknown,15
ORD003359,2024-03-10,CUST01001,HDMI Cable,Cables,24.17,4,Netherlands,PayPal,0
ORD004708,2024-12-29,CUST01001,Keyboard,Peripherals,90.22,4,Poland,Credit Card,10
ORD000182,2024-11-23,CUST01361,HDMI Cable,Cables,52.75,1,UK,Unknown,5
ORD004310,2024-07-07,CUST01001,Phone Stand,Accessories,68.95,4,Netherlands,Credit Card,15
ORD000713,2024-01-25,CUST01001,Webcam,Video,65.6,2,Germany,Debit Card,0
ORD007462,2024-01-15,CUST01005,Keyboard,Peripherals,149.09,3,Netherlands,PayPal,15
ORD000933,2024-08-25,CUST01011,Phone Stand,Accessories,13.56,3,Netherlands,Bank Transfer,0
ORD001900,2024-02-24,CUST01001,HDMI Cable,Cables,34.08,2,France,Bank Transfer,15
ORD007227,2024-08-11,CUST01001,Desk Lamp,Accessories,91.77,4,USA,PayPal,0
ORD005541,2024-04-04,CUST01001,Webcam,Video,23.46,1,USA,PayPal,10
ORD006244,2024-01-07,CUST01184,HDMI Cable,Cables,-13.67,3,France,Credit Card,0
ORD001374,2024-04-04,CUST01003,Desk Lamp,Accessories,48.67,1,Netherlands,PayPal,5
ORD004160,2024-02-05,CUST01001,Phone Stand,Accessories,-1.69,2,Netherlands,PayPal,0
ORD004388,2024-01-29,CUST01001,Headphones,Audio,171.93,1,UK,Credit Card,0
ORD003419,2024-11-11,CUST01055,Webcam,Video,41.41,2,USA,PayPal,0
ORD007886,2024-11-05,CUST01005,Monitor,Displays,502.26,3,Germany,Debit Card,0
ORD000042,2024-10-09,CUST01001,USB Hub,Peripherals,-100.0,3,Netherlands,PayPal,5
ORD003410,2024-01-06,CUST01002,Keyboard,Peripherals,124.71,4,Netherlands,Credit Card,0
ORD002234,2024-12-29,CUST01005,Phone Stand,Accessories,-7.67,2,Netherlands,PayPal,10
ORD006974,2024-10-31,CUST01001,Monitor,Displays,506.04,3,Canada,Debit Card,10
ORD002089,2024-10-18,CUST01001,Desk Lamp,Accessories,84.56,3,Netherlands,Debit Card,0
ORD000218,2024-05-23,CUST01001,HDMI Cable,Cables,39.21,2,USA,PayPal,15
ORD000186,2024-05-07,CUST01004,USB Hub,Peripherals,22.65,4,France,Unknown,15
ORD006980,2024-01-12,CUST01009,Monitor,Displays,461.57,3,Poland,Bank Transfer,0
ORD002624,2024-03-01,CUST01002,USB Hub,Peripherals,38.53,1,UK,Credit Card,0
ORD003396,2024-10-21,CUST01001,Desk Lamp,Accessories,74.34,4,Poland,Debit Card,5
ORD000867,2024-09-18,CUST01001,Mouse,Peripherals,6.05,4,UK,Credit Card,10
ORD007307,2024-01-15,CUST01009,HDMI Cable,Cables,20.34,4,Canada,Debit Card,15
ORD007866,2024-07-17,CUST01001,Monitor,Displays,529.72,1,Netherlands,PayPal,0
ORD001430,2024-09-02,CUST01012,Desk Lamp,Accessories,72.6,2,Netherlands,Credit Card,10
ORD002821,2024-06-24,CUST01005,Phone Stand,Accessories,-15.7,2,Poland,Debit Card,0
ORD000088,2024-06-05,CUST01004,Webcam,Video,114.0,4,France,PayPal,5
ORD005387,2024-02-03,CUST01002,Laptop,Computers,1027.2,2,France,Debit Card,10
ORD006380,2024-07-25,CUST01001,Phone Stand,Accessories,25.97,4,Germany,Bank Transfer,0
ORD005791,2024-04-19,CUST01002,Laptop,Computers,1074.25,1,Canada,Bank Transfer,0
ORD007349,2024-03-12,CUST01002,Keyboard,Peripherals,85.64,2,UK,Debit Card,15
ORD001633,2024-07-09,CUST01001,Monitor,Displays,511.27,4,Netherlands,Credit Card,0
ORD007360,2024-11-24,CUST01001,Desk Lamp,Accessories,122.08,1,Netherlands,Bank Transfer,0
ORD003775,2024-10-19,CUST01002,HDMI Cable,Cables,39.31,1,France,Bank Transfer,10
ORD003269,2024-05-01,CUST01111,Monitor,Displays,534.83,2,UK,PayPal,10
ORD000677,2024-07-27,CUST01003,Webcam,Video,77.5,2,France,Unknown,5
ORD003341,2024-03-19,CUST01009,Headphones,Audio,126.95,4,Netherlands,Bank Transfer,10
ORD006064,2024-06-17,CUST01001,Phone Stand,Accessories,77.62,1,Germany,Debit Card,0
ORD002727,2024-12-27,CUST01013,USB Hub,Peripherals,-12.52,2,Germany,Debit Card,15
ORD001484,2024-01-27,CUST01001,Webcam,Video,25.26,1,USA,Credit Card,15
ORD001841,2024-04-14,CUST01005,Mouse,Peripherals,94.96,2,Netherlands,Credit Card,5
ORD002800,2024-09-19,CUST01008,HDMI Cable,Cables,21.74,1,USA,Bank Transfer,15
ORD006702,2024-03-25,CUST01001,HDMI Cable,Cables,43.14,4,Netherlands,PayPal,0
ORD003498,2024-06-18,CUST01005,Phone Stand,Accessories,24.91,1,Poland,Debit Card,10
ORD000544,2024-07-23,CUST01001,Monitor,Displays,492.2,2,Germany,Debit Card,15
ORD000812,2024-01-02,CUST01002,USB Hub,Peripherals,-7.01,2,Canada,Bank Transfer,0
ORD006450,2024-05-06,CUST01001,Phone Stand,Accessories,15.93,3,Germany,Bank Transfer,10
ORD000966,2024-04-05,CUST01001,Laptop,Computers,1077.85,2,UK,Unknown,0
ORD007815,2024-06-13,CUST01148,HDMI Cable,Cables,28.68,4,Poland,Credit Card,0
ORD007632,2024-05-01,CUST01023,Monitor,Displays,511.82,3,USA,Bank Transfer,5
ORD002472,2024-11-16,CUST01009,Keyboard,Peripherals,138.39,2,Germany,PayPal,0
ORD006905,2024-04-16,CUST01024,Mouse,Peripherals,102.8,4,Germany,Bank Transfer,0
ORD000795,2024-06-03,CUST01269,Phone Stand,Accessories,9.54,2,Poland,Unknown,0
ORD003961,2024-12-21,CUST01001,USB Hub,Peripherals,-2.66,2,Germany,Unknown,0
ORD000382,2024-05-30,CUST01001,HDMI Cable,Cables,-13.0,4,USA,Unknown,15
ORD000057,2024-02-21,CUST01458,Desk Lamp,Accessories,120.99,3,Netherlands,Debit Card,0
ORD000070,2024-02-12,CUST01001,Phone Stand,Accessories,66.22,3,Germany,Unknown,10
ORD003919,2024-09-08,CUST01002,Laptop,Computers,1093.2,2,Poland,Credit Card,0
ORD002400,2024-06-14,CUST01001,USB Hub,Peripherals,31.09,1,UK,Unknown,15
ORD004811,2024-04-13,CUST01008,USB Hub,Peripherals,17.18,3,Canada,PayPal,0
ORD001563,2024-09-25,CUST01001,Headphones,Audio,133.04,4,Poland,Debit Card,0
ORD000711,2024-12-08,CUST01009,USB Hub,Peripherals,31.57,4,Netherlands,PayPal,5
ORD007306,2024-12-27,CUST01246,Mouse,Peripherals,34.11,4,Netherlands,PayPal,15
ORD006744,2024-02-01,CUST01001,Keyboard,Peripherals,120.18,2,Germany,Credit Card,10
ORD002868,2024-03-15,CUST01001,Keyboard,Peripherals,99.94,3,UK,PayPal,0
ORD006053,2024-06-28,CUST01001,Headphones,Audio,91.49,3,Poland,Credit Card,0
ORD000446,2024-06-28,CUST01009,Headphones,Audio,97.76,3,Poland,Unknown,5
ORD004909,2024-10-04,CUST01008,HDMI Cable,Cables,0.0,2,USA,Bank Transfer,0
ORD006567,2024-12-01,CUST01005,Monitor,Displays,460.1,2,Germany,Debit Card,10
ORD003983,2024-10-01,CUST01002,Mouse,Peripherals,72.44,2,Canada,Unknown,10
ORD003204,2024-09-10,CUST01015,Monitor,Displays,493.43,1,UK,Credit Card,0
ORD006379,2024-04-12,CUST01280,Laptop,Computers,1019.4,1,Canada,Unknown,0
ORD003444,2024-05-16,CUST01001,HDMI Cable,Cables,20.96,1,Germany,Bank Transfer,0
ORD002822,2024-08-29,CUST01003,Mouse,Peripherals,8.01,2,UK,Credit Card,5
ORD003822,2024-10-22,CUST01012,Keyboard,Peripherals,114.54,2,Poland,Debit Card,0
ORD001545,2024-03-24,CUST01001,HDMI Cable,Cables,54.02,1,Canada,Debit Card,10
ORD007185,2024-10-23,CUST01001,HDMI Cable,Cables,11.81,4,UK,Unknown,0
ORD006293,2024-06-26,CUST01011,Phone Stand,Accessories,2.68,3,Canada,Bank Transfer,0
ORD005103,2024-08-07,CUST01001,Mouse,Peripherals,12.99,1,France,Debit Card,15
ORD006793,2024-03-21,CUST01001,Mouse,Peripherals,85.67,2,France,Debit Card,0
ORD007149,2024-04-24,CUST01001,Mouse,Peripherals,73.37,4,USA,Unknown,5
ORD003766,2024-12-06,CUST01001,Keyboard,Peripherals,95.23,3,Canada,Credit Card,0
ORD007963,2024-02-28,CUST01004,Webcam,Video,71.04,3,USA,Unknown,0
ORD003414,2024-01-15,CUST01002,Mouse,Peripherals,96.94,4,UK,Credit Card,10
ORD001075,2024-12-10,CUST01021,Webcam,Video,84.39,4,UK,Credit Card,0
ORD003530,2024-01-23,CUST01001,Keyboard,Peripherals,128.41,1,Canada,Credit Card,15
ORD007612,2024-07-25,CUST01003,Laptop,Computers,1088.37,4,Poland,PayPal,0
ORD002544,2024-12-11,CUST01001,HDMI Cable,Cables,64.99,2,Netherlands,Unknown,5
ORD000477,2024-01-17,CUST01001,HDMI Cable,Cables,14.97,2,France,Unknown,0
ORD006047,2024-06-21,CUST01008,Webcam,Video,51.7,1,UK,PayPal,10
ORD005200,2024-03-06,CUST01020,HDMI Cable,Cables,-7.58,1,Poland,PayPal,15
ORD007053,2024-09-04,CUST01001,Desk Lamp,Accessories,72.81,3,Germany,Credit Card,15
ORD000469,2024-12-19,CUST01002,Headphones,Audio,119.27,3,Germany,Credit Card,0
ORD007888,2024-06-28,CUST01006,Desk Lamp,Accessories,80.24,1,USA,Debit Card,15
ORD007448,2024-05-27,CUST01004,Monitor,Displays,532.34,2,France,PayPal,15
ORD002945,2024-12-02,CUST01002,Phone Stand,Accessories,11.91,3,Germany,Credit Card,0
ORD003258,2024-07-23,CUST01003,Mouse,Peripherals,24.1,4,Poland,PayPal,15
ORD005130,2024-12-06,CUST01002,Webcam,Video,86.01,2,USA,Bank Transfer,15
ORD007718,2024-06-03,CUST01001,Mouse,Peripherals,95.0,1,Poland,Credit Card,15
ORD006073,2024-05-17,CUST01003,Headphones,Audio,144.13,2,France,Bank Transfer,10
ORD001010,2024-01-13,CUST01001,Keyboard,Peripherals,99.14,2,Poland,Bank Transfer,10
ORD005876,2024-06-26,CUST01002,Keyboard,Peripherals,135.64,1,Canada,PayPal,0
ORD005790,2024-02-29,CUST01001,Desk Lamp,Accessories,97.72,4,USA,PayPal,15
ORD003782,2024-01-25,CUST01002,Laptop,Computers,1108.76,1,Poland,Debit Card,5
ORD006836,2024-03-11,CUST01285,Mouse,Peripherals,90.96,2,France,Debit Card,15
ORD004631,2024-12-11,CUST01001,Desk Lamp,Accessories,94.46,3,Germany,Unknown,15
ORD000081,2024-02-13,CUST01094,Monitor,Displays,480.11,4,UK,Unknown,0
ORD002454,2024-07-26,CUST01002,HDMI Cable,Cables,29.68,3,Germany,Bank Transfer,0
ORD000642,2024-07-15,CUST01008,Laptop,Computers,1068.23,2,France,Debit Card,0
ORD003952,2024-05-23,CUST01041,Headphones,Audio,169.16,1,Poland,Credit Card,5
ORD006022,2024-05-09,CUST01003,Mouse,Peripherals,88.03,1,France,PayPal,0
ORD007715,2024-11-25,CUST01020,Webcam,Video,35.7,3,Poland,PayPal,0
ORD003066,2024-11-12,CUST01001,Monitor,Displays,476.86,1,Germany,Bank Transfer,0
ORD005352,2024-03-23,CUST01003,Keyboard,Peripherals,162.35,3,USA,Credit Card,0
ORD001808,2024-10-07,CUST01002,Desk Lamp,Accessories,106.42,2,France,Unknown,5
ORD005931,2024-05-30,CUST01005,HDMI Cable,Cables,-12.45,2,Germany,Bank Transfer,10
ORD001421,2024-06-14,CUST01002,Headphones,Audio,86.54,4,Canada,PayPal,0
ORD004513,2024-11-21,CUST01001,HDMI Cable,Cables,56.08,2,Netherlands,Debit Card,10
ORD005928,2024-03-18,CUST01001,Phone Stand,Accessories,22.27,2,USA,Debit Card,5
ORD003928,2024-02-28,CUST01005,USB Hub,Peripherals,57.52,2,France,Bank Transfer,0
ORD003613,2024-03-20,CUST01001,Headphones,Audio,166.36,1,Canada,Bank Transfer,0
ORD003007,2024-09-24,CUST01006,Monitor,Displays,524.72,4,Netherlands,Credit Card,0
ORD002590,2024-02-18,CUST01001,USB Hub,Peripherals,69.7,2,France,Debit Card,0
ORD006677,2024-05-16,CUST01002,USB Hub,Peripherals,-25.52,2,France,Debit Card,0
ORD000119,2024-01-03,CUST01027,Mouse,Peripherals,92.28,2,Canada,Unknown,0
ORD001732,2024-09-24,CUST01003,HDMI Cable,Cables,50.1,3,Canada,Credit Card,5
ORD001079,2024-12-27,CUST01002,HDMI Cable,Cables,39.4,2,Netherlands,PayPal,0
ORD004020,2024-05-11,CUST01001,HDMI Cable,Cables,39.4,4,Germany,Unknown,15
ORD003054,2024-08-15,CUST01094,Webcam,Video,104.79,3,Canada,Unknown,0
ORD002408,2024-01-15,CUST01028,Keyboard,Peripherals,106.82,1,Netherlands,Credit Card,10
ORD007097,2024-01-11,CUST01027,HDMI Cable,Cables,33.98,2,UK,Bank Transfer,0
ORD004950,2024-09-30,CUST01001,USB Hub,Peripherals,52.55,2,Canada,Debit Card,0
ORD004048,2024-01-15,CUST01001,Mouse,Peripherals,97.05,3,Poland,Debit Card,0
ORD001865,2024-09-24,CUST01003,HDMI Cable,Cables,59.62,1,Germany,Debit Card,0
ORD002226,2024-08-04,CUST01002,Desk Lamp,Accessories,49.58,4,USA,Debit Card,15
ORD002603,2024-03-31,CUST01001,Desk Lamp,Accessories,69.78,2,UK,Credit Card,0
ORD005685,2024-10-02,CUST01001,Desk Lamp,Accessories,45.42,2,France,Debit Card,0
ORD002307,2024-04-10,CUST01013,USB Hub,Peripherals,43.71,1,Canada,Credit Card,0
ORD004746,2024-11-12,CUST01006,Desk Lamp,Accessories,74.75,3,Netherlands,PayPal,5
ORD001088,2024-03-09,CUST01001,Keyboard,Peripherals,113.49,3,UK,Debit Card,0
ORD007707,2024-03-22,CUST01006,Webcam,Video,44.63,3,USA,Credit Card,5
ORD007243,2024-04-06,CUST01001,Keyboard,Peripherals,154.66,3,USA,Bank Transfer,0
ORD005504,2024-09-15,CUST01001,Keyboard,Peripherals,150.22,1,Germany,PayPal,5
ORD001657,2024-03-17,CUST01058,Webcam,Video,70.04,2,Canada,Bank Transfer,0
ORD003024,2024-02-07,CUST01002,Phone Stand,Accessories,44.8,1,USA,Bank Transfer,0
ORD004448,2024-02-21,CUST01001,Webcam,Video,94.45,1,France,Unknown,10
ORD003280,2024-03-15,CUST01001,USB Hub,Peripherals,52.89,2,Canada,PayPal,0
ORD003828,2024-02-13,CUST01002,Webcam,Video,39.13,2,UK,Bank Transfer,0
ORD001730,2024-05-31,CUST01001,Keyboard,Peripherals,77.85,4,Canada,Credit Card,15
ORD006335,2024-06-01,CUST01002,HDMI Cable,Cables,37.22,4,Poland,Credit Card,5
ORD003542,2024-02-20,CUST01001,Phone Stand,Accessories,-9.6,4,France,Credit Card,0
ORD001415,2024-12-26,CUST01002,HDMI Cable,Cables,38.16,4,Canada,Credit Card,0
ORD003913,2024-10-12,CUST01002,Monitor,Displays,485.08,1,Canada,PayPal,0
ORD003335,2024-06-21,CUST01001,Keyboard,Peripherals,86.83,2,Germany,Credit Card,15
ORD007960,2024-11-22,CUST01001,Keyboard,Peripherals,114.72,1,UK,Credit Card,0
ORD005434,2024-12-13,CUST01002,Monitor,Displays,478.47,3,Canada,Debit Card,0
ORD004527,2024-06-04,CUST01003,USB Hub,Peripherals,28.77,1,Canada,Unknown,0
ORD002648,2024-11-06,CUST01041,Desk Lamp,Accessories,118.01,4,UK,Unknown,0
ORD003188,2024-11-15,CUST01002,Laptop,Computers,1023.98,4,Canada,Unknown,0
ORD003870,2024-03-25,CUST01008,HDMI Cable,Cables,8.51,4,UK,Credit Card,5
ORD000774,2024-05-06,CUST01007,Monitor,Displays,435.24,1,Canada,Bank Transfer,0
ORD005730,2024-06-15,CUST01001,USB Hub,Peripherals,-6.91,3,Canada,Bank Transfer,15
ORD003506,2024-12-08,CUST01001,Keyboard,Peripherals,154.33,4,USA,Debit Card,0
ORD007240,2024-10-23,CUST01001,Phone Stand,Accessories,42.86,3,Germany,Unknown,15
ORD004664,2024-02-11,CUST01001,Phone Stand,Accessories,-17.0,1,Netherlands,Unknown,15
ORD000051,2024-05-21,CUST01003,Laptop,Computers,1111.89,3,Germany,Bank Transfer,0
ORD005515,2024-07-11,CUST01002,Phone Stand,Accessories,-4.35,2,Netherlands,Debit Card,0
ORD000734,2024-07-02,CUST01022,USB Hub,Peripherals,-13.52,1,France,Unknown,5
ORD000246,2024-07-22,CUST01001,Desk Lamp,Accessories,48.52,4,Poland,PayPal,5
ORD004370,2024-07-03,CUST01022,Headphones,Audio,100.13,2,UK,Unknown,15
ORD000180,2024-03-29,CUST01012,Headphones,Audio,97.67,2,UK,Bank Transfer,10
ORD006930,2024-04-23,CUST01020,Monitor,Displays,534.04,1,UK,PayPal,0
ORD000018,2024-07-06,CUST01001,HDMI Cable,Cables,60.72,2,Canada,Credit Card,0
ORD006537,2024-07-23,CUST01001,Monitor,Displays,468.88,4,Poland,Credit Card,0
ORD004193,2024-02-15,CUST01001,USB Hub,Peripherals,-4.84,1,France,Unknown,0
ORD002493,2024-07-28,CUST01001,Headphones,Audio,82.28,2,Germany,Unknown,0
ORD006876,2024-12-06,CUST01001,Monitor,Displays,519.98,1,Germany,Bank Transfer,0
ORD005305,2024-07-04,CUST01002,Mouse,Peripherals,15.2,1,Netherlands,Bank Transfer,0
ORD007659,2024-11-13,CUST01031,Desk Lamp,Accessories,84.6,4,Canada,Debit Card,0
ORD003214,2024-01-07,CUST01001,Webcam,Video,27.43,2,France,Bank Transfer,5
ORD003955,2024-01-05,CUST01002,Desk Lamp,Accessories,113.62,4,Netherlands,Credit Card,0
ORD006147,2024-09-28,CUST01013,Laptop,Computers,1035.38,1,Poland,Unknown,0
ORD003200,2024-08-10,CUST01001,Laptop,Computers,1049.8,2,Poland,Unknown,0
ORD006865,2024-11-08,CUST01003,Laptop,Computers,1025.13,2,Netherlands,Unknown,15
ORD006828,2024-08-13,CUST01007,Phone Stand,Accessories,33.67,4,France,Debit Card,0
ORD001011,2024-09-11,CUST01001,Headphones,Audio,92.78,1,Canada,PayPal,0
ORD000322,2024-10-03,CUST01002,Keyboard,Peripherals,135.51,1,Netherlands,Bank Transfer,0
ORD006554,2024-07-29,CUST01048,Phone Stand,Accessories,50.13,1,Netherlands,Unknown,0
ORD001784,2024-09-05,CUST01001,Headphones,Audio,179.28,1,Netherlands,Credit Card,10
ORD001619,2024-02-05,CUST01306,USB Hub,Peripherals,-26.16,1,France,PayPal,0
ORD004382,2024-07-16,CUST01003,USB Hub,Peripherals,43.5,4,Netherlands,Debit Card,10
ORD001624,2024-10-17,CUST01001,Mouse,Peripherals,11.68,2,France,Unknown,0
ORD002765,2024-07-18,CUST01160,Webcam,Video,44.82,1,UK,Bank Transfer,0
ORD004372,2024-01-26,CUST01006,Laptop,Computers,1101.87,2,UK,Debit Card,10
ORD004337,2024-10-18,CUST01001,HDMI Cable,Cables,-4.34,3,Germany,Debit Card,10
ORD007903,2024-07-15,CUST01001,USB Hub,Peripherals,17.6,4,France,PayPal,0
ORD007701,2024-01-13,CUST01001,Monitor,Displays,523.73,3,France,Credit Card,0
ORD004561,2024-07-01,CUST01914,USB Hub,Peripherals,31.09,1,Poland,Debit Card,0
ORD006536,2024-02-01,CUST01001,Mouse,Peripherals,24.93,2,USA,PayPal,5
ORD007733,2024-09-25,CUST01001,Laptop,Computers,1043.43,1,France,Bank Transfer,0
ORD000941,2024-08-07,CUST01008,Keyboard,Peripherals,135.48,1,UK,PayPal,0
ORD003115,2024-09-24,CUST01003,Keyboard,Peripherals,83.1,1,Canada,Unknown,0
ORD004036,2024-06-05,CUST01001,Phone Stand,Accessories,47.62,4,Netherlands,Credit Card,0
ORD001821,2024-12-23,CUST01001,Keyboard,Peripherals,82.37,2,USA,Unknown,0
ORD003329,2024-08-05,CUST01001,Mouse,Peripherals,46.86,3,Poland,Bank Transfer,0
ORD002115,2024-12-25,CUST01001,Mouse,Peripherals,59.07,1,UK,Unknown,0
ORD007574,2024-02-13,CUST01032,Desk Lamp,Accessories,65.03,4,Poland,Bank Transfer,0
ORD000971,2024-05-01,CUST01001,Keyboard,Peripherals,148.45,4,Germany,PayPal,0
ORD005665,2024-12-15,CUST01001,Mouse,Peripherals,13.66,2,UK,Credit Card,10
ORD004872,2024-06-20,CUST01005,USB Hub,Peripherals,-10.34,4,UK,PayPal,15
ORD004410,2024-03-05,CUST01004,Keyboard,Peripherals,108.4,3,UK,PayPal,15
ORD006700,2024-11-25,CUST01001,Laptop,Computers,1064.98,2,USA,Debit Card,0
ORD001296,2024-11-13,CUST01001,Desk Lamp,Accessories,83.6,2,Poland,Debit Card,15
ORD001941,2024-02-02,CUST01025,Keyboard,Peripherals,166.74,4,USA,Bank Transfer,0
ORD002070,2024-10-08,CUST01007,Webcam,Video,117.83,3,France,Debit Card,5
ORD004774,2024-04-16,CUST01002,Laptop,Computers,1052.33,3,Canada,Credit Card,5
ORD007523,2024-03-22,CUST01070,Webcam,Video,57.96,1,Poland,Credit Card,0
ORD001812,2024-02-14,CUST01001,Desk Lamp,Accessories,131.83,4,UK,PayPal,0
ORD001128,2024-06-29,CUST01102,USB Hub,Peripherals,-20.66,3,Canada,PayPal,0
ORD004356,2024-08-31,CUST01001,Keyboard,Peripherals,82.06,2,UK,Bank Transfer,5
ORD006305,2024-04-11,CUST01009,Webcam,Video,107.03,3,France,Debit Card,0
ORD006434,2024-01-12,CUST01001,HDMI Cable,Cables,8.67,4,Poland,Credit Card,5
ORD001993,2024-11-26,CUST01002,Keyboard,Peripherals,169.7,1,France,Credit Card,0
ORD002754,2024-06-12,CUST01102,Webcam,Video,69.72,4,Netherlands,Credit Card,15
ORD005805,2024-01-26,CUST01001,HDMI Cable,Cables,35.0,3,USA,Credit Card,10
ORD000436,2024-12-11,CUST01001,Webcam,Video,33.28,1,USA,Debit Card,0
ORD002555,2024-05-27,CUST01027,Phone Stand,Accessories,-3.37,3,Netherlands,Debit Card,0
ORD007411,2024-03-12,CUST01001,HDMI Cable,Cables,-32.12,1,France,Bank Transfer,0
ORD004241,2024-05-17,CUST01003,Desk Lamp,Accessories,138.61,2,France,Unknown,0
ORD003354,2024-04-06,CUST01005,Monitor,Displays,471.91,2,USA,PayPal,0
ORD007639,2024-04-26,CUST01001,Headphones,Audio,173.79,4,France,Bank Transfer,0
ORD007154,2024-09-12,CUST01002,Mouse,Peripherals,17.73,3,UK,Credit Card,0
ORD001018,2024-11-04,CUST01001,USB Hub,Peripherals,-27.24,3,France,Unknown,0
ORD007900,2024-06-28,CUST01001,Mouse,Peripherals,67.71,3,France,Credit Card,10
ORD004782,2024-12-13,CUST01003,USB Hub,Peripherals,69.28,1,Germany,Unknown,10
ORD006356,2024-07-31,CUST01002,Phone Stand,Accessories,61.86,3,Poland,Debit Card,0
ORD004327,2024-08-06,CUST01004,Phone Stand,Accessories,2.14,3,Germany,PayPal,0
ORD005650,2024-08-17,CUST01189,Monitor,Displays,494.41,1,UK,Debit Card,0
ORD004042,2024-09-08,CUST01005,Monitor,Displays,472.56,4,Germany,Debit Card,5
ORD007004,2024-03-10,CUST01002,Keyboard,Peripherals,169.09,2,UK,Debit Card,15
ORD002127,2024-01-29,CUST01027,Laptop,Computers,1096.21,4,Canada,Bank Transfer,0
ORD007958,2024-01-12,CUST01006,Desk Lamp,Accessories,53.08,2,Poland,PayPal,0
ORD004748,2024-10-10,CUST01002,Headphones,Audio,81.4,1,Germany,Debit Card,0
ORD000487,2024-08-01,CUST01915,Webcam,Video,96.0,1,Poland,Bank Transfer,5
ORD006310,2024-01-11,CUST01977,USB Hub,Peripherals,57.52,4,Canada,PayPal,15
ORD000200,2024-02-28,CUST01022,Desk Lamp,Accessories,86.13,4,Poland,PayPal,0
ORD001023,2024-03-24,CUST01005,Laptop,Computers,1109.41,2,UK,Debit Card,0
ORD001346,2024-11-14,CUST01080,USB Hub,Peripherals,48.08,4,France,Bank Transfer,15
ORD001282,2024-02-18,CUST01001,Desk Lamp,Accessories,84.92,3,UK,Bank Transfer,10
ORD003708,2024-01-29,CUST01002,Laptop,Computers,1055.19,2,USA,PayPal,0
ORD003378,2024-07-22,CUST01394,Mouse,Peripherals,45.16,1,Canada,Credit Card,0
ORD001671,2024-05-06,CUST01002,Laptop,Computers,1019.97,3,France,Unknown,0
ORD004506,2024-05-28,CUST01004,Mouse,Peripherals,44.77,3,France,PayPal,10
ORD001076,2024-06-19,CUST01001,Mouse,Peripherals,30.5,3,France,Bank Transfer,15
ORD002227,2024-11-21,CUST01010,Desk Lamp,Accessories,124.58,3,France,Bank Transfer,0
ORD004033,2024-06-19,CUST01025,Laptop,Computers,1091.85,4,UK,Bank Transfer,0
ORD007213,2024-02-18,CUST01001,Laptop,Computers,1110.07,3,USA,Unknown,0
ORD005177,2024-09-03,CUST01001,Desk Lamp,Accessories,101.14,4,France,Credit Card,10
ORD002167,2024-04-11,CUST01004,HDMI Cable,Cables,32.71,1,UK,Unknown,15
ORD005096,2024-02-08,CUST01001,Webcam,Video,72.51,1,UK,PayPal,10
ORD001920,2024-01-24,CUST01001,Phone Stand,Accessories,41.08,2,Canada,Debit Card,0
ORD006444,2024-04-26,CUST01001,Laptop,Computers,1034.47,2,Netherlands,Bank Transfer,15
ORD004314,2024-06-24,CUST01063,Keyboard,Peripherals,135.61,1,USA,Unknown,0
ORD002997,2024-11-26,CUST01001,Mouse,Peripherals,57.14,2,Canada,Bank Transfer,0
ORD004992,2024-06-21,CUST01002,Laptop,Computers,1039.81,3,Netherlands,Unknown,0
ORD005463,2024-01-23,CUST01001,USB Hub,Peripherals,16.06,4,USA,Bank Transfer,15
ORD000712,2024-03-07,CUST01320,Monitor,Displays,471.11,4,Canada,Debit Card,0
ORD000355,2024-12-09,CUST01001,Headphones,Audio,132.11,1,USA,PayPal,15
ORD001955,2024-07-27,CUST01002,Keyboard,Peripherals,155.26,2,France,Debit Card,0
ORD001546,2024-03-18,CUST01001,Webcam,Video,48.25,2,France,Credit Card,10
ORD000049,2024-01-17,CUST01002,Desk Lamp,Accessories,126.47,3,Netherlands,Unknown,10
ORD006359,2024-07-02,CUST01002,Monitor,Displays,489.8,2,Netherlands,Bank Transfer,0
ORD000643,2024-08-02,CUST01001,Webcam,Video,60.52,4,Germany,Unknown,0
ORD002222,2024-01-18,CUST01001,Webcam,Video,49.0,2,Germany,Bank Transfer,0
ORD005858,2024-03-26,CUST01001,USB Hub,Peripherals,-5.97,3,France,Debit Card,0
ORD000177,2024-10-25,CUST01001,Laptop,Computers,1042.71,4,Poland,Unknown,0
ORD006839,2024-08-06,CUST01001,Mouse,Peripherals,98.06,1,Netherlands,Bank Transfer,0
ORD003938,2024-08-07,CUST01001,Webcam,Video,59.01,4,France,Unknown,5
ORD000787,2024-12-06,CUST01065,USB Hub,Peripherals,69.98,2,Poland,Unknown,0
ORD003735,2024-01-03,CUST01001,HDMI Cable,Cables,-31.75,4,Netherlands,Bank Transfer,0
ORD004129,2024-08-30,CUST01003,Monitor,Displays,516.29,3,USA,Credit Card,10
ORD003034,2024-05-27,CUST01001,Keyboard,Peripherals,76.26,2,UK,PayPal,0
ORD007787,2024-12-07,CUST01001,Mouse,Peripherals,72.17,3,Netherlands,Debit Card,0
ORD004302,2024-12-09,CUST01011,Keyboard,Peripherals,149.3,3,Poland,Credit Card,5
ORD006849,2024-11-27,CUST01002,Webcam,Video,52.51,2,Poland,Credit Card,10
ORD005835,2024-11-14,CUST01001,Webcam,Video,73.51,3,Canada,Credit Card,0
ORD000092,2024-08-20,CUST01001,Desk Lamp,Accessories,88.7,2,France,Bank Transfer,0
ORD006797,2024-09-26,CUST01001,Monitor,Displays,522.21,1,Netherlands,Debit Card,10
ORD004140,2024-10-11,CUST01006,Keyboard,Peripherals,79.49,1,Canada,PayPal,15
ORD007711,2024-07-21,CUST01001,Keyboard,Peripherals,121.32,4,USA,PayPal,0
ORD006393,2024-03-15,CUST01001,Desk Lamp,Accessories,53.81,2,Netherlands,PayPal,0
ORD004696,2024-06-03,CUST01004,Monitor,Displays,519.21,4,Netherlands,Bank Transfer,0
ORD002684,2024-06-18,CUST01002,Laptop,Computers,1099.96,3,UK,Bank Transfer,5
ORD000531,2024-12-14,CUST01001,Keyboard,Peripherals,124.54,1,Poland,Debit Card,10
ORD003026,2024-04-10,CUST01001,USB Hub,Peripherals,-18.54,1,Poland,PayPal,5
ORD006750,2024-04-14,CUST01016,USB Hub,Peripherals,38.83,1,Netherlands,Credit Card,5
ORD006602,2024-10-05,CUST01001,HDMI Cable,Cables,14.95,1,UK,Unknown,0
ORD006636,2024-05-29,CUST01049,Monitor,Displays,530.41,2,Poland,Credit Card,5
ORD003222,2024-08-09,CUST01001,USB Hub,Peripherals,7.17,1,Poland,PayPal,0
ORD001200,2024-12-29,CUST01002,Phone Stand,Accessories,27.0,4,France,Debit Card,0
ORD004016,2024-10-27,CUST01127,HDMI Cable,Cables,17.73,2,Netherlands,Bank Transfer,10
ORD000107,2024-10-20,CUST01003,Phone Stand,Accessories,-15.84,1,USA,Bank Transfer,15
ORD001616,2024-09-08,CUST01004,Desk Lamp,Accessories,51.57,1,Poland,Unknown,5
ORD003615,2024-04-01,CUST01001,HDMI Cable,Cables,-29.23,3,Canada,PayPal,0
ORD001386,2024-10-29,CUST01001,Mouse,Peripherals,49.1,4,Germany,Debit Card,10
ORD005769,2024-10-27,CUST01003,Webcam,Video,85.98,3,Germany,Bank Transfer,0
ORD004608,2024-11-15,CUST01048,Mouse,Peripherals,73.6,4,Poland,Debit Card,0
ORD000132,2024-04-01,CUST01746,HDMI Cable,Cables,-20.55,1,Germany,Credit Card,0
ORD002523,2024-04-17,CUST01001,USB Hub,Peripherals,-9.66,3,France,Debit Card,0
ORD001719,2024-10-24,CUST01004,Desk Lamp,Accessories,127.31,2,Netherlands,Credit Card,0
ORD003483,2024-11-17,CUST01005,Mouse,Peripherals,51.08,2,Germany,Bank Transfer,5
ORD005141,2024-04-23,CUST01001,Phone Stand,Accessories,39.05,3,Germany,Debit Card,10
ORD006842,2024-12-05,CUST01003,Headphones,Audio,94.82,1,France,Credit Card,0
ORD002440,2024-05-04,CUST01002,Keyboard,Peripherals,112.05,3,Canada,Unknown,10
ORD005571,2024-01-15,CUST01002,Mouse,Peripherals,96.26,3,France,PayPal,10
ORD001567,2024-01-09,CUST01003,Laptop,Computers,1034.03,3,France,Unknown,0
ORD004321,2024-04-12,CUST01001,Headphones,Audio,123.15,2,Germany,Credit Card,0
ORD004744,2024-07-04,CUST01006,HDMI Cable,Cables,42.07,1,France,Bank Transfer,0
ORD003729,2024-10-02,CUST01051,Laptop,Computers,1087.91,1,Netherlands,Bank Transfer,10
ORD007782,2024-03-21,CUST01001,Monitor,Displays,455.16,3,Poland,Debit Card,0
ORD005830,2024-08-17,CUST01012,HDMI Cable,Cables,-1.47,1,Poland,Unknown,0
ORD007975,2024-06-09,CUST01018,Desk Lamp,Accessories,115.86,4,Canada,Bank Transfer,0
ORD001980,2024-09-23,CUST01007,Webcam,Video,34.3,4,Netherlands,Credit Card,0
ORD006688,2024-05-09,CUST01001,Desk Lamp,Accessories,43.73,2,France,Credit Card,15
ORD002551,2024-10-16,CUST01001,Keyboard,Peripherals,142.07,2,USA,PayPal,0
ORD004845,2024-08-17,CUST01011,Webcam,Video,55.72,4,UK,Unknown,0
ORD000695,2024-01-24,CUST01001,HDMI Cable,Cables,30.38,3,Netherlands,Debit Card,5
ORD006593,2024-05-13,CUST01004,Monitor,Displays,466.29,3,Poland,Debit Card,0
ORD006264,2024-07-19,CUST01017,Keyboard,Peripherals,127.2,4,Canada,Unknown,0
ORD002165,2024-03-23,CUST01001,Headphones,Audio,141.45,3,Netherlands,Debit Card,5
ORD005060,2024-01-05,CUST01005,Keyboard,Peripherals,112.04,2,UK,Unknown,10
ORD007085,2024-05-10,CUST01003,Desk Lamp,Accessories,135.07,3,UK,Credit Card,0
ORD000168,2024-05-21,CUST01048,HDMI Cable,Cables,26.04,4,UK,Credit Card,0
ORD000094,2024-07-04,CUST01015,Headphones,Audio,91.31,2,USA,Bank Transfer,0
ORD000368,2024-01-09,CUST01006,Keyboard,Peripherals,128.78,2,Germany,Debit Card,0
ORD007060,2024-03-07,CUST01001,USB Hub,Peripherals,-24.44,2,Germany,PayPal,0
ORD007566,2024-03-02,CUST01006,Desk Lamp,Accessories,110.28,3,Poland,Credit Card,0
ORD002292,2024-07-27,CUST01001,Webcam,Video,91.25,1,France,Unknown,10
ORD002685,2024-12-17,CUST01001,Laptop,Computers,1104.97,2,Germany,Credit Card,0
ORD000836,2024-05-31,CUST01283,Monitor,Displays,523.13,3,France,PayPal,0
ORD003568,2024-06-27,CUST01001,USB Hub,Peripherals,-2.91,4,Netherlands,Debit Card,0
ORD005153,2024-04-29,CUST01001,USB Hub,Peripherals,99999.0,2,Poland,PayPal,0
ORD001177,2024-09-08,CUST01001,Laptop,Computers,1078.52,3,UK,PayPal,0
ORD001898,2024-05-14,CUST01001,Headphones,Audio,147.13,1,USA,Credit Card,15
ORD007554,2024-09-20,CUST01001,Headphones,Audio,90.54,4,Canada,Credit Card,0
ORD007927,2024-07-05,CUST01010,Laptop,Computers,1097.25,3,UK,Debit Card,15
ORD005767,2024-08-16,CUST01001,Headphones,Audio,121.88,2,UK,PayPal,5
ORD006181,2024-09-11,CUST01001,Laptop,Computers,1089.67,2,UK,PayPal,0
ORD006907,2024-05-18,CUST01001,Phone Stand,Accessories,99999.0,2,USA,Bank Transfer,15
ORD002437,2024-04-04,CUST01003,USB Hub,Peripherals,47.78,3,Netherlands,Bank Transfer,0
ORD005262,2024-02-17,CUST01007,Mouse,Peripherals,-100.0,4,UK,Bank Transfer,0
ORD007443,2024-04-07,CUST01001,Webcam,Video,118.44,2,USA,Credit Card,0
ORD005008,2024-04-27,CUST01010,Desk Lamp,Accessories,122.33,3,Germany,Bank Transfer,10
ORD003978,2024-06-13,CUST01009,Webcam,Video,99.7,1,Poland,Debit Card,15
ORD002021,2024-03-13,CUST01001,HDMI Cable,Cables,17.88,4,Netherlands,Debit Card,0
ORD005995,2024-02-27,CUST01001,Monitor,Displays,486.75,4,Germany,Unknown,0
ORD006697,2024-12-05,CUST01005,Desk Lamp,Accessories,107.71,4,USA,PayPal,10
ORD002690,2024-10-09,CUST01025,Desk Lamp,Accessories,73.96,1,Germany,Bank Transfer,0
ORD006652,2024-06-10,CUST01014,HDMI Cable,Cables,0.96,2,Poland,Unknown,0
ORD003479,2024-01-12,CUST01052,Desk Lamp,Accessories,115.89,3,Poland,Unknown,0
ORD005651,2024-03-08,CUST01021,Laptop,Computers,1087.03,2,Canada,PayPal,0
ORD003401,2024-05-30,CUST01001,USB Hub,Peripherals,-4.18,4,Canada,Unknown,0
ORD002861,2024-11-22,CUST01001,Webcam,Video,98.15,3,Netherlands,PayPal,0
ORD005194,2024-09-18,CUST01002,Laptop,Computers,1046.32,3,Canada,Debit Card,10
ORD007800,2024-01-08,CUST01006,Phone Stand,Accessories,-0.83,4,France,PayPal,5
ORD005408,2024-04-25,CUST01003,Monitor,Displays,491.89,1,Poland,Unknown,15
ORD007607,2024-04-26,CUST01001,Phone Stand,Accessories,22.85,1,France,PayPal,10
ORD000512,2024-05-19,CUST01507,HDMI Cable,Cables,-1.48,3,Canada,Bank Transfer,0
ORD000790,2024-12-02,CUST01005,Keyboard,Peripherals,137.68,4,USA,Bank Transfer,15
ORD004687,2024-07-03,CUST01010,HDMI Cable,Cables,58.95,3,Poland,Unknown,0
ORD006704,2024-10-27,CUST01001,Laptop,Computers,1083.14,2,France,PayPal,0
ORD004504,2024-08-16,CUST01002,Headphones,Audio,129.74,1,Canada,Debit Card,0
ORD006670,2024-07-11,CUST01007,Headphones,Audio,91.72,4,Poland,Bank Transfer,0
ORD001996,2024-10-04,CUST01023,Keyboard,Peripherals,156.22,1,USA,Credit Card,0
ORD001466,2024-08-31,CUST01001,Laptop,Computers,1108.17,4,France,Debit Card,15
ORD007303,2024-04-20,CUST01001,Headphones,Audio,115.78,4,UK,Bank Transfer,0
ORD002313,2024-08-09,CUST01002,USB Hub,Peripherals,32.32,3,Netherlands,Unknown,5
ORD006901,2024-05-31,CUST01001,Laptop,Computers,1026.84,2,Canada,Unknown,0
ORD004923,2024-12-16,CUST01006,USB Hub,Peripherals,-12.07,3,Poland,Credit Card,0
ORD006373,2024-01-11,CUST01002,Webcam,Video,80.08,2,USA,Debit Card,0
ORD003962,2024-07-17,CUST01006,Webcam,Video,106.45,1,USA,PayPal,5
ORD006382,2024-05-30,CUST01004,Headphones,Audio,151.35,3,USA,Debit Card,5
ORD001181,2024-01-25,CUST01007,HDMI Cable,Cables,55.49,3,Poland,Bank Transfer,0
ORD003957,2024-04-21,CUST01001,Monitor,Displays,437.43,4,Netherlands,Bank Transfer,15
ORD001324,2024-12-29,CUST01003,Monitor,Displays,488.87,4,Canada,Credit Card,0
ORD001047,2024-10-07,CUST01001,Webcam,Video,94.85,4,Germany,PayPal,5
ORD005833,2024-02-04,CUST01001,Webcam,Video,34.19,1,Canada,Unknown,0
ORD006900,2024-06-25,CUST01001,Desk Lamp,Accessories,132.26,4,Germany,Credit Card,0
ORD000074,2024-01-24,CUST01014,Keyboard,Peripherals,133.34,1,France,Credit Card,0
ORD003210,2024-09-24,CUST01001,Keyboard,Peripherals,140.01,3,Poland,PayPal,0
ORD005903,2024-09-16,CUST01003,HDMI Cable,Cables,13.89,3,UK,Bank Transfer,0
ORD005749,2024-06-08,CUST01001,Phone Stand,Accessories,-17.06,3,UK,Unknown,0
ORD004986,2024-11-23,CUST01019,Headphones,Audio,116.24,3,Germany,Bank Transfer,0
ORD007638,2024-03-14,CUST01003,Headphones,Audio,178.17,1,Poland,Credit Card,0
ORD002848,2024-01-15,CUST01002,HDMI Cable,Cables,-27.92,4,UK,Debit Card,0
ORD005713,2024-10-17,CUST01004,Desk Lamp,Accessories,105.25,3,Germany,Credit Card,0
ORD001321,2024-07-21,CUST01345,HDMI Cable,Cables,-28.49,1,Netherlands,Bank Transfer,0
ORD002577,2024-01-27,CUST01002,Monitor,Displays,507.8,1,France,Debit Card,5
ORD001243,2024-02-12,CUST01013,Webcam,Video,71.76,3,USA,Debit Card,5
ORD007152,2024-05-29,CUST01001,Laptop,Computers,1018.96,2,Germany,Unknown,5
ORD006862,2024-01-31,CUST01001,HDMI Cable,Cables,-9.49,1,UK,Debit Card,15
ORD003468,2024-07-14,CUST01019,Laptop,Computers,1067.1,3,France,Credit Card,5
ORD000032,2024-06-29,CUST01001,HDMI Cable,Cables,-16.31,3,UK,Bank Transfer,0
ORD007971,2024-03-14,CUST01001,USB Hub,Peripherals,43.25,4,Netherlands,Unknown,0
ORD003099,2024-08-03,CUST01001,Keyboard,Peripherals,127.61,3,UK,Bank Transfer,0
ORD005770,2024-03-26,CUST01001,Mouse,Peripherals,11.41,3,Germany,Bank Transfer,5
ORD000169,2024-12-07,CUST01001,Headphones,Audio,164.75,4,UK,Debit Card,0
ORD004127,2024-09-23,CUST01002,Desk Lamp,Accessories,79.01,3,Poland,Unknown,0
ORD004651,2024-07-05,CUST01002,Monitor,Displays,509.63,1,Poland,Debit Card,0
ORD004627,2024-04-30,CUST01001,Webcam,Video,48.3,4,Netherlands,Credit Card,0
ORD001868,2024-07-04,CUST01001,Keyboard,Peripherals,99999.0,1,Poland,Debit Card,0
ORD005170,2024-11-29,CUST01014,Phone Stand,Accessories,-2.71,2,Canada,Unknown,5
ORD005519,2024-06-07,CUST01003,Monitor,Displays,469.38,2,Netherlands,Credit Card,15
ORD003705,2024-12-27,CUST01369,Mouse,Peripherals,69.53,4,Germany,Bank Transfer,0
ORD002579,2024-03-29,CUST01001,HDMI Cable,Cables,0.0,4,Poland,Unknown,0
ORD004594,2024-05-15,CUST01222,Laptop,Computers,1039.23,2,Germany,Bank Transfer,0
ORD003318,2024-07-08,CUST01091,Monitor,Displays,445.24,3,Netherlands,PayPal,0
ORD001418,2024-12-13,CUST01002,Laptop,Computers,1095.76,3,Canada,Unknown,0
ORD002003,2024-11-26,CUST01003,Laptop,Computers,1061.03,3,Canada,Unknown,5
ORD005649,2024-12-17,CUST01001,Desk Lamp,Accessories,124.29,3,USA,Unknown,0
ORD004150,2024-07-25,CUST01003,Phone Stand,Accessories,29.48,2,France,Bank Transfer,10
ORD000027,2024-04-21,CUST01002,Desk Lamp,Accessories,130.44,4,Canada,PayPal,0
ORD007676,2024-10-07,CUST01002,Keyboard,Peripherals,80.05,3,UK,Credit Card,10
ORD002230,2024-03-28,CUST01003,Webcam,Video,41.94,1,UK,Bank Transfer,10
ORD005684,2024-08-04,CUST01001,USB Hub,Peripherals,58.68,3,USA,Bank Transfer,15
ORD001439,2024-12-10,CUST01001,HDMI Cable,Cables,1.4,3,USA,Bank Transfer,15
ORD007413,2024-05-22,CUST01001,Webcam,Video,115.78,3,UK,Bank Transfer,10
ORD006300,2024-10-22,CUST01002,Laptop,Computers,1051.44,4,Canada,PayPal,15
ORD000501,2024-08-11,CUST01001,Mouse,Peripherals,79.65,3,Netherlands,PayPal,0
ORD006325,2024-03-29,CUST01001,Headphones,Audio,159.49,2,France,Credit Card,5
ORD000438,2024-10-01,CUST01001,USB Hub,Peripherals,31.26,3,Germany,Bank Transfer,5
ORD002019,2024-04-03,CUST01001,Keyboard,Peripherals,113.71,2,Canada,Bank Transfer,0
ORD007730,2024-01-29,CUST01001,USB Hub,Peripherals,67.95,1,Poland,Debit Card,0
ORD002442,2024-12-18,CUST01001,Phone Stand,Accessories,50.9,1,Poland,Debit Card,10
ORD002264,2024-08-26,CUST01055,USB Hub,Peripherals,22.1,3,Netherlands,Unknown,10
ORD005580,2024-08-21,CUST01796,Keyboard,Peripherals,145.66,3,USA,Bank Transfer,0
ORD003382,2024-11-23,CUST01001,Headphones,Audio,91.04,1,Poland,Credit Card,5
ORD006456,2024-01-21,CUST01002,Keyboard,Peripherals,106.82,1,Canada,Unknown,10
ORD001431,2024-12-20,CUST01001,USB Hub,Peripherals,37.31,1,Germany,Credit Card,5
ORD001117,2024-02-01,CUST01001,Mouse,Peripherals,42.3,1,Germany,Unknown,0
ORD004557,2024-04-03,CUST01002,USB Hub,Peripherals,11.63,3,UK,PayPal,0
ORD003880,2024-05-27,CUST01009,Desk Lamp,Accessories,125.74,2,Germany,Debit Card,0
ORD006099,2024-03-12,CUST01001,USB Hub,Peripherals,42.7,3,Poland,PayPal,0
ORD005474,2024-09-22,CUST01002,USB Hub,Peripherals,-12.83,2,Poland,Unknown,15
ORD003591,2024-02-21,CUST01001,Keyboard,Peripherals,169.42,1,Canada,Bank Transfer,10
ORD006056,2024-10-16,CUST01026,Keyboard,Peripherals,150.83,4,Canada,Unknown,0
ORD005533,2024-11-12,CUST01002,Mouse,Peripherals,76.57,4,France,Bank Transfer,5
ORD003519,2024-12-19,CUST01003,HDMI Cable,Cables,5.71,3,France,Debit Card,0
ORD001785,2024-01-16,CUST01626,HDMI Cable,Cables,0.0,1,Netherlands,Credit Card,0
ORD003471,2024-02-26,CUST01002,Desk Lamp,Accessories,107.82,2,USA,PayPal,15
ORD000535,2024-08-13,CUST01005,Desk Lamp,Accessories,126.81,1,Germany,Credit Card,0
ORD007631,2024-06-13,CUST01001,Keyboard,Peripherals,78.87,3,USA,PayPal,15
ORD000586,2024-06-21,CUST01001,Webcam,Video,50.4,4,Germany,PayPal,0
ORD001895,2024-09-29,CUST01003,USB Hub,Peripherals,-100.0,4,UK,PayPal,15
ORD006427,2024-07-20,CUST01001,Monitor,Displays,517.05,3,USA,Debit Card,15
ORD004818,2024-03-02,CUST01021,USB Hub,Peripherals,27.63,2,USA,Credit Card,0
ORD001881,2024-02-06,CUST01147,Headphones,Audio,164.6,2,Poland,PayPal,15
ORD002119,2024-11-17,CUST01002,Phone Stand,Accessories,3.54,1,Poland,PayPal,0
ORD007820,2024-02-04,CUST01010,Keyboard,Peripherals,96.77,4,Canada,PayPal,0
ORD000492,2024-07-14,CUST01022,Desk Lamp,Accessories,129.56,4,Poland,Bank Transfer,0
ORD005195,2024-12-22,CUST01005,Mouse,Peripherals,60.41,2,France,PayPal,0
ORD005724,2024-07-15,CUST01001,USB Hub,Peripherals,14.0,1,UK,Unknown,10
ORD005455,2024-04-07,CUST01001,Laptop,Computers,1111.11,3,USA,Debit Card,5
ORD007418,2024-04-23,CUST01001,HDMI Cable,Cables,-19.24,1,UK,PayPal,0
ORD004837,2024-12-11,CUST01061,USB Hub,Peripherals,-7.89,2,Poland,Bank Transfer,15
ORD004853,2024-01-26,CUST01001,Phone Stand,Accessories,60.43,3,Poland,Bank Transfer,0
ORD000853,2024-07-10,CUST01004,Keyboard,Peripherals,136.79,1,UK,Unknown,0
ORD005213,2024-03-02,CUST01056,Desk Lamp,Accessories,73.15,4,France,Debit Card,0
ORD002458,2024-01-15,CUST01007,Headphones,Audio,134.6,4,France,Credit Card,0
ORD002108,2024-08-12,CUST01003,Webcam,Video,106.8,4,Netherlands,Bank Transfer,0
ORD002649,2024-03-18,CUST01001,USB Hub,Peripherals,43.82,1,Netherlands,Bank Transfer,5
ORD007255,2024-10-21,CUST01002,Desk Lamp,Accessories,114.41,2,Poland,Unknown,0
ORD000398,2024-01-04,CUST01001,Keyboard,Peripherals,75.61,2,France,Bank Transfer,0
ORD001979,2024-06-08,CUST01007,Phone Stand,Accessories,77.36,2,Netherlands,Bank Transfer,0
ORD001791,2024-12-15,CUST01005,Phone Stand,Accessories,38.49,1,USA,Bank Transfer,10
ORD000402,2024-12-12,CUST01297,Monitor,Displays,501.28,4,Poland,Unknown,0
ORD004109,2024-02-22,CUST01002,Phone Stand,Accessories,39.59,4,Netherlands,Unknown,0
ORD006419,2024-04-07,CUST01001,Mouse,Peripherals,79.39,2,Netherlands,Unknown,15
ORD006604,2024-01-14,CUST01001,USB Hub,Peripherals,33.69,1,Netherlands,Credit Card,0
ORD005883,2024-06-28,CUST01001,Mouse,Peripherals,53.49,2,UK,Bank Transfer,0
ORD005648,2024-11-09,CUST01433,Monitor,Displays,454.83,3,Canada,Debit Card,0
ORD005821,2024-12-29,CUST01002,Laptop,Computers,1081.04,2,USA,Bank Transfer,0
ORD007434,2024-08-23,CUST01001,HDMI Cable,Cables,-13.09,3,Germany,Unknown,0
ORD004679,2024-07-17,CUST01001,Laptop,Computers,1094.24,3,UK,Bank Transfer,0
ORD000574,2024-04-29,CUST01003,Headphones,Audio,180.09,3,Poland,Unknown,0
ORD007947,2024-09-01,CUST01001,USB Hub,Peripherals,31.06,1,UK,Bank Transfer,0
ORD001340,2024-01-15,CUST01504,Laptop,Computers,1058.19,3,Canada,Debit Card,0
ORD006245,2024-05-26,CUST01010,Monitor,Displays,522.69,2,Germany,Credit Card,0
ORD002058,2024-04-04,CUST01001,USB Hub,Peripherals,29.41,3,Poland,PayPal,0
ORD000536,2024-05-10,CUST01052,USB Hub,Peripherals,71.48,3,Poland,PayPal,0
ORD003544,2024-07-03,CUST01004,Laptop,Computers,1098.15,1,USA,PayPal,10
ORD002389,2024-08-23,CUST01005,HDMI Cable,Cables,30.7,4,USA,Bank Transfer,10
ORD004788,2024-10-12,CUST01018,Monitor,Displays,528.78,2,UK,PayPal,0
ORD005413,2024-12-21,CUST01011,HDMI Cable,Cables,-13.67,4,France,Unknown,5
ORD003406,2024-07-25,CUST01009,Headphones,Audio,81.49,3,Canada,Bank Transfer,5
ORD003814,2024-04-29,CUST01003,Headphones,Audio,108.1,4,Canada,Unknown,0
ORD000474,2024-08-17,CUST01005,Headphones,Audio,130.75,2,Poland,PayPal,10
ORD005567,2024-08-25,CUST01002,Keyboard,Peripherals,103.6,1,France,Debit Card,10
ORD005816,2024-05-11,CUST01054,Desk Lamp,Accessories,80.98,1,USA,Bank Transfer,0
ORD000882,2024-11-08,CUST01010,Keyboard,Peripherals,150.53,1,Germany,Debit Card,0
ORD001935,2024-10-14,CUST01001,Mouse,Peripherals,48.65,1,USA,Credit Card,0
ORD007021,2024-08-31,CUST01001,Mouse,Peripherals,98.87,3,Germany,Credit Card,10
ORD006290,2024-04-23,CUST01050,Laptop,Computers,1089.16,4,UK,Unknown,5
ORD005022,2024-07-13,CUST01234,Laptop,Computers,1021.25,1,Germany,Bank Transfer,5
ORD000470,2024-07-09,CUST01002,Keyboard,Peripherals,106.87,1,Poland,Debit Card,0
ORD005319,2024-06-09,CUST01029,Webcam,Video,61.73,3,Canada,PayPal,15
ORD001559,2024-08-15,CUST01005,Monitor,Displays,487.44,3,Canada,PayPal,10
ORD000248,2024-09-11,CUST01001,HDMI Cable,Cables,45.78,1,USA,Debit Card,15
ORD005502,2024-12-04,CUST01011,Phone Stand,Accessories,26.25,4,USA,Unknown,15
ORD006049,2024-11-05,CUST01001,USB Hub,Peripherals,-7.22,4,Canada,Unknown,0
ORD000866,2024-02-26,CUST01112,USB Hub,Peripherals,31.33,3,UK,Debit Card,5
ORD000762,2024-11-04,CUST01623,Desk Lamp,Accessories,124.34,3,Canada,Credit Card,10
ORD003781,2024-03-19,CUST01001,Monitor,Displays,518.25,4,Netherlands,Bank Transfer,15
ORD001508,2024-11-23,CUST01001,Keyboard,Peripherals,109.31,1,UK,Unknown,0
ORD004330,2024-03-19,CUST01004,Headphones,Audio,149.2,4,UK,Credit Card,0
ORD002606,2024-02-07,CUST01002,Keyboard,Peripherals,83.55,2,Netherlands,Bank Transfer,0
ORD002583,2024-07-20,CUST01019,Mouse,Peripherals,26.27,3,Canada,Debit Card,0
ORD000426,2024-09-12,CUST01003,Mouse,Peripherals,22.39,2,UK,Debit Card,0
ORD007874,2024-11-20,CUST01055,Monitor,Displays,444.08,4,Netherlands,Unknown,0
ORD004863,2024-03-12,CUST01001,Monitor,Displays,491.68,3,Germany,Credit Card,10
ORD004530,2024-02-02,CUST01002,Desk Lamp,Accessories,0.0,4,France,PayPal,0
ORD000229,2024-08-23,CUST01008,Mouse,Peripherals,-100.0,4,Canada,PayPal,10
ORD002944,2024-06-17,CUST01001,Laptop,Computers,1079.87,4,Canada,PayPal,5
ORD006015,2024-02-03,CUST01001,USB Hub,Peripherals,63.37,2,UK,PayPal,0
ORD000694,2024-02-19,CUST01016,Keyboard,Peripherals,93.91,1,Netherlands,Unknown,0
ORD001042,2024-07-12,CUST01018,Laptop,Computers,1070.55,4,Poland,Bank Transfer,0
ORD002663,2024-09-17,CUST01002,Webcam,Video,104.96,3,Canada,PayPal,0
ORD004751,2024-06-25,CUST01022,USB Hub,Peripherals,28.02,1,France,Debit Card,5
ORD006136,2024-03-02,CUST01001,Webcam,Video,121.89,2,USA,Debit Card,0
ORD005412,2024-04-22,CUST01006,HDMI Cable,Cables,47.23,3,Canada,Bank Transfer,15
ORD003871,2024-07-02,CUST01161,Desk Lamp,Accessories,53.9,3,UK,Debit Card,15
ORD007589,2024-12-30,CUST01011,Keyboard,Peripherals,78.84,3,Germany,Bank Transfer,0
ORD006077,2024-10-04,CUST01015,USB Hub,Peripherals,5.52,2,Germany,PayPal,0
ORD007156,2024-01-19,CUST01001,Monitor,Displays,524.12,3,France,PayPal,0
ORD001129,2024-06-24,CUST01002,Keyboard,Peripherals,82.34,2,Netherlands,Bank Transfer,0
ORD005509,2024-02-11,CUST01001,Headphones,Audio,125.85,4,Canada,Unknown,0
ORD006503,2024-11-04,CUST01005,Phone Stand,Accessories,28.26,2,USA,Debit Card,0
ORD005246,2024-06-24,CUST01004,Monitor,Displays,518.63,1,Netherlands,Debit Card,0
ORD000059,2024-01-28,CUST01521,HDMI Cable,Cables,43.82,3,France,Bank Transfer,0
ORD003308,2024-01-02,CUST01061,USB Hub,Peripherals,48.8,1,France,Bank Transfer,0
ORD003480,2024-06-03,CUST01002,Mouse,Peripherals,6.14,2,Poland,Credit Card,0
ORD004591,2024-03-13,CUST01001,Phone Stand,Accessories,31.89,2,France,Debit Card,15
ORD003133,2024-08-01,CUST01034,USB Hub,Peripherals,-12.67,3,UK,Unknown,0
ORD004976,2024-02-25,CUST01001,Monitor,Displays,507.86,3,Canada,Bank Transfer,15
ORD000097,2024-05-29,CUST01001,Headphones,Audio,130.25,2,USA,Bank Transfer,0
ORD004616,2024-09-06,CUST01001,Webcam,Video,67.41,3,Netherlands,Credit Card,0
ORD000961,2024-08-30,CUST01001,USB Hub,Peripherals,-0.96,2,Netherlands,Debit Card,15
ORD005322,2024-04-25,CUST01001,Webcam,Video,83.32,3,USA,PayPal,0
ORD000878,2024-03-27,CUST01004,USB Hub,Peripherals,53.22,4,France,Bank Transfer,15
ORD006776,2024-11-15,CUST01001,USB Hub,Peripherals,2.88,4,Netherlands,Bank Transfer,0
ORD000157,2024-04-27,CUST01003,Headphones,Audio,82.68,2,France,Credit Card,0
ORD004185,2024-08-13,CUST01001,USB Hub,Peripherals,16.86,2,Germany,PayPal,0
ORD003218,2024-05-09,CUST01001,HDMI Cable,Cables,33.02,4,Netherlands,PayPal,0
ORD000612,2024-03-17,CUST01001,Mouse,Peripherals,6.17,4,Germany,Credit Card,15
ORD001702,2024-01-23,CUST01001,Phone Stand,Accessories,-19.73,2,Germany,Unknown,0
ORD004085,2024-05-01,CUST01017,Headphones,Audio,86.29,1,Netherlands,Debit Card,10
ORD001189,2024-09-30,CUST01001,HDMI Cable,Cables,99999.0,3,Poland,Credit Card,0
ORD004247,2024-12-30,CUST01004,USB Hub,Peripherals,-19.39,3,Canada,Bank Transfer,0
ORD000448,2024-06-20,CUST01002,Keyboard,Peripherals,100.27,4,Netherlands,PayPal,15
ORD002938,2024-07-04,CUST01001,Webcam,Video,83.76,1,Poland,PayPal,5
ORD002752,2024-01-03,CUST01001,Phone Stand,Accessories,69.43,4,USA,Debit Card,0
ORD006999,2024-03-29,CUST01001,Phone Stand,Accessories,-14.13,1,USA,Debit Card,0
ORD000593,2024-03-05,CUST01214,USB Hub,Peripherals,37.83,1,Canada,Credit Card,10
ORD001756,2024-04-28,CUST01001,Monitor,Displays,498.99,1,Netherlands,Credit Card,0
ORD006112,2024-02-11,CUST01004,Webcam,Video,58.86,1,USA,Bank Transfer,10
ORD007201,2024-06-15,CUST01204,Mouse,Peripherals,89.71,3,Canada,Bank Transfer,15
ORD004012,2024-03-28,CUST01001,Mouse,Peripherals,57.91,2,France,Debit Card,0
ORD005829,2024-08-08,CUST01001,Monitor,Displays,444.4,3,France,Unknown,0
ORD003394,2024-04-29,CUST01184,Monitor,Displays,529.27,3,Canada,Unknown,15
ORD000848,2024-06-21,CUST01001,Laptop,Computers,1100.22,1,Germany,Credit Card,0
ORD003784,2024-09-26,CUST01051,Phone Stand,Accessories,53.62,3,USA,PayPal,0
ORD000625,2024-02-09,CUST01001,Phone Stand,Accessories,-10.31,2,Netherlands,Debit Card,0
ORD003379,2024-01-15,CUST01001,USB Hub,Peripherals,-100.0,4,France,PayPal,0
ORD003261,2024-04-02,CUST01007,Mouse,Peripherals,90.2,4,Germany,Bank Transfer,0
ORD001650,2024-06-12,CUST01022,Mouse,Peripherals,76.89,4,France,Debit Card,0
ORD003474,2024-12-02,CUST01001,Headphones,Audio,162.26,2,UK,Debit Card,0
ORD007106,2024-11-27,CUST01001,Laptop,Computers,1036.86,3,UK,Credit Card,15
ORD000757,2024-10-05,CUST01003,Headphones,Audio,83.49,3,USA,Debit Card,0
ORD007429,2024-04-12,CUST01041,Mouse,Peripherals,100.63,1,USA,Unknown,0
ORD007761,2024-07-02,CUST01001,HDMI Cable,Cables,59.41,4,Netherlands,Credit Card,0
ORD001872,2024-11-14,CUST01018,Phone Stand,Accessories,15.91,1,Poland,PayPal,5
ORD004130,2024-07-22,CUST01437,HDMI Cable,Cables,31.13,2,UK,PayPal,0
ORD005970,2024-07-29,CUST01054,Headphones,Audio,96.2,4,Canada,Unknown,0
ORD006560,2024-06-02,CUST01002,Monitor,Displays,447.24,3,Netherlands,Debit Card,0
ORD006533,2024-12-19,CUST01001,Keyboard,Peripherals,108.65,3,France,PayPal,0
ORD006358,2024-02-29,CUST01001,Laptop,Computers,1066.93,4,Canada,PayPal,0
ORD006957,2024-11-03,CUST01001,HDMI Cable,Cables,48.31,1,Canada,Unknown,15
ORD005078,2024-01-23,CUST01006,Monitor,Displays,480.59,3,UK,Debit Card,10
ORD001889,2024-05-09,CUST01001,Webcam,Video,33.81,1,France,Credit Card,0
ORD000765,2024-10-18,CUST01001,Keyboard,Peripherals,166.36,2,UK,Credit Card,0
ORD003882,2024-07-12,CUST01003,Phone Stand,Accessories,18.63,3,Germany,Unknown,10
ORD002759,2024-07-01,CUST01001,Webcam,Video,67.62,4,Canada,Unknown,0
ORD003012,2024-06-06,CUST01001,Monitor,Displays,487.53,2,Poland,Bank Transfer,5
ORD003072,2024-11-18,CUST01106,HDMI Cable,Cables,62.21,4,France,Credit Card,10
ORD005680,2024-08-23,CUST01001,Phone Stand,Accessories,26.52,1,Poland,Unknown,10
ORD001407,2024-01-15,CUST01002,Mouse,Peripherals,57.47,4,Netherlands,PayPal,0
ORD001323,2024-03-24,CUST01019,HDMI Cable,Cables,41.82,4,Netherlands,Debit Card,15
ORD001025,2024-01-29,CUST01003,Mouse,Peripherals,85.63,1,USA,Credit Card,0
ORD004242,2024-01-23,CUST01001,HDMI Cable,Cables,-18.93,1,UK,Debit Card,15
ORD000352,2024-08-22,CUST01007,Desk Lamp,Accessories,65.85,4,USA,PayPal,0
ORD007894,2024-10-20,CUST01001,Headphones,Audio,179.19,2,USA,PayPal,0
ORD002514,2024-05-10,CUST01001,Phone Stand,Accessories,63.19,2,France,PayPal,10
ORD005062,2024-09-27,CUST01002,Keyboard,Peripherals,86.36,4,Canada,Bank Transfer,0
ORD002113,2024-12-19,CUST01001,Mouse,Peripherals,55.37,1,France,Debit Card,0
ORD005500,2024-06-18,CUST01002,USB Hub,Peripherals,31.28,2,France,Credit Card,15
ORD004478,2024-05-09,CUST01001,Laptop,Computers,1111.36,4,USA,Unknown,0
ORD006877,2024-03-16,CUST01015,Keyboard,Peripherals,92.08,1,Poland,Bank Transfer,10
ORD000562,2024-10-13,CUST01001,Laptop,Computers,1023.4,4,UK,Unknown,5
ORD004642,2024-09-18,CUST01006,Headphones,Audio,120.82,2,France,PayPal,10
ORD004285,2024-05-24,CUST01010,Laptop,Computers,1109.58,4,Germany,Debit Card,0
ORD004128,2024-04-28,CUST01001,USB Hub,Peripherals,44.58,1,UK,Unknown,15
ORD002302,2024-11-15,CUST01003,Phone Stand,Accessories,36.42,3,Netherlands,PayPal,0
ORD005021,2024-04-20,CUST01001,Webcam,Video,52.59,1,UK,Credit Card,0
ORD002671,2024-04-07,CUST01007,Phone Stand,Accessories,20.69,4,UK,Bank Transfer,0
ORD001048,2024-05-26,CUST01002,Headphones,Audio,166.92,1,Poland,Bank Transfer,0
ORD005930,2024-04-12,CUST01009,Webcam,Video,96.89,4,UK,Bank Transfer,0
ORD004464,2024-05-09,CUST01004,Webcam,Video,115.24,1,Germany,PayPal,0
ORD000415,2024-01-22,CUST01002,Webcam,Video,110.82,4,France,Unknown,15
ORD005863,2024-08-17,CUST01011,Mouse,Peripherals,12.15,2,UK,Unknown,0
ORD006115,2024-10-19,CUST01002,Webcam,Video,29.36,4,UK,Credit Card,0
ORD007883,2024-10-19,CUST01001,Webcam,Video,76.52,3,France,Unknown,0
ORD003543,2024-07-30,CUST01018,USB Hub,Peripherals,6.43,4,Canada,Credit Card,0
ORD003136,2024-05-14,CUST01001,HDMI Cable,Cables,-4.77,2,France,Unknown,0
ORD004320,2024-10-24,CUST01001,Phone Stand,Accessories,40.74,1,USA,PayPal,0
ORD003351,2024-10-17,CUST01001,Headphones,Audio,165.76,4,Germany,PayPal,0
ORD004031,2024-11-12,CUST01002,HDMI Cable,Cables,57.08,4,Netherlands,Debit Card,0
ORD006452,2024-09-07,CUST01002,Mouse,Peripherals,85.81,2,Germany,PayPal,0
ORD005039,2024-05-02,CUST01030,Headphones,Audio,118.07,2,UK,Credit Card,0
ORD003017,2024-12-10,CUST01002,Mouse,Peripherals,57.02,1,France,Unknown,10
ORD000843,2024-03-17,CUST01007,USB Hub,Peripherals,3.71,4,UK,PayPal,0
ORD001147,2024-02-27,CUST01001,HDMI Cable,Cables,58.45,3,Netherlands,PayPal,0
ORD004852,2024-10-22,CUST01001,Mouse,Peripherals,24.89,3,UK,PayPal,15
ORD001740,2024-02-20,CUST01002,Laptop,Computers,1094.55,4,UK,Unknown,5
ORD007172,2024-05-29,CUST01001,Keyboard,Peripherals,90.99,4,France,Credit Card,0
ORD001254,2024-06-15,CUST01001,Desk Lamp,Accessories,132.62,3,Poland,Credit Card,0
ORD005144,2024-10-04,CUST01032,Webcam,Video,105.62,3,UK,Debit Card,10
ORD004465,2024-09-01,CUST01011,USB Hub,Peripherals,24.89,2,Poland,Bank Transfer,0
ORD007305,2024-01-25,CUST01007,Webcam,Video,28.5,1,Canada,Debit Card,0
ORD004991,2024-05-23,CUST01137,Webcam,Video,69.1,1,France,Bank Transfer,0
ORD005370,2024-03-27,CUST01002,USB Hub,Peripherals,63.52,3,Netherlands,PayPal,15
ORD003186,2024-07-03,CUST01005,Monitor,Displays,495.97,2,Poland,Bank Transfer,5
ORD003051,2024-04-18,CUST01028,Headphones,Audio,124.68,3,USA,Debit Card,5
ORD006340,2024-09-16,CUST01001,Phone Stand,Accessories,-17.56,1,USA,Credit Card,10
ORD005647,2024-09-03,CUST01019,Desk Lamp,Accessories,45.84,3,Netherlands,Bank Transfer,0
ORD004775,2024-06-01,CUST01024,Monitor,Displays,533.47,2,France,Unknown,0
ORD006796,2024-10-18,CUST01382,Monitor,Displays,443.0,2,USA,PayPal,15
ORD004634,2024-02-18,CUST01003,Laptop,Computers,1065.79,2,Germany,Debit Card,0
ORD003837,2024-12-20,CUST01008,Headphones,Audio,120.05,2,Canada,PayPal,10
ORD004236,2024-12-07,CUST01014,Desk Lamp,Accessories,136.59,1,Netherlands,Unknown,10
ORD001673,2024-08-21,CUST01002,Mouse,Peripherals,56.45,4,Netherlands,PayPal,0
ORD005943,2024-10-15,CUST01001,HDMI Cable,Cables,45.12,3,USA,PayPal,0
ORD006009,2024-07-18,CUST01010,Monitor,Displays,446.54,3,USA,Bank Transfer,0
ORD004384,2024-01-17,CUST01005,Webcam,Video,65.77,4,France,Bank Transfer,10
ORD002035,2024-11-09,CUST01001,Headphones,Audio,132.83,4,UK,Credit Card,0
ORD002200,2024-11-28,CUST01001,USB Hub,Peripherals,42.97,1,Netherlands,Unknown,0
ORD002772,2024-11-03,CUST01001,USB Hub,Peripherals,48.62,3,Netherlands,Credit Card,0
ORD005445,2024-09-13,CUST01023,Mouse,Peripherals,54.08,3,France,Credit Card,5
ORD005466,2024-05-29,CUST01001,Laptop,Computers,1026.27,3,USA,Credit Card,0
ORD001401,2024-03-16,CUST01002,Headphones,Audio,91.96,4,France,Bank Transfer,5
ORD003478,2024-01-19,CUST01004,Monitor,Displays,473.87,3,UK,PayPal,0
ORD007263,2024-08-22,CUST01002,USB Hub,Peripherals,-1.05,1,Canada,PayPal,0
ORD004413,2024-08-06,CUST01002,Headphones,Audio,169.74,2,USA,PayPal,15
ORD002374,2024-06-06,CUST01001,HDMI Cable,Cables,3.72,4,USA,Bank Transfer,15
ORD007145,2024-04-08,CUST01001,Phone Stand,Accessories,19.61,1,Netherlands,PayPal,5
ORD004716,2024-01-01,CUST01003,Monitor,Displays,497.06,4,Netherlands,PayPal,15
ORD003429,2024-12-04,CUST01302,Mouse,Peripherals,52.69,2,UK,Debit Card,0
ORD001176,2024-12-08,CUST01001,USB Hub,Peripherals,32.65,2,France,Debit Card,0
ORD005716,2024-08-22,CUST01078,Desk Lamp,Accessories,42.82,2,France,Unknown,0
ORD006973,2024-12-07,CUST01006,HDMI Cable,Cables,21.81,4,France,Unknown,0
ORD002587,2024-04-09,CUST01002,HDMI Cable,Cables,-31.25,2,Netherlands,PayPal,0
ORD007131,2024-12-11,CUST01018,Mouse,Peripherals,20.33,2,Poland,Credit Card,10
ORD005939,2024-09-05,CUST01016,Laptop,Computers,1055.33,4,Poland,PayPal,5
ORD004481,2024-04-05,CUST01003,Phone Stand,Accessories,-14.01,4,Germany,Unknown,5
ORD005778,2024-10-26,CUST01001,Laptop,Computers,1069.39,4,UK,Debit Card,5
ORD000548,2024-01-11,CUST01002,Monitor,Displays,530.65,1,Netherlands,Bank Transfer,0
ORD007781,2024-07-19,CUST01009,Laptop,Computers,1035.15,1,Poland,Debit Card,15
ORD002459,2024-06-22,CUST01002,Webcam,Video,45.99,4,Netherlands,PayPal,0
ORD003208,2024-01-01,CUST01001,Keyboard,Peripherals,144.95,3,France,PayPal,0
ORD002288,2024-01-14,CUST01001,USB Hub,Peripherals,-3.7,4,Canada,Bank Transfer,10
ORD000173,2024-12-03,CUST01001,HDMI Cable,Cables,53.53,4,Netherlands,Unknown,10
ORD006055,2024-03-27,CUST01008,Laptop,Computers,1056.78,1,USA,Unknown,0
ORD007047,2024-10-19,CUST01018,Headphones,Audio,171.35,2,USA,Bank Transfer,0
ORD001609,2024-07-22,CUST01001,USB Hub,Peripherals,26.13,2,Poland,Unknown,0
ORD005026,2024-05-18,CUST01001,Webcam,Video,38.54,4,Canada,Unknown,0
ORD002112,2024-07-03,CUST01091,HDMI Cable,Cables,21.29,2,Netherlands,Bank Transfer,15
ORD007128,2024-08-16,CUST01003,HDMI Cable,Cables,-16.94,2,France,Unknown,0
ORD002985,2024-02-18,CUST01054,Desk Lamp,Accessories,88.77,3,Poland,Bank Transfer,10
ORD006033,2024-06-05,CUST01255,Headphones,Audio,158.67,1,UK,Credit Card,0
ORD002485,2024-07-05,CUST01001,Laptop,Computers,1099.85,4,Poland,Unknown,0
ORD002841,2024-08-27,CUST01006,USB Hub,Peripherals,-6.32,3,USA,Unknown,0
ORD005417,2024-12-24,CUST01001,Monitor,Displays,497.45,1,Germany,PayPal,15
ORD006265,2024-08-03,CUST01002,Keyboard,Peripherals,154.3,2,Netherlands,Unknown,0
ORD006663,2024-03-30,CUST01029,Phone Stand,Accessories,60.23,2,Canada,Bank Transfer,5
ORD007656,2024-04-11,CUST01001,Laptop,Computers,1100.11,4,Germany,Unknown,10
ORD001039,2024-11-13,CUST01001,Desk Lamp,Accessories,134.88,1,Canada,Bank Transfer,0
ORD000324,2024-02-12,CUST01286,Monitor,Displays,531.04,2,USA,Credit Card,5
ORD004102,2024-07-01,CUST01003,Desk Lamp,Accessories,94.76,3,Netherlands,PayPal,0
ORD002185,2024-02-10,CUST01013,USB Hub,Peripherals,39.2,1,Canada,Credit Card,0
ORD005849,2024-01-08,CUST01003,USB Hub,Peripherals,41.18,3,Netherlands,Bank Transfer,0
ORD006543,2024-08-01,CUST01001,USB Hub,Peripherals,-14.81,4,Germany,Debit Card,0
ORD000894,2024-07-31,CUST01026,Phone Stand,Accessories,45.77,3,Netherlands,Credit Card,0
ORD001427,2024-04-22,CUST01002,Mouse,Peripherals,65.73,4,UK,Bank Transfer,15
ORD002329,2024-02-14,CUST01010,Keyboard,Peripherals,107.11,1,USA,Unknown,0
ORD000325,2024-01-17,CUST01005,Phone Stand,Accessories,17.22,2,Poland,Debit Card,15
ORD001216,2024-08-21,CUST01002,Desk Lamp,Accessories,125.64,1,Germany,Unknown,15
ORD004211,2024-04-22,CUST01022,USB Hub,Peripherals,-17.18,4,USA,Debit Card,5
ORD004508,2024-11-23,CUST01001,Webcam,Video,48.19,2,UK,Debit Card,0
ORD004554,2024-01-18,CUST01001,Phone Stand,Accessories,13.49,4,Canada,Bank Transfer,0
ORD007300,2024-01-12,CUST01001,USB Hub,Peripherals,25.27,1,Netherlands,Unknown,5
ORD005031,2024-10-05,CUST01001,Laptop,Computers,1109.5,3,UK,Unknown,0
ORD001130,2024-08-04,CUST01004,USB Hub,Peripherals,29.7,1,UK,PayPal,0
ORD006962,2024-08-07,CUST01002,USB Hub,Peripherals,35.39,2,USA,Debit Card,15
ORD003652,2024-07-01,CUST01002,Mouse,Peripherals,94.01,1,Poland,PayPal,0
ORD005467,2024-04-30,CUST01008,Mouse,Peripherals,19.26,3,UK,Bank Transfer,0
ORD000665,2024-05-29,CUST01002,Mouse,Peripherals,99.98,3,UK,PayPal,0
ORD005323,2024-02-01,CUST01001,Phone Stand,Accessories,-1.4,4,UK,PayPal,10
ORD003740,2024-11-18,CUST01003,USB Hub,Peripherals,17.58,3,Germany,Bank Transfer,0
ORD000209,2024-08-25,CUST01329,HDMI Cable,Cables,57.8,3,UK,Debit Card,0
ORD005534,2024-10-29,CUST01017,Mouse,Peripherals,29.46,2,Poland,Unknown,15
ORD000748,2024-07-13,CUST01021,HDMI Cable,Cables,-29.94,1,USA,Debit Card,10
ORD001408,2024-02-14,CUST01001,Laptop,Computers,1051.47,2,Netherlands,Debit Card,0
ORD000799,2024-06-13,CUST01001,USB Hub,Peripherals,62.15,4,France,Unknown,5
ORD000089,2024-01-10,CUST01042,Monitor,Displays,477.87,2,Germany,Unknown,5
ORD000735,2024-03-25,CUST01002,USB Hub,Peripherals,25.44,2,Canada,Credit Card,0
ORD003050,2024-12-13,CUST01004,Keyboard,Peripherals,157.83,3,Canada,Debit Card,0
ORD005142,2024-03-14,CUST01010,Keyboard,Peripherals,-100.0,3,Poland,Bank Transfer,0
ORD002760,2024-09-05,CUST01008,Desk Lamp,Accessories,118.11,4,France,Unknown,10
ORD001175,2024-02-07,CUST01039,USB Hub,Peripherals,26.05,3,France,Debit Card,0
ORD006929,2024-06-30,CUST01005,Phone Stand,Accessories,21.07,3,France,Bank Transfer,0
ORD005202,2024-03-20,CUST01005,USB Hub,Peripherals,-27.67,1,Netherlands,PayPal,0
ORD001154,2024-09-28,CUST01028,Laptop,Computers,1014.58,2,Canada,Credit Card,10
ORD003838,2024-07-24,CUST01001,Monitor,Displays,517.57,4,USA,Bank Transfer,15
ORD004152,2024-02-01,CUST01003,USB Hub,Peripherals,-12.63,1,Canada,Debit Card,0
ORD001098,2024-10-03,CUST01001,Mouse,Peripherals,88.61,2,USA,Credit Card,0
ORD000549,2024-10-02,CUST01012,Mouse,Peripherals,48.21,1,UK,Unknown,0
ORD002628,2024-10-04,CUST01005,Headphones,Audio,116.73,1,USA,Debit Card,0
ORD003571,2024-06-25,CUST01003,Webcam,Video,50.43,2,USA,Unknown,0
ORD003356,2024-08-20,CUST01049,Mouse,Peripherals,55.26,3,Poland,Debit Card,5
ORD001884,2024-03-15,CUST01001,Headphones,Audio,99999.0,2,USA,Bank Transfer,10
ORD001322,2024-09-19,CUST01001,HDMI Cable,Cables,17.43,3,Poland,Debit Card,0
ORD004044,2024-07-22,CUST01003,Mouse,Peripherals,21.79,3,France,Credit Card,0
ORD003762,2024-11-25,CUST01234,Laptop,Computers,1021.51,1,Germany,Credit Card,0
ORD001745,2024-12-22,CUST01001,Headphones,Audio,104.67,4,France,Debit Card,5
ORD004061,2024-04-28,CUST01009,Mouse,Peripherals,74.14,2,Canada,Unknown,0
ORD005633,2024-04-29,CUST01002,Laptop,Computers,1016.58,4,USA,Unknown,15
ORD007884,2024-06-10,CUST01008,Keyboard,Peripherals,126.13,2,Canada,PayPal,0
ORD007309,2024-06-10,CUST01001,USB Hub,Peripherals,-16.54,3,Netherlands,Credit Card,0
ORD004252,2024-11-18,CUST01005,Monitor,Displays,465.52,1,France,Credit Card,0
ORD005405,2024-01-18,CUST01001,USB Hub,Peripherals,-12.99,2,UK,Credit Card,10
ORD007871,2024-01-20,CUST01012,Monitor,Displays,488.45,1,Canada,Credit Card,0
ORD007319,2024-03-10,CUST01001,HDMI Cable,Cables,-30.46,1,Netherlands,Credit Card,0
ORD006743,2024-04-21,CUST01008,Monitor,Displays,441.73,4,USA,Bank Transfer,0
ORD002182,2024-11-27,CUST01009,Mouse,Peripherals,73.38,2,Poland,Debit Card,10
ORD001927,2024-04-08,CUST01001,Monitor,Displays,512.22,2,UK,Debit Card,0
ORD000938,2024-11-24,CUST01001,Headphones,Audio,146.82,2,USA,Bank Transfer,0
ORD004848,2024-12-08,CUST01101,Monitor,Displays,445.73,4,Germany,Credit Card,10
ORD002689,2024-10-09,CUST01025,Desk Lamp,Accessories,63.41,1,Canada,Unknown,0
ORD007746,2024-09-30,CUST01015,Keyboard,Peripherals,82.05,4,USA,Credit Card,15
ORD001870,2024-07-25,CUST01003,USB Hub,Peripherals,6.87,2,Poland,PayPal,10
ORD006632,2024-10-16,CUST01003,Desk Lamp,Accessories,43.65,2,France,PayPal,0
ORD005059,2024-12-01,CUST01001,Headphones,Audio,82.1,4,Poland,Bank Transfer,0
ORD006766,2024-04-14,CUST01028,HDMI Cable,Cables,24.32,4,Netherlands,Credit Card,15
ORD003297,2024-05-15,CUST01001,Webcam,Video,39.26,1,Germany,Unknown,5
ORD002651,2024-06-21,CUST01002,Monitor,Displays,510.15,3,Canada,PayPal,15
ORD007483,2024-05-02,CUST01001,USB Hub,Peripherals,53.86,3,Canada,Credit Card,0
ORD002447,2024-06-11,CUST01001,Laptop,Computers,1079.34,1,Canada,Credit Card,15
ORD006508,2024-09-22,CUST01009,Laptop,Computers,1080.23,1,Netherlands,Credit Card,5
ORD006819,2024-09-03,CUST01020,Desk Lamp,Accessories,109.21,1,USA,Unknown,0
ORD000621,2024-09-17,CUST01001,Phone Stand,Accessories,-13.57,2,Poland,Debit Card,0
ORD001618,2024-07-14,CUST01002,HDMI Cable,Cables,59.36,2,USA,Bank Transfer,10
ORD007548,2024-07-04,CUST01024,HDMI Cable,Cables,-18.33,1,UK,PayPal,0
ORD004126,2024-01-06,CUST01001,USB Hub,Peripherals,44.36,4,France,Credit Card,0
ORD004983,2024-05-04,CUST01001,Keyboard,Peripherals,99999.0,3,Canada,Bank Transfer,0
ORD000479,2024-12-12,CUST01005,Keyboard,Peripherals,135.54,1,Germany,Credit Card,0
ORD001353,2024-08-15,CUST01003,Monitor,Displays,497.62,2,Germany,Debit Card,0
ORD006598,2024-07-14,CUST01001,Phone Stand,Accessories,27.03,2,Canada,Bank Transfer,0
ORD006772,2024-06-24,CUST01001,HDMI Cable,Cables,17.56,2,Netherlands,Unknown,10
ORD005764,2024-09-19,CUST01001,Webcam,Video,48.52,4,Germany,Bank Transfer,15
ORD006630,2024-06-13,CUST01963,Mouse,Peripherals,98.83,2,Canada,PayPal,0
ORD003502,2024-01-25,CUST01003,Desk Lamp,Accessories,106.43,2,Netherlands,Credit Card,0
ORD002253,2024-11-21,CUST01001,Headphones,Audio,125.64,3,Germany,Debit Card,0
ORD001034,2024-08-16,CUST01003,USB Hub,Peripherals,14.61,3,Canada,PayPal,0
ORD004023,2024-01-30,CUST01001,Mouse,Peripherals,74.36,2,Netherlands,Credit Card,0
ORD000287,2024-10-08,CUST01001,HDMI Cable,Cables,46.94,3,UK,Debit Card,5
ORD000551,2024-09-13,CUST01530,Monitor,Displays,440.12,1,Germany,Credit Card,0
ORD003791,2024-04-18,CUST01025,HDMI Cable,Cables,49.49,3,Canada,PayPal,5
ORD006722,2024-03-22,CUST01022,USB Hub,Peripherals,39.09,3,UK,Bank Transfer,5
ORD003025,2024-04-11,CUST01236,Phone Stand,Accessories,-14.19,4,USA,Unknown,0
ORD005532,2024-08-25,CUST01063,Webcam,Video,77.73,4,France,Debit Card,0
ORD007941,2024-12-12,CUST01001,Phone Stand,Accessories,28.65,2,UK,Credit Card,10
ORD003881,2024-10-01,CUST01003,Keyboard,Peripherals,138.69,1,France,Debit Card,0
ORD001426,2024-01-11,CUST01017,Phone Stand,Accessories,53.34,4,UK,Debit Card,0
ORD004533,2024-03-19,CUST01001,Monitor,Displays,461.03,4,Netherlands,PayPal,15
ORD001833,2024-06-09,CUST01048,Laptop,Computers,1060.98,4,USA,Unknown,0
ORD006742,2024-07-22,CUST01002,Monitor,Displays,467.18,2,Canada,Debit Card,5
ORD005013,2024-12-13,CUST01001,Mouse,Peripherals,68.22,3,Germany,PayPal,0
ORD003114,2024-06-16,CUST01004,Keyboard,Peripherals,159.94,4,Poland,PayPal,0
ORD005741,2024-03-29,CUST01002,USB Hub,Peripherals,56.35,4,USA,Credit Card,0
ORD003152,2024-01-08,CUST01001,Monitor,Displays,506.91,1,France,PayPal,0
ORD003144,2024-06-05,CUST01001,Phone Stand,Accessories,21.6,1,UK,Credit Card,10
ORD006512,2024-03-18,CUST01008,Monitor,Displays,489.16,4,France,Debit Card,15
ORD003617,2024-01-01,CUST01005,Desk Lamp,Accessories,129.8,3,Netherlands,Debit Card,0
ORD005643,2024-03-16,CUST01045,HDMI Cable,Cables,14.71,3,Germany,PayPal,0
ORD006643,2024-04-27,CUST01002,Desk Lamp,Accessories,130.1,2,France,Bank Transfer,10
ORD005861,2024-03-17,CUST01002,Laptop,Computers,1024.51,1,UK,Unknown,0
ORD005036,2024-08-07,CUST01040,Monitor,Displays,531.19,3,USA,PayPal,10
ORD004100,2024-07-29,CUST01002,Laptop,Computers,1092.88,2,Poland,Credit Card,0
ORD005624,2024-03-09,CUST01001,Laptop,Computers,1039.96,2,Netherlands,Debit Card,0
ORD001644,2024-05-11,CUST01002,Laptop,Computers,1093.54,4,Germany,Unknown,5
ORD000702,2024-08-05,CUST01002,Monitor,Displays,514.85,2,Germany,Debit Card,0
ORD004857,2024-05-09,CUST01002,Headphones,Audio,-100.0,3,UK,PayPal,15
ORD003004,2024-05-08,CUST01001,Phone Stand,Accessories,46.37,4,UK,Debit Card,0
ORD007416,2024-05-14,CUST01004,Mouse,Peripherals,87.39,4,Germany,Bank Transfer,0
ORD006283,2024-12-13,CUST01002,Webcam,Video,95.52,4,Canada,PayPal,5
ORD003164,2024-02-28,CUST01002,Phone Stand,Accessories,23.87,4,Netherlands,Debit Card,10
ORD001804,2024-01-08,CUST01007,Laptop,Computers,1061.8,2,France,Credit Card,0
ORD003856,2024-05-09,CUST01027,Laptop,Computers,1062.16,4,UK,Unknown,0
ORD002956,2024-09-12,CUST01002,Keyboard,Peripherals,117.04,2,Poland,Bank Transfer,0
ORD000834,2024-12-16,CUST01001,USB Hub,Peripherals,15.01,1,Germany,Unknown,15
ORD006878,2024-05-10,CUST01001,Mouse,Peripherals,57.99,2,Poland,PayPal,10
ORD001946,2024-12-06,CUST01004,Keyboard,Peripherals,129.26,4,Poland,PayPal,5
ORD000550,2024-08-14,CUST01001,Headphones,Audio,100.02,1,Germany,Debit Card,0
ORD001021,2024-01-14,CUST01005,Webcam,Video,93.04,2,Canada,PayPal,0
ORD000249,2024-07-27,CUST01014,HDMI Cable,Cables,14.8,4,UK,Unknown,15
ORD005196,2024-05-17,CUST01001,Monitor,Displays,475.71,1,France,PayPal,0
ORD004417,2024-03-27,CUST01005,Headphones,Audio,157.15,3,Germany,Credit Card,0
ORD000297,2024-07-07,CUST01001,Webcam,Video,111.41,4,USA,Credit Card,15
ORD004507,2024-07-09,CUST01001,Keyboard,Peripherals,127.62,2,Canada,PayPal,0
ORD007369,2024-08-02,CUST01001,Desk Lamp,Accessories,112.08,1,Netherlands,PayPal,0
ORD005711,2024-02-08,CUST01037,Webcam,Video,32.5,1,Poland,Credit Card,5
ORD002334,2024-05-09,CUST01001,Desk Lamp,Accessories,123.32,3,Poland,Bank Transfer,0
ORD007505,2024-08-10,CUST01003,Phone Stand,Accessories,28.33,1,France,Unknown,0
ORD000101,2024-04-15,CUST01002,Desk Lamp,Accessories,55.32,2,UK,Bank Transfer,10
ORD001729,2024-05-14,CUST01001,Phone Stand,Accessories,48.05,3,USA,Unknown,0
ORD005889,2024-12-13,CUST01001,Laptop,Computers,1052.65,2,France,Debit Card,0
ORD004055,2024-11-11,CUST01018,Webcam,Video,99999.0,2,Canada,Credit Card,0
ORD001836,2024-03-28,CUST01003,Monitor,Displays,493.04,2,Canada,Credit Card,0
ORD000533,2024-03-24,CUST01001,Headphones,Audio,104.54,1,Germany,Unknown,0
ORD002677,2024-02-15,CUST01001,Phone Stand,Accessories,6.22,4,USA,Credit Card,0
ORD002284,2024-07-07,CUST01005,Keyboard,Peripherals,115.74,3,France,Bank Transfer,0
ORD003393,2024-12-30,CUST01002,Keyboard,Peripherals,84.35,3,France,Credit Card,0
ORD001371,2024-02-29,CUST01001,Laptop,Computers,1090.62,1,Canada,Unknown,0
ORD003275,2024-06-19,CUST01736,Keyboard,Peripherals,92.82,2,USA,Unknown,0
ORD000347,2024-01-10,CUST01006,Laptop,Computers,1048.59,1,UK,Credit Card,0
ORD002719,2024-03-31,CUST01010,HDMI Cable,Cables,19.42,3,UK,Bank Transfer,0
ORD001596,2024-07-08,CUST01006,USB Hub,Peripherals,-23.12,4,Germany,Unknown,0
ORD002390,2024-08-20,CUST01002,Mouse,Peripherals,105.28,4,Canada,PayPal,10
ORD007293,2024-04-10,CUST01004,Keyboard,Peripherals,103.59,3,France,Unknown,0
ORD000682,2024-06-04,CUST01032,Desk Lamp,Accessories,108.57,2,UK,Credit Card,5
ORD002880,2024-11-01,CUST01001,HDMI Cable,Cables,-21.66,4,Poland,PayPal,0
ORD006595,2024-07-09,CUST01005,Headphones,Audio,109.56,2,Netherlands,Debit Card,0
ORD007698,2024-10-05,CUST01001,USB Hub,Peripherals,-5.72,1,France,Unknown,0
ORD004339,2024-10-28,CUST01010,HDMI Cable,Cables,57.78,2,France,Unknown,0
ORD001490,2024-11-11,CUST01002,Laptop,Computers,1035.85,3,Netherlands,Credit Card,5
ORD004815,2024-07-17,CUST01001,Mouse,Peripherals,58.3,1,Canada,PayPal,0
ORD003752,2024-09-25,CUST01001,Webcam,Video,84.7,4,France,PayPal,15
ORD001516,2024-04-03,CUST01449,USB Hub,Peripherals,12.82,3,Netherlands,Unknown,15
ORD006692,2024-09-29,CUST01002,Headphones,Audio,167.37,1,USA,Unknown,0
ORD002269,2024-08-19,CUST01002,Mouse,Peripherals,60.32,2,Poland,Credit Card,0
ORD001182,2024-07-31,CUST01004,Desk Lamp,Accessories,99.31,4,Netherlands,Debit Card,5
ORD001376,2024-04-28,CUST01001,Phone Stand,Accessories,-5.85,1,USA,Credit Card,5
ORD006135,2024-10-12,CUST01001,USB Hub,Peripherals,71.68,2,UK,Debit Card,0
ORD001562,2024-03-02,CUST01001,Laptop,Computers,1098.44,3,Germany,Unknown,5
ORD004148,2024-11-06,CUST01001,HDMI Cable,Cables,-26.37,1,Netherlands,Credit Card,15
ORD002228,2024-03-08,CUST01008,Phone Stand,Accessories,35.02,3,Netherlands,Bank Transfer,5
ORD001972,2024-10-19,CUST01508,USB Hub,Peripherals,17.65,4,USA,Bank Transfer,0
ORD005019,2024-09-22,CUST01001,Headphones,Audio,158.41,2,UK,Debit Card,0
ORD003699,2024-04-12,CUST01001,Phone Stand,Accessories,-0.29,1,UK,PayPal,5
ORD006587,2024-02-12,CUST01011,Webcam,Video,102.32,3,UK,Unknown,0
ORD001558,2024-02-04,CUST01001,Mouse,Peripherals,49.93,1,Germany,Unknown,10
ORD006634,2024-11-22,CUST01001,HDMI Cable,Cables,2.11,4,Poland,Credit Card,15
ORD000085,2024-10-08,CUST01008,Laptop,Computers,1070.73,4,Netherlands,PayPal,0
ORD005872,2024-08-16,CUST01001,Laptop,Computers,1104.98,3,Canada,Bank Transfer,10
ORD001576,2024-02-19,CUST01011,Mouse,Peripherals,54.51,1,UK,Bank Transfer,10
ORD002819,2024-06-05,CUST01009,USB Hub,Peripherals,-19.58,4,UK,Bank Transfer,0
ORD003769,2024-08-27,CUST01001,Webcam,Video,70.18,1,France,Bank Transfer,0
ORD001871,2024-09-08,CUST01001,Webcam,Video,123.12,3,France,PayPal,0
ORD002143,2024-09-16,CUST01001,Keyboard,Peripherals,160.23,1,Poland,Credit Card,0
ORD000419,2024-05-08,CUST01003,USB Hub,Peripherals,-13.8,1,Germany,Debit Card,0
ORD005415,2024-06-11,CUST01007,Webcam,Video,52.4,4,Canada,Credit Card,0
ORD004114,2024-11-24,CUST01123,Phone Stand,Accessories,8.49,3,UK,Unknown,0
ORD007034,2024-02-24,CUST01003,Desk Lamp,Accessories,125.46,4,Poland,PayPal,0
ORD003071,2024-09-25,CUST01042,Keyboard,Peripherals,102.76,2,Canada,Unknown,0
ORD000294,2024-08-20,CUST01001,Phone Stand,Accessories,19.74,4,UK,Credit Card,15
ORD005864,2024-10-29,CUST01002,Webcam,Video,109.87,3,France,PayPal,10
ORD004875,2024-02-10,CUST01001,Headphones,Audio,169.18,2,Canada,Bank Transfer,5
ORD003659,2024-01-10,CUST01001,Mouse,Peripherals,13.57,1,Poland,Bank Transfer,0
ORD006603,2024-03-31,CUST01001,HDMI Cable,Cables,60.13,3,Netherlands,Bank Transfer,0
ORD005814,2024-09-24,CUST01067,Desk Lamp,Accessories,88.96,3,Netherlands,Unknown,5
ORD007559,2024-10-26,CUST01010,Laptop,Computers,1017.36,2,Canada,Unknown,0
ORD004547,2024-08-30,CUST01013,USB Hub,Peripherals,54.18,4,USA,Credit Card,5
ORD001150,2024-01-11,CUST01035,Phone Stand,Accessories,56.5,1,Poland,Debit Card,10
ORD007751,2024-08-12,CUST01022,Mouse,Peripherals,20.65,4,Germany,Unknown,0
ORD002541,2024-05-07,CUST01001,Mouse,Peripherals,50.36,2,Germany,Bank Transfer,10
ORD001727,2024-06-13,CUST01004,Mouse,Peripherals,90.96,4,Canada,PayPal,0
ORD006438,2024-06-25,CUST01009,Desk Lamp,Accessories,138.05,1,UK,Bank Transfer,0
ORD007677,2024-09-29,CUST01004,Monitor,Displays,505.76,3,Germany,Credit Card,0
ORD007130,2024-02-16,CUST01002,Mouse,Peripherals,93.87,4,Canada,Unknown,0
ORD006226,2024-11-03,CUST01001,Mouse,Peripherals,21.73,4,UK,Unknown,0
ORD007827,2024-08-09,CUST01001,Webcam,Video,92.36,1,Netherlands,Credit Card,0
ORD004705,2024-07-06,CUST01001,Monitor,Displays,500.26,4,UK,Bank Transfer,0
ORD005725,2024-09-04,CUST01015,Desk Lamp,Accessories,55.38,1,Germany,Credit Card,0
ORD007119,2024-04-28,CUST01006,Headphones,Audio,175.34,3,Canada,PayPal,5
ORD007558,2024-01-21,CUST01052,Laptop,Computers,1077.36,2,France,Debit Card,0
ORD003246,2024-02-22,CUST01001,Webcam,Video,-100.0,1,Canada,Unknown,5
ORD006164,2024-11-01,CUST01001,Headphones,Audio,96.48,4,Netherlands,Unknown,0
ORD005164,2024-01-13,CUST01002,HDMI Cable,Cables,-19.03,1,USA,Bank Transfer,10
ORD006174,2024-12-20,CUST01008,Mouse,Peripherals,67.58,3,Poland,Unknown,10
ORD007501,2024-11-01,CUST01021,Mouse,Peripherals,71.09,3,UK,PayPal,0
ORD007518,2024-07-18,CUST01035,USB Hub,Peripherals,34.98,4,Poland,Credit Card,0
ORD001663,2024-11-12,CUST01014,USB Hub,Peripherals,-21.92,4,France,PayPal,0
ORD000374,2024-11-16,CUST01001,Monitor,Displays,-100.0,4,UK,Credit Card,15
ORD002930,2024-01-16,CUST01306,Headphones,Audio,87.9,1,UK,PayPal,5
ORD005799,2024-08-17,CUST01001,USB Hub,Peripherals,67.97,4,France,Bank Transfer,0
ORD004503,2024-02-03,CUST01022,Desk Lamp,Accessories,54.24,3,Poland,Debit Card,0
ORD002843,2024-03-10,CUST01001,USB Hub,Peripherals,40.99,3,Netherlands,Debit Card,0
ORD004406,2024-06-27,CUST01008,Phone Stand,Accessories,68.76,1,UK,Unknown,10
ORD007441,2024-07-14,CUST01002,Webcam,Video,78.46,2,Canada,Bank Transfer,0
ORD001672,2024-12-22,CUST01019,Mouse,Peripherals,92.53,2,UK,Unknown,5
ORD002457,2024-05-24,CUST01974,Webcam,Video,93.29,3,Canada,Credit Card,0
ORD003996,2024-04-07,CUST01004,Webcam,Video,99999.0,1,Netherlands,PayPal,15
ORD005092,2024-07-29,CUST01001,Desk Lamp,Accessories,98.89,1,France,Credit Card,15
ORD007090,2024-11-20,CUST01001,Desk Lamp,Accessories,82.88,4,USA,Debit Card,0
ORD002304,2024-09-13,CUST01001,Monitor,Displays,447.69,4,France,Bank Transfer,0
ORD006561,2024-07-24,CUST01050,Mouse,Peripherals,91.63,2,UK,PayPal,0
ORD001666,2024-04-21,CUST01002,Headphones,Audio,143.77,3,Germany,PayPal,0
ORD001394,2024-09-25,CUST01002,HDMI Cable,Cables,29.28,3,France,Unknown,15
ORD000813,2024-05-01,CUST01186,USB Hub,Peripherals,-17.02,4,Netherlands,Bank Transfer,10
ORD006326,2024-09-28,CUST01005,Webcam,Video,86.1,1,Canada,PayPal,10
ORD006200,2024-01-19,CUST01001,Headphones,Audio,171.2,4,Canada,Debit Card,15
ORD002211,2024-09-13,CUST01003,Headphones,Audio,103.26,4,Netherlands,Credit Card,0
ORD006126,2024-02-07,CUST01001,Mouse,Peripherals,69.2,4,Canada,Credit Card,15
ORD002893,2024-01-01,CUST01001,Webcam,Video,91.7,1,UK,Debit Card,0
ORD002088,2024-08-19,CUST01008,Phone Stand,Accessories,23.08,2,Netherlands,Debit Card,10
ORD005595,2024-01-15,CUST01001,Webcam,Video,59.98,2,Germany,Credit Card,0
ORD006502,2024-10-12,CUST01426,Phone Stand,Accessories,66.72,2,Poland,PayPal,0
ORD001700,2024-08-25,CUST01005,USB Hub,Peripherals,49.73,4,France,Unknown,0
ORD006475,2024-03-12,CUST01006,USB Hub,Peripherals,45.01,1,Canada,Bank Transfer,10
ORD001741,2024-07-14,CUST01001,Desk Lamp,Accessories,75.28,1,Canada,PayPal,10
ORD004603,2024-06-26,CUST01001,Headphones,Audio,125.7,4,Germany,Credit Card,0
ORD001678,2024-06-26,CUST01060,Monitor,Displays,471.75,3,Germany,PayPal,5
ORD001670,2024-09-10,CUST01009,USB Hub,Peripherals,40.95,1,USA,Credit Card,15
ORD000922,2024-10-31,CUST01001,Headphones,Audio,148.28,3,Canada,Bank Transfer,0
ORD000323,2024-01-06,CUST01002,USB Hub,Peripherals,47.32,4,USA,Bank Transfer,0
ORD003097,2024-09-21,CUST01009,Monitor,Displays,456.62,4,Germany,Credit Card,0
ORD006968,2024-10-29,CUST01001,Phone Stand,Accessories,43.24,1,France,PayPal,10
ORD006204,2024-05-08,CUST01002,Webcam,Video,76.41,4,Germany,Bank Transfer,0
ORD003492,2024-10-19,CUST01001,Mouse,Peripherals,-100.0,2,Poland,PayPal,10
ORD006109,2024-04-06,CUST01001,Keyboard,Peripherals,156.42,2,UK,Bank Transfer,5
ORD005348,2024-12-22,CUST01007,Laptop,Computers,1095.71,1,Canada,Bank Transfer,0
ORD006747,2024-11-01,CUST01012,USB Hub,Peripherals,17.29,4,Germany,Bank Transfer,0
ORD002967,2024-11-02,CUST01006,Laptop,Computers,1054.45,2,UK,Bank Transfer,5
ORD000232,2024-12-14,CUST01745,Desk Lamp,Accessories,112.51,1,Poland,Unknown,0
ORD001966,2024-12-09,CUST01039,Webcam,Video,103.89,3,UK,Unknown,10
ORD007795,2024-02-12,CUST01002,HDMI Cable,Cables,10.97,2,UK,Debit Card,0
ORD006229,2024-11-12,CUST01002,Webcam,Video,102.57,1,Netherlands,Credit Card,15
ORD001080,2024-03-25,CUST01001,Desk Lamp,Accessories,50.34,1,UK,Debit Card,15
ORD006060,2024-03-28,CUST01003,Webcam,Video,112.49,1,France,PayPal,0
ORD001116,2024-07-20,CUST01002,Keyboard,Peripherals,170.25,3,UK,Bank Transfer,15
ORD002023,2024-06-18,CUST01003,Desk Lamp,Accessories,86.17,4,Canada,PayPal,0
ORD006754,2024-04-14,CUST01002,Laptop,Computers,1097.89,4,Poland,Credit Card,5
ORD001468,2024-10-05,CUST01016,Desk Lamp,Accessories,45.97,3,Poland,Unknown,5
ORD002940,2024-12-06,CUST01001,Desk Lamp,Accessories,76.36,1,USA,PayPal,0
ORD002642,2024-05-14,CUST01003,USB Hub,Peripherals,0.32,2,France,Debit Card,0
ORD001579,2024-06-05,CUST01004,HDMI Cable,Cables,20.8,4,UK,Bank Transfer,0
ORD003602,2024-02-22,CUST01001,Mouse,Peripherals,65.42,2,Canada,Unknown,0
ORD007799,2024-04-03,CUST01002,Webcam,Video,102.79,1,France,Bank Transfer,0
ORD005905,2024-07-07,CUST01049,Webcam,Video,34.87,1,UK,Credit Card,0
ORD003807,2024-05-11,CUST01623,Monitor,Displays,529.96,3,Canada,Unknown,0
ORD001451,2024-05-23,CUST01001,Monitor,Displays,526.36,1,Germany,Bank Transfer,0
ORD005607,2024-11-16,CUST01003,Laptop,Computers,1075.52,3,France,Bank Transfer,0
ORD007245,2024-04-27,CUST01001,Webcam,Video,52.71,4,Netherlands,Credit Card,5
ORD005788,2024-12-22,CUST01011,Headphones,Audio,178.43,1,UK,Credit Card,10
ORD003800,2024-01-20,CUST01014,HDMI Cable,Cables,-6.34,2,Netherlands,Bank Transfer,0
ORD006144,2024-01-23,CUST01001,HDMI Cable,Cables,-15.36,1,Poland,Unknown,0
ORD003863,2024-02-27,CUST01001,Headphones,Audio,112.67,4,UK,Debit Card,0
ORD002580,2024-09-17,CUST01002,HDMI Cable,Cables,-0.18,1,France,PayPal,0
ORD001489,2024-05-18,CUST01001,HDMI Cable,Cables,-6.58,2,Germany,Debit Card,0
ORD005155,2024-02-24,CUST01013,Webcam,Video,106.0,3,Canada,Credit Card,5
ORD007001,2024-04-01,CUST01007,Monitor,Displays,441.6,4,France,Unknown,0
ORD003917,2024-08-08,CUST01049,Monitor,Displays,522.43,3,USA,PayPal,0
ORD001942,2024-03-21,CUST01005,Monitor,Displays,485.07,1,Germany,Bank Transfer,0
ORD002863,2024-11-21,CUST01123,Keyboard,Peripherals,145.84,3,Netherlands,Credit Card,0
ORD005224,2024-05-29,CUST01001,USB Hub,Peripherals,16.96,3,Germany,Credit Card,15
ORD001515,2024-06-26,CUST01001,Mouse,Peripherals,93.06,4,USA,PayPal,0
ORD000266,2024-07-02,CUST01011,Monitor,Displays,476.01,2,Germany,Credit Card,0
ORD000001,2024-01-08,CUST01001,Phone Stand,Accessories,62.34,4,Netherlands,PayPal,15
ORD001452,2024-08-25,CUST01036,Keyboard,Peripherals,85.68,2,Germany,PayPal,0
ORD004392,2024-07-08,CUST01001,HDMI Cable,Cables,-23.24,3,USA,Bank Transfer,10
ORD004516,2024-06-05,CUST01001,USB Hub,Peripherals,14.45,2,USA,Bank Transfer,0
ORD002919,2024-10-02,CUST01007,Desk Lamp,Accessories,105.15,4,France,Unknown,5
ORD003092,2024-09-30,CUST01003,USB Hub,Peripherals,43.48,1,Germany,Bank Transfer,0
ORD003353,2024-09-09,CUST01019,Keyboard,Peripherals,144.8,3,Germany,Debit Card,5
ORD000839,2024-07-02,CUST01004,USB Hub,Peripherals,23.72,4,Canada,PayPal,5
ORD000015,2024-06-15,CUST01415,Keyboard,Peripherals,126.18,2,Netherlands,Unknown,0
ORD004654,2024-10-29,CUST01002,Monitor,Displays,448.36,1,UK,Credit Card,0
ORD002987,2024-02-27,CUST01001,USB Hub,Peripherals,9.62,2,Germany,Bank Transfer,0
ORD003555,2024-06-16,CUST01004,HDMI Cable,Cables,-22.18,2,UK,Credit Card,10
ORD005846,2024-10-05,CUST01068,Phone Stand,Accessories,56.45,4,Poland,Bank Transfer,0
ORD000009,2024-06-06,CUST01012,Mouse,Peripherals,49.48,2,Netherlands,Credit Card,15
ORD007143,2024-12-17,CUST01002,HDMI Cable,Cables,5.39,1,Canada,Unknown,5
ORD002974,2024-10-25,CUST01002,Laptop,Computers,-100.0,4,USA,Bank Transfer,10
ORD002265,2024-12-12,CUST01004,Mouse,Peripherals,40.31,1,Poland,Bank Transfer,5
ORD003847,2024-05-09,CUST01001,USB Hub,Peripherals,50.03,3,France,PayPal,15
ORD006050,2024-10-30,CUST01054,Webcam,Video,34.51,4,France,Unknown,5
ORD003967,2024-05-16,CUST01002,HDMI Cable,Cables,37.84,2,Poland,Bank Transfer,0
ORD006291,2024-10-12,CUST01002,Phone Stand,Accessories,40.6,3,Poland,Bank Transfer,5
ORD006988,2024-11-28,CUST01003,USB Hub,Peripherals,5.25,2,Germany,PayPal,0
ORD000340,2024-08-16,CUST01479,USB Hub,Peripherals,32.1,1,Poland,Credit Card,0
ORD000122,2024-03-22,CUST01004,Headphones,Audio,147.36,1,Poland,Debit Card,0
ORD002246,2024-07-27,CUST01004,Keyboard,Peripherals,82.51,3,UK,Credit Card,15
ORD007470,2024-06-12,CUST01001,USB Hub,Peripherals,21.46,3,Poland,Bank Transfer,0
ORD001091,2024-01-22,CUST01030,Webcam,Video,24.06,1,Canada,Bank Transfer,0
ORD006102,2024-05-17,CUST01009,Mouse,Peripherals,71.78,2,Germany,Bank Transfer,0
ORD001373,2024-12-19,CUST01001,Desk Lamp,Accessories,139.54,4,Poland,PayPal,5
ORD006037,2024-02-08,CUST01001,Phone Stand,Accessories,67.98,4,Poland,Bank Transfer,0
ORD001318,2024-10-15,CUST01001,Phone Stand,Accessories,45.33,1,France,Unknown,0
ORD000623,2024-07-05,CUST01001,Keyboard,Peripherals,74.3,1,UK,Credit Card,5
ORD001420,2024-11-12,CUST01001,Mouse,Peripherals,12.8,2,Netherlands,Bank Transfer,15
ORD004060,2024-11-05,CUST01001,HDMI Cable,Cables,61.46,3,UK,Debit Card,15
ORD007935,2024-05-19,CUST01018,Mouse,Peripherals,9.97,2,UK,Unknown,10
ORD006019,2024-09-19,CUST01014,Webcam,Video,74.21,4,Canada,Credit Card,0
ORD002477,2024-06-25,CUST01002,Keyboard,Peripherals,135.61,2,Netherlands,Debit Card,10
ORD007225,2024-05-03,CUST01263,Headphones,Audio,131.31,2,Canada,Bank Transfer,0
ORD006890,2024-06-02,CUST01333,Keyboard,Peripherals,143.45,4,Germany,Debit Card,5
ORD006981,2024-12-11,CUST01001,Headphones,Audio,156.42,4,USA,PayPal,0
ORD001411,2024-04-25,CUST01001,Mouse,Peripherals,101.33,4,Germany,Bank Transfer,0
ORD002084,2024-07-10,CUST01001,Keyboard,Peripherals,100.46,2,Poland,Unknown,10
ORD004939,2024-10-20,CUST01018,Keyboard,Peripherals,149.33,4,Poland,Bank Transfer,0
ORD000890,2024-02-01,CUST01004,Webcam,Video,79.67,4,Poland,Credit Card,0
ORD005673,2024-11-29,CUST01725,Phone Stand,Accessories,-10.51,3,Canada,Bank Transfer,0
ORD007713,2024-01-02,CUST01001,Laptop,Computers,1051.08,2,France,PayPal,0
ORD006141,2024-07-30,CUST01001,Phone Stand,Accessories,-15.01,1,Poland,Unknown,0
ORD007899,2024-05-24,CUST01026,Laptop,Computers,1032.91,4,Canada,Debit Card,15
ORD004833,2024-05-08,CUST01001,Laptop,Computers,1032.99,2,Germany,Debit Card,0
ORD000197,2024-02-07,CUST01003,HDMI Cable,Cables,54.72,4,USA,Debit Card,0
ORD004562,2024-09-03,CUST01010,Webcam,Video,99.47,4,Canada,Bank Transfer,0
ORD003667,2024-03-04,CUST01152,Webcam,Video,43.07,4,Netherlands,PayPal,10
ORD000416,2024-07-19,CUST01493,Headphones,Audio,117.31,2,Netherlands,Unknown,0
ORD008000,2024-01-15,CUST01124,Desk Lamp,Accessories,95.61,3,USA,Debit Card,0
ORD004639,2024-11-14,CUST01182,Desk Lamp,Accessories,71.47,2,UK,Credit Card,5
ORD007880,2024-05-26,CUST01001,HDMI Cable,Cables,48.9,3,Germany,PayPal,0
ORD004678,2024-01-04,CUST01001,Webcam,Video,103.04,1,USA,Bank Transfer,0
ORD000433,2024-05-16,CUST01003,Headphones,Audio,146.46,1,Netherlands,PayPal,0
ORD003194,2024-11-09,CUST01005,Monitor,Displays,516.48,3,USA,Credit Card,10
ORD002856,2024-07-30,CUST01002,Laptop,Computers,1066.47,1,UK,Credit Card,5
ORD002723,2024-01-22,CUST01006,HDMI Cable,Cables,-6.11,4,Canada,Debit Card,0
ORD006760,2024-04-29,CUST01007,HDMI Cable,Cables,18.21,2,UK,Bank Transfer,0
ORD003574,2024-11-09,CUST01002,Webcam,Video,32.51,2,Canada,Bank Transfer,0
ORD002681,2024-07-12,CUST01001,Webcam,Video,102.26,4,UK,Unknown,0
ORD004938,2024-09-27,CUST01001,Monitor,Displays,448.59,1,USA,Debit Card,0
ORD003942,2024-10-31,CUST01001,Desk Lamp,Accessories,-100.0,1,UK,Bank Transfer,10
ORD001109,2024-04-06,CUST01001,USB Hub,Peripherals,48.58,3,Poland,Credit Card,5
ORD005644,2024-05-08,CUST01003,USB Hub,Peripherals,71.05,1,USA,Bank Transfer,0
ORD007841,2024-04-20,CUST01001,Keyboard,Peripherals,151.81,1,Netherlands,Debit Card,0
ORD004088,2024-01-30,CUST01002,Laptop,Computers,1025.48,4,Poland,Credit Card,10
ORD006707,2024-02-02,CUST01010,Phone Stand,Accessories,53.59,2,Poland,PayPal,10
ORD006275,2024-03-16,CUST01076,Keyboard,Peripherals,94.84,2,Netherlands,Credit Card,0
ORD003183,2024-12-13,CUST01001,Phone Stand,Accessories,59.85,2,Canada,PayPal,10
ORD001196,2024-10-08,CUST01002,Laptop,Computers,1060.17,2,Netherlands,Credit Card,0
ORD007660,2024-05-04,CUST01001,Phone Stand,Accessories,23.55,3,Poland,Bank Transfer,0
ORD002446,2024-02-20,CUST01002,Phone Stand,Accessories,-8.88,3,USA,Unknown,0
ORD000605,2024-11-14,CUST01017,Keyboard,Peripherals,127.49,4,Germany,Bank Transfer,0
ORD004463,2024-03-17,CUST01004,Keyboard,Peripherals,87.81,3,USA,Unknown,15
ORD000881,2024-09-20,CUST01004,HDMI Cable,Cables,-21.62,4,UK,PayPal,15
ORD001220,2024-05-29,CUST01095,Keyboard,Peripherals,151.29,3,USA,Bank Transfer,0
ORD005381,2024-02-20,CUST01003,Laptop,Computers,1078.11,2,Germany,Credit Card,0
ORD003182,2024-11-29,CUST01002,Headphones,Audio,173.01,1,Canada,Bank Transfer,0
ORD004246,2024-08-28,CUST01001,Headphones,Audio,163.37,4,France,Credit Card,0
ORD006609,2024-07-02,CUST01004,USB Hub,Peripherals,2.38,1,UK,PayPal,0
ORD005138,2024-11-24,CUST01013,Keyboard,Peripherals,168.24,2,France,Credit Card,5
ORD003873,2024-12-15,CUST01001,Headphones,Audio,151.99,3,Poland,Unknown,0
ORD005365,2024-06-25,CUST01001,Laptop,Computers,1038.33,1,France,Credit Card,0
ORD002578,2024-09-06,CUST01002,USB Hub,Peripherals,-24.99,4,France,PayPal,0
ORD005470,2024-04-20,CUST01010,USB Hub,Peripherals,0.0,3,Canada,Bank Transfer,0
ORD003743,2024-04-24,CUST01055,HDMI Cable,Cables,59.34,1,Netherlands,PayPal,10
ORD001159,2024-01-03,CUST01002,Laptop,Computers,1025.87,4,Germany,Debit Card,0
ORD004813,2024-05-17,CUST01031,Monitor,Displays,-100.0,4,France,Bank Transfer,0
ORD005187,2024-09-26,CUST01001,HDMI Cable,Cables,27.11,2,Canada,PayPal,0
ORD006302,2024-07-10,CUST01002,Laptop,Computers,1106.41,1,France,Credit Card,5
ORD004387,2024-04-18,CUST01002,HDMI Cable,Cables,42.81,3,Poland,Bank Transfer,5
ORD002645,2024-10-07,CUST01012,HDMI Cable,Cables,-6.18,3,USA,Bank Transfer,5
ORD005131,2024-07-29,CUST01008,Phone Stand,Accessories,23.86,2,USA,PayPal,0
ORD007726,2024-08-19,CUST01021,HDMI Cable,Cables,22.01,4,Netherlands,Bank Transfer,10
ORD004396,2024-09-06,CUST01001,Headphones,Audio,171.69,3,Canada,Bank Transfer,10
ORD005340,2024-09-09,CUST01207,Mouse,Peripherals,9.62,3,UK,Unknown,0
ORD003430,2024-12-05,CUST01001,Desk Lamp,Accessories,140.21,2,UK,PayPal,15
ORD001887,2024-08-12,CUST01010,Laptop,Computers,1068.58,2,Netherlands,Credit Card,0
ORD006415,2024-06-08,CUST01001,Phone Stand,Accessories,37.15,4,Poland,PayPal,15
ORD003999,2024-09-05,CUST01036,Keyboard,Peripherals,137.41,4,Germany,Unknown,0
ORD004380,2024-01-17,CUST01001,Keyboard,Peripherals,83.1,2,France,Debit Card,0
ORD000905,2024-07-20,CUST01005,HDMI Cable,Cables,-2.49,1,Germany,PayPal,15
ORD001447,2024-09-08,CUST01004,Laptop,Computers,1107.19,2,Canada,Bank Transfer,0
ORD007524,2024-07-01,CUST01002,Monitor,Displays,437.66,2,France,PayPal,0
ORD002810,2024-05-10,CUST01001,Phone Stand,Accessories,53.02,1,France,PayPal,0
ORD006736,2024-12-29,CUST01094,Mouse,Peripherals,7.18,3,Poland,PayPal,10
ORD006035,2024-09-12,CUST01001,Headphones,Audio,178.75,3,USA,Credit Card,0
ORD006844,2024-10-12,CUST01004,Desk Lamp,Accessories,126.89,4,Poland,Unknown,0
ORD004149,2024-12-15,CUST01009,Laptop,Computers,1058.2,4,Netherlands,Unknown,0
ORD001566,2024-02-04,CUST01003,Laptop,Computers,1072.98,4,Canada,Bank Transfer,0
ORD003818,2024-06-24,CUST01002,Desk Lamp,Accessories,98.64,3,Poland,Bank Transfer,0
ORD007553,2024-02-11,CUST01002,USB Hub,Peripherals,-0.83,2,UK,Bank Transfer,5
ORD004223,2024-05-10,CUST01001,HDMI Cable,Cables,64.08,1,Netherlands,Bank Transfer,0
ORD006530,2024-08-09,CUST01674,Desk Lamp,Accessories,47.44,4,Netherlands,Unknown,5
ORD004882,2024-01-21,CUST01001,Mouse,Peripherals,13.46,3,Poland,Credit Card,0
ORD004499,2024-08-01,CUST01002,Monitor,Displays,444.67,4,Netherlands,Debit Card,5
ORD007823,2024-03-16,CUST01003,Headphones,Audio,126.57,2,Germany,PayPal,0
ORD002639,2024-06-06,CUST01002,Laptop,Computers,1077.04,4,France,Bank Transfer,15
ORD005640,2024-07-30,CUST01001,Webcam,Video,30.82,3,France,Credit Card,10
ORD003536,2024-02-26,CUST01001,Desk Lamp,Accessories,78.34,3,Netherlands,Bank Transfer,0
ORD005235,2024-09-18,CUST01003,Mouse,Peripherals,5.95,3,Poland,Bank Transfer,0
ORD002319,2024-08-20,CUST01019,Mouse,Peripherals,38.19,4,Poland,Debit Card,10
ORD004728,2024-05-07,CUST01001,Desk Lamp,Accessories,101.29,1,Netherlands,Credit Card,0
ORD005558,2024-09-21,CUST01006,HDMI Cable,Cables,25.23,3,Germany,Credit Card,15
ORD004316,2024-12-12,CUST01006,Monitor,Displays,452.91,4,UK,PayPal,10
ORD002250,2024-06-07,CUST01017,HDMI Cable,Cables,31.16,1,UK,Unknown,0
ORD004630,2024-10-23,CUST01016,Webcam,Video,-100.0,2,Germany,Credit Card,0
ORD000255,2024-11-16,CUST01002,Keyboard,Peripherals,76.41,1,USA,Debit Card,15
ORD003922,2024-03-07,CUST01007,Desk Lamp,Accessories,44.27,1,Canada,Credit Card,0
ORD002276,2024-04-11,CUST01001,Webcam,Video,80.42,1,Netherlands,Credit Card,0
ORD000222,2024-07-02,CUST01001,Keyboard,Peripherals,172.37,4,Netherlands,Credit Card,0
ORD000268,2024-08-25,CUST01001,Monitor,Displays,445.47,2,Netherlands,Debit Card,0
ORD000108,2024-03-09,CUST01001,Desk Lamp,Accessories,47.08,4,Canada,PayPal,0
ORD004742,2024-06-11,CUST01001,Mouse,Peripherals,12.48,3,USA,Bank Transfer,0
ORD001227,2024-11-11,CUST01003,HDMI Cable,Cables,58.36,2,Germany,Bank Transfer,15
ORD001851,2024-10-10,CUST01003,Monitor,Displays,508.86,4,Poland,Credit Card,0
ORD006577,2024-06-20,CUST01001,USB Hub,Peripherals,18.15,2,Netherlands,Unknown,0
ORD006176,2024-10-19,CUST01001,Laptop,Computers,1044.99,4,Canada,Unknown,0
ORD006938,2024-03-24,CUST01006,Monitor,Displays,507.88,1,France,Unknown,15
ORD001513,2024-05-08,CUST01002,USB Hub,Peripherals,-18.91,2,Germany,Debit Card,15
ORD006261,2024-05-07,CUST01002,Webcam,Video,64.67,3,Canada,PayPal,0
ORD006252,2024-11-06,CUST01002,Headphones,Audio,137.67,2,Canada,Debit Card,0
ORD000304,2024-12-17,CUST01405,Desk Lamp,Accessories,120.0,4,Germany,Bank Transfer,5
ORD006922,2024-02-04,CUST01001,Laptop,Computers,1099.17,3,UK,Bank Transfer,0
ORD004334,2024-10-28,CUST01001,HDMI Cable,Cables,26.59,2,UK,Credit Card,10
ORD002134,2024-04-24,CUST01002,Headphones,Audio,152.26,1,Canada,Credit Card,0
ORD004158,2024-02-04,CUST01005,Laptop,Computers,1088.04,1,USA,Debit Card,5
ORD004467,2024-06-01,CUST01002,Keyboard,Peripherals,172.94,2,Germany,Credit Card,10
ORD001211,2024-12-13,CUST01028,USB Hub,Peripherals,65.76,4,Netherlands,PayPal,0
ORD001787,2024-09-18,CUST01042,Laptop,Computers,1017.71,2,USA,Credit Card,15
ORD002158,2024-02-16,CUST01001,Webcam,Video,109.49,4,Netherlands,Bank Transfer,0
ORD002406,2024-12-17,CUST01030,HDMI Cable,Cables,-1.8,1,USA,Bank Transfer,0
ORD006861,2024-07-02,CUST01001,Webcam,Video,115.73,2,UK,Unknown,0
ORD001437,2024-09-09,CUST01004,USB Hub,Peripherals,65.83,1,Canada,PayPal,0
ORD007977,2024-10-13,CUST01003,Headphones,Audio,170.04,4,UK,Debit Card,15
ORD005267,2024-03-01,CUST01005,Desk Lamp,Accessories,40.95,3,Germany,Debit Card,15
ORD005508,2024-10-07,CUST01005,Headphones,Audio,173.36,3,France,Credit Card,0
ORD000377,2024-04-12,CUST01001,Monitor,Displays,530.13,3,Netherlands,Debit Card,0
ORD002707,2024-08-23,CUST01006,Monitor,Displays,497.3,1,USA,Credit Card,0
ORD006982,2024-03-28,CUST01006,Monitor,Displays,514.19,4,France,Debit Card,0
ORD004315,2024-10-22,CUST01001,Phone Stand,Accessories,23.98,3,UK,Unknown,10
ORD000756,2024-07-27,CUST01001,Desk Lamp,Accessories,116.97,4,USA,Unknown,15
ORD000292,2024-07-12,CUST01001,Webcam,Video,48.78,4,Netherlands,PayPal,0
ORD002969,2024-09-13,CUST01001,Keyboard,Peripherals,107.96,1,Poland,Credit Card,5
ORD002518,2024-12-15,CUST01005,Webcam,Video,94.39,2,France,Credit Card,10
ORD001544,2024-11-18,CUST01041,Desk Lamp,Accessories,89.92,4,UK,PayPal,0
ORD000291,2024-01-19,CUST01003,Monitor,Displays,530.56,1,France,Credit Card,0
ORD000189,2024-11-19,CUST01004,Webcam,Video,29.56,3,Netherlands,Credit Card,0
ORD002647,2024-10-27,CUST01002,Monitor,Displays,443.01,4,Canada,Bank Transfer,5
ORD001202,2024-06-13,CUST01013,Monitor,Displays,464.77,3,Poland,PayPal,0
ORD006671,2024-08-27,CUST01001,Desk Lamp,Accessories,87.95,3,UK,Debit Card,0
ORD005753,2024-12-09,CUST01001,HDMI Cable,Cables,58.06,3,Germany,Credit Card,0
ORD001537,2024-10-21,CUST01002,USB Hub,Peripherals,28.76,4,Netherlands,Debit Card,0
ORD005506,2024-10-10,CUST01001,Webcam,Video,86.95,4,UK,Debit Card,0
ORD005768,2024-02-23,CUST01004,Webcam,Video,95.16,4,France,Bank Transfer,5
ORD000502,2024-06-01,CUST01003,Phone Stand,Accessories,-14.22,3,France,Bank Transfer,0
ORD003046,2024-12-19,CUST01005,Webcam,Video,108.78,3,France,Bank Transfer,0
ORD003128,2024-09-26,CUST01124,HDMI Cable,Cables,-19.5,1,Poland,Bank Transfer,5
ORD002665,2024-11-20,CUST01007,Webcam,Video,43.5,2,Canada,Debit Card,5
ORD001540,2024-08-19,CUST01001,Desk Lamp,Accessories,110.82,2,Canada,Debit Card,0
ORD004004,2024-03-11,CUST01001,Webcam,Video,104.45,4,Canada,Bank Transfer,10
ORD003384,2024-04-28,CUST01001,Mouse,Peripherals,56.27,3,Canada,Unknown,5
ORD007640,2024-08-04,CUST01011,Desk Lamp,Accessories,139.53,2,Netherlands,Unknown,5
ORD006193,2024-12-01,CUST01005,Webcam,Video,70.14,4,Netherlands,Debit Card,0
ORD007426,2024-11-23,CUST01002,Headphones,Audio,160.24,4,Netherlands,Debit Card,0
ORD000673,2024-03-03,CUST01001,Monitor,Displays,477.35,1,USA,PayPal,5
ORD007322,2024-11-10,CUST01001,Desk Lamp,Accessories,124.56,1,Poland,Bank Transfer,5
ORD002836,2024-05-10,CUST01057,Mouse,Peripherals,80.39,2,USA,PayPal,5
ORD007006,2024-11-11,CUST01003,Phone Stand,Accessories,9.57,2,Canada,PayPal,15
ORD001916,2024-02-03,CUST01002,Keyboard,Peripherals,80.72,1,Netherlands,Unknown,0
ORD004218,2024-08-21,CUST01004,HDMI Cable,Cables,13.31,4,Canada,Debit Card,0
ORD006257,2024-12-24,CUST01071,Headphones,Audio,100.12,2,Germany,Debit Card,0
ORD007674,2024-06-25,CUST01002,Laptop,Computers,1034.69,2,USA,PayPal,0
ORD006472,2024-06-25,CUST01001,Mouse,Peripherals,76.59,3,Canada,Credit Card,5
ORD006292,2024-06-10,CUST01004,HDMI Cable,Cables,37.23,2,Canada,Debit Card,5
ORD001193,2024-01-09,CUST01012,Keyboard,Peripherals,112.52,2,UK,Unknown,0
ORD002496,2024-02-09,CUST01001,HDMI Cable,Cables,-7.11,1,Netherlands,PayPal,0
ORD007195,2024-12-06,CUST01002,Webcam,Video,58.48,1,Germany,Bank Transfer,0
ORD004439,2024-05-01,CUST01044,Monitor,Displays,454.5,2,Germany,PayPal,0
ORD007226,2024-06-21,CUST01006,Keyboard,Peripherals,130.31,1,France,PayPal,0
ORD001514,2024-02-07,CUST01002,Keyboard,Peripherals,82.43,1,USA,Unknown,0
ORD000217,2024-12-21,CUST01003,Webcam,Video,38.08,2,Germany,Bank Transfer,0
ORD004619,2024-08-23,CUST01002,Keyboard,Peripherals,100.56,2,Poland,Debit Card,0
ORD005886,2024-03-30,CUST01026,Webcam,Video,122.22,4,USA,Debit Card,5
ORD000422,2024-10-04,CUST01001,Phone Stand,Accessories,8.91,2,Germany,PayPal,0
ORD000506,2024-01-10,CUST01003,Desk Lamp,Accessories,115.81,1,USA,Unknown,5
ORD005331,2024-10-22,CUST01008,Monitor,Displays,462.68,2,Poland,Debit Card,0
ORD002133,2024-09-16,CUST01001,Keyboard,Peripherals,127.59,4,Poland,Credit Card,0
ORD004473,2024-07-21,CUST01001,HDMI Cable,Cables,41.49,3,France,Debit Card,0
ORD005251,2024-03-15,CUST01021,Webcam,Video,24.68,2,Germany,Credit Card,0
ORD001583,2024-02-16,CUST01020,Monitor,Displays,497.72,2,France,PayPal,15
ORD000507,2024-05-17,CUST01001,Headphones,Audio,95.39,4,Poland,Unknown,10
ORD002192,2024-02-10,CUST01013,Webcam,Video,90.89,1,Netherlands,Bank Transfer,0
ORD004296,2024-01-30,CUST01008,HDMI Cable,Cables,7.63,1,UK,Unknown,0
ORD006080,2024-01-08,CUST01003,Mouse,Peripherals,19.9,2,France,Bank Transfer,0
ORD003015,2024-01-21,CUST01008,Headphones,Audio,155.08,2,France,Credit Card,0
ORD003316,2024-10-01,CUST01017,HDMI Cable,Cables,27.24,2,France,Credit Card,0
ORD005188,2024-01-24,CUST01006,Laptop,Computers,1045.88,4,UK,Unknown,5
ORD007920,2024-03-02,CUST01001,Desk Lamp,Accessories,106.97,4,France,Debit Card,0
ORD004688,2024-07-04,CUST01001,Laptop,Computers,1098.23,2,Poland,Unknown,0
ORD007283,2024-02-08,CUST01001,Keyboard,Peripherals,159.04,4,Poland,Unknown,5
ORD003535,2024-11-11,CUST01005,Webcam,Video,84.58,3,Germany,Unknown,0
ORD002575,2024-08-01,CUST01001,Laptop,Computers,1078.73,3,USA,Credit Card,15
ORD001917,2024-08-02,CUST01007,Desk Lamp,Accessories,60.87,3,Germany,Unknown,10
ORD005145,2024-09-03,CUST01001,Headphones,Audio,116.35,2,USA,PayPal,5
ORD002593,2024-09-30,CUST01002,Desk Lamp,Accessories,67.78,4,Netherlands,Unknown,0
ORD000348,2024-08-01,CUST01001,Keyboard,Peripherals,151.52,4,Poland,Debit Card,5
ORD007082,2024-12-02,CUST01001,Webcam,Video,88.13,4,USA,PayPal,0
ORD006731,2024-03-03,CUST01002,Mouse,Peripherals,24.24,3,Poland,Debit Card,15
ORD000334,2024-06-07,CUST01018,Monitor,Displays,531.16,1,UK,Unknown,0
ORD006430,2024-07-12,CUST01002,HDMI Cable,Cables,43.31,2,USA,Debit Card,10
ORD002352,2024-06-03,CUST01001,Monitor,Displays,450.94,1,USA,Bank Transfer,0
ORD004081,2024-09-24,CUST01001,Monitor,Displays,523.22,4,France,Credit Card,15
ORD002652,2024-11-17,CUST01010,USB Hub,Peripherals,43.74,1,Germany,Unknown,0
ORD002955,2024-11-08,CUST01003,Laptop,Computers,1050.48,2,Germany,Credit Card,5
ORD007018,2024-12-25,CUST01001,Headphones,Audio,136.07,2,Canada,Debit Card,0
ORD006189,2024-03-17,CUST01003,USB Hub,Peripherals,17.69,3,UK,Credit Card,15
ORD007512,2024-07-03,CUST01073,Monitor,Displays,506.2,1,Netherlands,Debit Card,0
ORD006726,2024-07-24,CUST01002,HDMI Cable,Cables,30.63,3,France,Unknown,0
ORD006730,2024-12-08,CUST01013,Phone Stand,Accessories,21.23,4,UK,Bank Transfer,0
ORD000747,2024-08-14,CUST01001,Mouse,Peripherals,36.89,3,France,Unknown,0
ORD001564,2024-11-10,CUST01002,Headphones,Audio,162.73,4,Netherlands,Credit Card,5
ORD006251,2024-02-13,CUST01001,Mouse,Peripherals,83.92,2,Netherlands,Unknown,0
ORD007392,2024-09-09,CUST01479,Desk Lamp,Accessories,58.69,2,Canada,Bank Transfer,0
ORD004281,2024-07-16,CUST01001,Desk Lamp,Accessories,119.7,3,Germany,Unknown,15
ORD004288,2024-02-25,CUST01001,Keyboard,Peripherals,88.16,4,UK,Unknown,0
ORD003380,2024-08-31,CUST01001,Laptop,Computers,1080.92,4,UK,Debit Card,0
ORD005047,2024-06-08,CUST01135,Desk Lamp,Accessories,92.2,2,France,Unknown,0
ORD004632,2024-04-24,CUST01002,Headphones,Audio,107.15,1,France,PayPal,0
ORD002349,2024-07-13,CUST01002,Monitor,Displays,532.32,2,USA,PayPal,0
ORD003013,2024-09-07,CUST01369,Mouse,Peripherals,58.09,2,USA,Unknown,0
ORD004488,2024-02-18,CUST01001,Desk Lamp,Accessories,115.31,2,UK,Debit Card,0
ORD004377,2024-12-16,CUST01053,Desk Lamp,Accessories,128.76,2,France,Debit Card,0
ORD003104,2024-02-03,CUST01001,USB Hub,Peripherals,-20.24,3,France,PayPal,5
ORD002922,2024-08-29,CUST01004,Monitor,Displays,481.73,1,Poland,Bank Transfer,0
ORD000260,2024-04-17,CUST01002,Desk Lamp,Accessories,43.18,3,UK,PayPal,10
ORD005808,2024-07-30,CUST01005,Laptop,Computers,1013.86,4,Canada,PayPal,0
ORD007717,2024-02-05,CUST01004,Monitor,Displays,468.51,3,Canada,Bank Transfer,10
ORD004087,2024-01-05,CUST01009,Keyboard,Peripherals,135.01,2,Poland,PayPal,0
ORD006803,2024-01-05,CUST01005,Monitor,Displays,534.9,2,France,Credit Card,0
ORD000381,2024-12-27,CUST01003,Desk Lamp,Accessories,129.02,4,Poland,Credit Card,10
ORD003943,2024-12-21,CUST01002,HDMI Cable,Cables,-28.96,2,France,Credit Card,15
ORD002958,2024-07-24,CUST01002,HDMI Cable,Cables,7.69,4,Canada,PayPal,10
ORD001913,2024-08-14,CUST01047,Phone Stand,Accessories,6.84,3,USA,Debit Card,0
ORD004210,2024-04-02,CUST01003,Phone Stand,Accessories,35.46,2,Canada,Debit Card,0
ORD000600,2024-09-08,CUST01001,HDMI Cable,Cables,43.47,1,USA,Unknown,5
ORD001845,2024-12-01,CUST01009,USB Hub,Peripherals,43.81,4,Poland,Bank Transfer,0
ORD000046,2024-12-02,CUST01005,Mouse,Peripherals,66.69,2,UK,Debit Card,0
ORD001445,2024-01-12,CUST01001,Keyboard,Peripherals,106.29,4,UK,PayPal,0
ORD001653,2024-12-01,CUST01095,Webcam,Video,45.67,4,Poland,Unknown,0
ORD001587,2024-04-10,CUST01001,Headphones,Audio,166.6,2,Canada,Credit Card,15
ORD007127,2024-11-12,CUST01009,Phone Stand,Accessories,45.65,4,Germany,PayPal,0
ORD006484,2024-03-20,CUST01035,Headphones,Audio,124.19,3,Canada,Bank Transfer,0
ORD001894,2024-01-13,CUST01007,Headphones,Audio,142.15,4,UK,Unknown,0
ORD005339,2024-06-13,CUST01001,Monitor,Displays,500.74,4,Canada,Credit Card,0
ORD005590,2024-09-18,CUST01002,Keyboard,Peripherals,153.55,1,France,Unknown,0
ORD007997,2024-10-03,CUST01017,Laptop,Computers,1090.73,1,Canada,Debit Card,10
ORD005522,2024-02-18,CUST01002,Webcam,Video,51.08,4,UK,Debit Card,0
ORD004395,2024-12-27,CUST01001,Keyboard,Peripherals,157.09,3,Netherlands,PayPal,0
ORD007671,2024-12-08,CUST01003,Webcam,Video,113.58,4,Canada,Debit Card,0
ORD006278,2024-06-06,CUST01001,Mouse,Peripherals,89.02,4,France,PayPal,0
ORD005563,2024-10-26,CUST01005,HDMI Cable,Cables,99999.0,3,UK,Bank Transfer,0
ORD002471,2024-04-10,CUST01001,Laptop,Computers,1019.98,3,UK,Bank Transfer,10
ORD006218,2024-12-25,CUST01002,Phone Stand,Accessories,29.33,4,Germany,Credit Card,0
ORD004861,2024-05-19,CUST01007,Mouse,Peripherals,92.15,3,Germany,Debit Card,0
ORD003166,2024-03-08,CUST01031,Desk Lamp,Accessories,131.08,2,USA,PayPal,5
ORD004039,2024-11-06,CUST01006,Laptop,Computers,1024.7,2,UK,PayPal,15
ORD001601,2024-11-17,CUST01001,USB Hub,Peripherals,21.81,2,USA,Credit Card,10
ORD007232,2024-11-26,CUST01003,Laptop,Computers,1094.02,2,Netherlands,Unknown,0
ORD005935,2024-12-18,CUST01001,Laptop,Computers,0.0,2,Germany,Bank Transfer,0
ORD003383,2024-11-20,CUST01029,USB Hub,Peripherals,-0.83,4,USA,Debit Card,0
ORD007919,2024-10-08,CUST01088,Monitor,Displays,508.81,1,Germany,Debit Card,10
ORD007620,2024-09-30,CUST01006,Keyboard,Peripherals,168.71,1,Poland,PayPal,15
ORD007421,2024-04-14,CUST01008,Keyboard,Peripherals,102.48,2,UK,Bank Transfer,15
ORD004512,2024-07-29,CUST01004,Desk Lamp,Accessories,122.09,4,Germany,Credit Card,0
ORD001299,2024-05-03,CUST01001,USB Hub,Peripherals,39.39,3,Canada,PayPal,15
ORD000427,2024-01-27,CUST01060,HDMI Cable,Cables,16.62,4,USA,Debit Card,0
ORD007417,2024-02-06,CUST01008,USB Hub,Peripherals,66.73,2,Canada,Bank Transfer,0
ORD000806,2024-07-08,CUST01002,Mouse,Peripherals,92.3,1,Poland,PayPal,0
ORD002289,2024-02-09,CUST01006,Desk Lamp,Accessories,65.15,1,Canada,Debit Card,5
ORD000411,2024-10-15,CUST01037,Mouse,Peripherals,33.42,4,USA,Unknown,0
ORD006709,2024-03-25,CUST01002,Monitor,Displays,466.48,2,Netherlands,Bank Transfer,0
ORD000666,2024-12-24,CUST01002,HDMI Cable,Cables,99999.0,1,Germany,PayPal,0
ORD004626,2024-12-13,CUST01012,Phone Stand,Accessories,44.45,3,Germany,PayPal,0
ORD000439,2024-05-17,CUST01003,Phone Stand,Accessories,24.47,1,Poland,Unknown,0
ORD007737,2024-03-03,CUST01004,Desk Lamp,Accessories,103.49,1,Netherlands,Credit Card,0
ORD002895,2024-07-09,CUST01047,Phone Stand,Accessories,2.81,4,Germany,PayPal,0
ORD000435,2024-10-23,CUST01004,Headphones,Audio,130.07,1,Poland,PayPal,5
ORD002729,2024-12-17,CUST01023,Laptop,Computers,1023.63,4,Germany,Bank Transfer,15
ORD000752,2024-04-23,CUST01003,Phone Stand,Accessories,59.4,1,USA,Debit Card,0
ORD006870,2024-04-06,CUST01001,Phone Stand,Accessories,-17.77,1,France,Credit Card,5
ORD005842,2024-12-16,CUST01001,HDMI Cable,Cables,22.94,2,USA,Unknown,0
ORD005028,2024-12-19,CUST01003,USB Hub,Peripherals,4.82,2,USA,Credit Card,0
ORD003899,2024-07-28,CUST01002,Desk Lamp,Accessories,62.71,3,Germany,Bank Transfer,5
ORD004790,2024-08-19,CUST01004,Keyboard,Peripherals,89.34,4,France,Credit Card,15
ORD006607,2024-03-13,CUST01005,Monitor,Displays,486.96,4,UK,Credit Card,0
ORD003915,2024-12-27,CUST01070,HDMI Cable,Cables,43.92,2,Canada,Unknown,0
ORD007368,2024-05-27,CUST01002,HDMI Cable,Cables,54.73,2,Germany,Unknown,0
ORD001050,2024-08-17,CUST01002,Monitor,Displays,534.84,1,USA,Debit Card,0
ORD000627,2024-07-13,CUST01002,Keyboard,Peripherals,99999.0,3,Poland,Bank Transfer,0
ORD001776,2024-11-22,CUST01001,Keyboard,Peripherals,163.98,2,Poland,PayPal,15
ORD007802,2024-01-21,CUST01001,USB Hub,Peripherals,41.33,1,UK,PayPal,15
ORD006693,2024-05-18,CUST01004,USB Hub,Peripherals,16.63,3,UK,Debit Card,0
ORD001224,2024-01-12,CUST01001,HDMI Cable,Cables,31.44,1,USA,Bank Transfer,0
ORD000211,2024-08-28,CUST01004,Laptop,Computers,1090.44,3,Canada,PayPal,15
ORD005953,2024-05-28,CUST01018,Laptop,Computers,1070.69,1,Canada,Bank Transfer,10
ORD003985,2024-06-28,CUST01004,Keyboard,Peripherals,120.79,3,Poland,Bank Transfer,0
ORD006838,2024-06-12,CUST01001,USB Hub,Peripherals,29.97,1,France,Bank Transfer,0
ORD001973,2024-06-16,CUST01001,Webcam,Video,53.79,2,Canada,Unknown,5
ORD000111,2024-10-21,CUST01005,HDMI Cable,Cables,-17.42,2,USA,Credit Card,15
ORD000052,2024-04-09,CUST01002,Phone Stand,Accessories,35.22,2,Canada,Debit Card,10
ORD001500,2024-10-06,CUST01003,Phone Stand,Accessories,-100.0,1,France,PayPal,10
ORD001110,2024-02-17,CUST01001,Monitor,Displays,472.95,4,Canada,Credit Card,10
ORD005703,2024-06-14,CUST01013,Phone Stand,Accessories,6.86,2,Germany,Unknown,0
ORD002942,2024-09-11,CUST01045,Mouse,Peripherals,65.63,4,France,Unknown,15
ORD000653,2024-08-09,CUST01001,Headphones,Audio,99.45,2,USA,Bank Transfer,15
ORD004435,2024-05-29,CUST01016,HDMI Cable,Cables,35.03,1,UK,Bank Transfer,5
ORD006918,2024-08-24,CUST01001,Mouse,Peripherals,15.62,2,Canada,Unknown,0
ORD005613,2024-10-26,CUST01003,Laptop,Computers,1097.66,2,Canada,Credit Card,15
ORD006347,2024-07-16,CUST01010,Monitor,Displays,512.97,4,UK,PayPal,0
ORD002216,2024-06-20,CUST01001,HDMI Cable,Cables,34.45,2,Germany,PayPal,0
ORD006817,2024-03-12,CUST01022,Desk Lamp,Accessories,119.65,1,Germany,Bank Transfer,0
ORD001796,2024-10-09,CUST01008,Phone Stand,Accessories,67.79,4,France,Bank Transfer,5
ORD001703,2024-10-11,CUST01002,Laptop,Computers,1081.05,1,Poland,Credit Card,5
ORD002620,2024-05-21,CUST01001,HDMI Cable,Cables,0.0,1,UK,PayPal,5
ORD003215,2024-03-01,CUST01002,Laptop,Computers,1067.45,1,Germany,PayPal,0
ORD006920,2024-08-20,CUST01007,Laptop,Computers,1019.67,3,Germany,Bank Transfer,0
ORD004082,2024-05-04,CUST01002,Phone Stand,Accessories,0.29,3,UK,Credit Card,0
ORD007380,2024-06-03,CUST01001,Keyboard,Peripherals,168.66,4,UK,PayPal,0
ORD004672,2024-03-31,CUST01001,Headphones,Audio,170.03,2,USA,Unknown,10
ORD001499,2024-08-09,CUST01004,Headphones,Audio,88.38,2,France,Bank Transfer,0
ORD002961,2024-05-18,CUST01001,Webcam,Video,97.03,1,USA,PayPal,15
ORD006823,2024-07-05,CUST01002,Keyboard,Peripherals,0.0,1,France,Bank Transfer,0
ORD004303,2024-02-15,CUST01001,Webcam,Video,31.58,2,Canada,PayPal,0
ORD006233,2024-07-17,CUST01009,Laptop,Computers,1090.15,2,UK,Unknown,0
ORD004086,2024-06-18,CUST01001,USB Hub,Peripherals,70.26,1,Poland,Debit Card,10
ORD003890,2024-11-04,CUST01002,Headphones,Audio,169.7,4,USA,Credit Card,0
ORD006715,2024-08-05,CUST01002,Laptop,Computers,1036.54,1,France,PayPal,0
ORD007626,2024-01-17,CUST01003,Desk Lamp,Accessories,112.14,2,Netherlands,Bank Transfer,5
ORD006041,2024-07-06,CUST01016,Monitor,Displays,499.93,2,Netherlands,Unknown,0
ORD006965,2024-07-18,CUST01024,Phone Stand,Accessories,51.84,1,France,Unknown,0
ORD003998,2024-05-29,CUST01001,USB Hub,Peripherals,65.28,3,Poland,Debit Card,5
ORD002032,2024-07-23,CUST01001,Keyboard,Peripherals,128.44,3,Netherlands,Credit Card,0
ORD000706,2024-12-05,CUST01002,Monitor,Displays,473.35,3,UK,PayPal,0
ORD001873,2024-08-20,CUST01005,USB Hub,Peripherals,-2.83,2,Netherlands,Credit Card,0
ORD002532,2024-10-06,CUST01002,Desk Lamp,Accessories,92.35,3,Poland,Credit Card,0
ORD007394,2024-05-27,CUST01002,HDMI Cable,Cables,5.36,4,USA,Debit Card,10
ORD007668,2024-12-18,CUST01135,Phone Stand,Accessories,-12.36,1,UK,Unknown,0
ORD000058,2024-10-19,CUST01001,Keyboard,Peripherals,-100.0,4,France,Debit Card,10
ORD001919,2024-08-22,CUST01082,Keyboard,Peripherals,163.75,3,Poland,Bank Transfer,0
ORD007962,2024-08-20,CUST01003,Desk Lamp,Accessories,138.7,4,Poland,PayPal,0
ORD002499,2024-11-05,CUST01002,Mouse,Peripherals,8.87,2,USA,Unknown,0
ORD004276,2024-08-05,CUST01007,Monitor,Displays,456.98,2,Netherlands,Credit Card,15
ORD006424,2024-07-07,CUST01002,Mouse,Peripherals,29.85,4,France,Unknown,5
ORD005193,2024-08-22,CUST01002,Headphones,Audio,151.55,2,Netherlands,Credit Card,0
ORD000528,2024-03-31,CUST01009,Laptop,Computers,1104.51,3,USA,Bank Transfer,0
ORD004891,2024-01-03,CUST01013,Headphones,Audio,158.63,1,UK,Bank Transfer,15
ORD003079,2024-07-31,CUST01003,Headphones,Audio,150.05,3,Netherlands,Bank Transfer,0
ORD003232,2024-06-05,CUST01001,HDMI Cable,Cables,24.65,2,Canada,Unknown,0
ORD005909,2024-04-14,CUST01003,Monitor,Displays,508.97,3,Netherlands,Debit Card,5
ORD005577,2024-06-04,CUST01001,Laptop,Computers,1025.07,3,France,Credit Card,0
ORD000566,2024-12-12,CUST01003,Desk Lamp,Accessories,128.32,3,UK,Debit Card,5
ORD005828,2024-05-29,CUST01001,Phone Stand,Accessories,34.16,1,USA,Credit Card,10
ORD007601,2024-04-24,CUST01001,Webcam,Video,115.93,3,USA,Debit Card,0
ORD003411,2024-10-05,CUST01007,Laptop,Computers,1076.03,3,France,PayPal,10
ORD006498,2024-11-30,CUST01001,Webcam,Video,110.53,2,USA,Bank Transfer,0
ORD005075,2024-03-12,CUST01053,Mouse,Peripherals,75.65,4,USA,Unknown,5
ORD006627,2024-11-27,CUST01001,Webcam,Video,51.9,4,Germany,PayPal,5
ORD001748,2024-06-27,CUST01005,USB Hub,Peripherals,-22.84,2,Poland,PayPal,0
ORD000641,2024-02-01,CUST01004,Headphones,Audio,144.65,1,USA,Unknown,5
ORD007123,2024-09-02,CUST01001,Desk Lamp,Accessories,80.17,1,France,Credit Card,10
ORD003397,2024-11-09,CUST01001,Laptop,Computers,1086.49,4,Germany,Bank Transfer,0
ORD005419,2024-09-05,CUST01002,HDMI Cable,Cables,50.53,4,UK,PayPal,10
ORD000731,2024-06-17,CUST01008,Monitor,Displays,490.17,1,UK,Bank Transfer,5
ORD003481,2024-01-31,CUST01001,Phone Stand,Accessories,33.74,2,Canada,Unknown,0
ORD004962,2024-11-23,CUST01003,Webcam,Video,67.38,1,Netherlands,Debit Card,0
ORD001965,2024-04-19,CUST01003,Laptop,Computers,1018.92,4,UK,Credit Card,5
ORD005311,2024-04-13,CUST01002,Webcam,Video,40.68,3,France,Unknown,15
ORD006092,2024-09-20,CUST01001,Desk Lamp,Accessories,97.79,4,USA,Credit Card,10
ORD000326,2024-01-15,CUST01003,Monitor,Displays,525.81,2,Germany,Bank Transfer,0
ORD007471,2024-05-05,CUST01002,Mouse,Peripherals,74.93,4,USA,Credit Card,10
ORD002904,2024-12-18,CUST01002,USB Hub,Peripherals,56.91,4,Canada,Credit Card,0
ORD003933,2024-01-31,CUST01004,Phone Stand,Accessories,-13.49,2,France,Unknown,0
ORD005307,2024-04-11,CUST01053,HDMI Cable,Cables,62.1,3,Germany,Unknown,5
ORD007135,2024-12-06,CUST01015,Webcam,Video,121.22,4,Germany,PayPal,15
ORD004386,2024-11-03,CUST01002,USB Hub,Peripherals,-0.05,2,Poland,PayPal,0
ORD007520,2024-04-04,CUST01002,Mouse,Peripherals,55.64,1,USA,Credit Card,0
ORD003078,2024-01-06,CUST01098,Mouse,Peripherals,8.94,3,USA,PayPal,0
ORD002424,2024-04-15,CUST01015,HDMI Cable,Cables,37.92,2,Netherlands,Unknown,0
ORD000865,2024-01-10,CUST01167,Monitor,Displays,439.0,3,Poland,Debit Card,0
ORD003459,2024-11-01,CUST01605,Headphones,Audio,113.13,2,France,Credit Card,0
ORD006794,2024-06-18,CUST01001,Webcam,Video,119.78,2,Germany,Bank Transfer,0
ORD004399,2024-05-19,CUST01002,Headphones,Audio,174.79,2,France,Unknown,0
ORD003622,2024-02-25,CUST01002,Phone Stand,Accessories,67.58,4,Germany,Credit Card,10
ORD000372,2024-09-11,CUST01001,USB Hub,Peripherals,56.54,3,Germany,Credit Card,0
ORD004057,2024-02-15,CUST01002,Phone Stand,Accessories,53.83,1,Canada,Credit Card,0
ORD002405,2024-07-03,CUST01085,Keyboard,Peripherals,155.97,4,Canada,Credit Card,10
ORD006334,2024-10-27,CUST01086,Webcam,Video,120.17,3,USA,Unknown,15
ORD003572,2024-11-01,CUST01005,Desk Lamp,Accessories,80.9,2,UK,Unknown,0
ORD005679,2024-02-23,CUST01001,Keyboard,Peripherals,120.07,4,Germany,PayPal,0
ORD004997,2024-10-10,CUST01005,Monitor,Displays,534.11,2,France,Debit Card,0
ORD007689,2024-05-05,CUST01002,Laptop,Computers,1102.23,3,Canada,Bank Transfer,10
ORD001361,2024-12-20,CUST01001,Headphones,Audio,95.38,1,Netherlands,Unknown,15
ORD000912,2024-06-26,CUST01002,Mouse,Peripherals,86.44,4,Netherlands,Bank Transfer,0
ORD004592,2024-10-12,CUST01001,Webcam,Video,63.09,2,Netherlands,Bank Transfer,0
ORD005083,2024-10-31,CUST01004,HDMI Cable,Cables,0.85,2,Poland,Debit Card,0
ORD002407,2024-05-20,CUST01001,Mouse,Peripherals,12.69,3,USA,Debit Card,0
ORD002277,2024-12-20,CUST01001,Mouse,Peripherals,80.24,4,Poland,PayPal,0
ORD000965,2024-01-12,CUST01006,Monitor,Displays,506.05,1,Canada,Bank Transfer,0
ORD001424,2024-08-31,CUST01019,Keyboard,Peripherals,106.9,4,Germany,Debit Card,0
ORD000123,2024-02-13,CUST01001,Laptop,Computers,1072.95,2,USA,Bank Transfer,5
ORD000480,2024-11-20,CUST01001,Headphones,Audio,0.0,3,Germany,Bank Transfer,10
ORD000663,2024-01-30,CUST01001,Mouse,Peripherals,88.41,2,Poland,Debit Card,0
ORD002150,2024-09-30,CUST01048,Laptop,Computers,1045.88,4,USA,Bank Transfer,0
ORD005678,2024-11-28,CUST01282,Laptop,Computers,1018.98,2,Germany,Unknown,0
ORD005229,2024-01-15,CUST01004,Webcam,Video,54.99,1,Poland,PayPal,10
ORD003310,2024-10-09,CUST01002,HDMI Cable,Cables,7.81,3,Germany,PayPal,0
ORD000440,2024-01-31,CUST01007,Webcam,Video,45.79,3,Canada,Unknown,0
ORD001380,2024-06-14,CUST01001,Mouse,Peripherals,79.04,3,USA,Debit Card,15
ORD001444,2024-07-27,CUST01569,Monitor,Displays,476.71,3,France,Unknown,0
ORD004393,2024-03-30,CUST01004,Keyboard,Peripherals,96.75,4,Canada,Bank Transfer,10
ORD002803,2024-08-31,CUST01001,Headphones,Audio,168.43,4,UK,Unknown,0
ORD001478,2024-09-10,CUST01008,Desk Lamp,Accessories,132.81,1,USA,Debit Card,0
ORD006765,2024-06-05,CUST01089,Desk Lamp,Accessories,100.52,1,France,Debit Card,15
ORD001174,2024-12-06,CUST01001,USB Hub,Peripherals,-3.83,2,UK,Debit Card,5
ORD007391,2024-01-24,CUST01001,Mouse,Peripherals,44.82,4,Poland,Unknown,0
ORD003669,2024-10-19,CUST01054,HDMI Cable,Cables,45.9,3,France,PayPal,5
ORD004922,2024-05-04,CUST01003,Phone Stand,Accessories,30.4,1,UK,Debit Card,0
ORD003972,2024-10-21,CUST01012,USB Hub,Peripherals,10.96,1,Poland,Debit Card,15
ORD003107,2024-09-26,CUST01001,Desk Lamp,Accessories,114.79,2,UK,Credit Card,0
ORD000280,2024-08-03,CUST01002,Desk Lamp,Accessories,129.72,2,UK,PayPal,0
ORD006813,2024-12-21,CUST01001,HDMI Cable,Cables,-24.44,2,USA,Debit Card,10
ORD004640,2024-03-02,CUST01001,Monitor,Displays,460.59,1,Canada,PayPal,0
ORD001102,2024-03-22,CUST01021,HDMI Cable,Cables,0.48,4,Netherlands,PayPal,0
ORD003976,2024-12-05,CUST01001,Mouse,Peripherals,77.27,3,UK,Unknown,5
ORD001695,2024-06-09,CUST01001,Laptop,Computers,1095.13,3,UK,PayPal,5
ORD003650,2024-11-28,CUST01001,Headphones,Audio,157.34,2,France,PayPal,0
ORD005372,2024-07-03,CUST01011,Laptop,Computers,1100.8,4,Germany,Debit Card,0
ORD007621,2024-06-27,CUST01001,Webcam,Video,37.37,3,Netherlands,Bank Transfer,0
ORD006301,2024-05-12,CUST01090,HDMI Cable,Cables,3.02,3,Canada,PayPal,0
ORD005020,2024-02-14,CUST01026,Webcam,Video,32.94,4,UK,PayPal,0
ORD000578,2024-02-17,CUST01003,HDMI Cable,Cables,26.18,1,Netherlands,Bank Transfer,0
ORD000060,2024-12-26,CUST01001,Desk Lamp,Accessories,112.69,4,USA,PayPal,5
ORD000788,2024-07-25,CUST01064,Phone Stand,Accessories,38.26,4,Poland,Bank Transfer,0
ORD002535,2024-02-02,CUST01112,Webcam,Video,112.61,3,Netherlands,Debit Card,0
ORD004966,2024-06-12,CUST01001,Webcam,Video,38.67,4,Poland,Debit Card,5
ORD006886,2024-11-23,CUST01001,Webcam,Video,68.16,2,UK,Credit Card,0
ORD004318,2024-12-24,CUST01001,Headphones,Audio,170.11,4,Poland,Credit Card,0
ORD007402,2024-06-12,CUST01001,Desk Lamp,Accessories,112.53,1,Germany,PayPal,0
ORD004767,2024-01-01,CUST01001,Headphones,Audio,102.35,3,Germany,Unknown,5
ORD002345,2024-09-21,CUST01001,Phone Stand,Accessories,14.28,3,France,Credit Card,0
ORD007836,2024-08-12,CUST01005,Headphones,Audio,167.81,2,USA,Debit Card,15
ORD003932,2024-11-23,CUST01001,Mouse,Peripherals,21.41,4,France,Unknown,15
ORD007362,2024-08-19,CUST01001,HDMI Cable,Cables,-23.11,1,Canada,Unknown,10
ORD006067,2024-04-27,CUST01001,HDMI Cable,Cables,-21.35,3,Poland,Unknown,0
ORD003529,2024-09-03,CUST01001,Keyboard,Peripherals,143.11,2,Poland,Debit Card,0
ORD006809,2024-11-09,CUST01001,Laptop,Computers,1075.12,3,USA,Debit Card,10
ORD000185,2024-05-03,CUST01001,HDMI Cable,Cables,-5.26,2,Poland,Credit Card,15
ORD007587,2024-03-17,CUST01001,Webcam,Video,56.44,2,Netherlands,Unknown,0
ORD005303,2024-12-04,CUST01001,Desk Lamp,Accessories,51.63,2,Netherlands,Bank Transfer,0
ORD000421,2024-02-22,CUST01003,Mouse,Peripherals,64.69,1,UK,Unknown,0
ORD000554,2024-01-06,CUST01003,Monitor,Displays,520.71,2,Poland,PayPal,0
ORD007175,2024-03-24,CUST01001,HDMI Cable,Cables,46.76,1,USA,PayPal,5
ORD004295,2024-10-29,CUST01002,Mouse,Peripherals,64.59,1,Canada,Bank Transfer,0
ORD004956,2024-03-19,CUST01002,Webcam,Video,101.98,2,UK,Bank Transfer,15
ORD001761,2024-06-16,CUST01002,Webcam,Video,102.73,2,France,Unknown,5
ORD004673,2024-12-09,CUST01044,HDMI Cable,Cables,4.64,1,Poland,PayPal,0
ORD000298,2024-04-27,CUST01006,Webcam,Video,58.02,4,Germany,Credit Card,15
ORD000444,2024-11-26,CUST01034,HDMI Cable,Cables,51.38,2,USA,Bank Transfer,10
ORD005974,2024-01-17,CUST01005,Webcam,Video,51.29,2,Poland,Credit Card,0
ORD001120,2024-04-04,CUST01932,Laptop,Computers,1061.07,1,USA,Debit Card,0
ORD002692,2024-12-22,CUST01003,HDMI Cable,Cables,7.3,4,Germany,Debit Card,0
ORD002479,2024-08-02,CUST01004,Monitor,Displays,499.7,4,Netherlands,Unknown,0
ORD001922,2024-07-23,CUST01385,Desk Lamp,Accessories,41.54,3,Netherlands,Credit Card,15
ORD000656,2024-02-25,CUST01001,Headphones,Audio,89.5,2,Poland,Bank Transfer,0
ORD006832,2024-03-01,CUST01002,USB Hub,Peripherals,48.95,2,Germany,Debit Card,0
ORD005547,2024-02-11,CUST01197,Desk Lamp,Accessories,140.44,2,Poland,Unknown,15
ORD002657,2024-02-19,CUST01001,Monitor,Displays,491.09,2,Germany,Credit Card,5
ORD004253,2024-05-31,CUST01004,HDMI Cable,Cables,35.07,1,France,Credit Card,0
ORD006219,2024-10-11,CUST01009,HDMI Cable,Cables,47.96,1,France,PayPal,5
ORD002346,2024-02-14,CUST01003,Phone Stand,Accessories,28.79,1,Netherlands,PayPal,10
ORD006429,2024-02-16,CUST01001,Mouse,Peripherals,11.04,4,USA,Debit Card,0
ORD002179,2024-10-14,CUST01001,Keyboard,Peripherals,162.74,2,UK,PayPal,0
ORD000559,2024-11-26,CUST01002,Mouse,Peripherals,60.03,3,USA,Unknown,0
ORD006755,2024-10-16,CUST01202,Headphones,Audio,127.32,2,Germany,Bank Transfer,15
ORD001372,2024-05-22,CUST01002,Mouse,Peripherals,53.21,3,Canada,PayPal,15
ORD000908,2024-12-12,CUST01166,Monitor,Displays,533.38,1,USA,Unknown,5
ORD004052,2024-03-17,CUST01001,USB Hub,Peripherals,14.75,3,France,Bank Transfer,10
ORD001434,2024-06-10,CUST01005,Mouse,Peripherals,65.84,4,Netherlands,Bank Transfer,5
ORD006390,2024-11-08,CUST01004,Headphones,Audio,145.83,4,UK,Unknown,5
ORD006445,2024-11-26,CUST01002,Mouse,Peripherals,65.45,4,Canada,Bank Transfer,15
ORD003124,2024-07-17,CUST01009,Desk Lamp,Accessories,136.04,4,Germany,Debit Card,0
ORD005980,2024-10-27,CUST01009,USB Hub,Peripherals,-10.75,3,Canada,Credit Card,15
ORD000927,2024-01-07,CUST01042,Headphones,Audio,150.97,3,Germany,Unknown,5
ORD003862,2024-03-07,CUST01001,USB Hub,Peripherals,39.01,3,USA,Unknown,15
ORD000016,2024-10-13,CUST01181,HDMI Cable,Cables,-31.15,2,Poland,Unknown,0
ORD007259,2024-06-25,CUST01011,Webcam,Video,34.62,3,Netherlands,Credit Card,5
ORD006004,2024-07-02,CUST01027,HDMI Cable,Cables,-14.21,3,Canada,Unknown,5
ORD005718,2024-02-05,CUST01004,HDMI Cable,Cables,55.0,4,Canada,Unknown,10
ORD001162,2024-12-24,CUST01005,Webcam,Video,40.18,2,Canada,Debit Card,5
ORD003126,2024-08-13,CUST01005,USB Hub,Peripherals,38.78,4,Canada,PayPal,0
ORD002273,2024-06-21,CUST01036,Headphones,Audio,93.64,3,France,Debit Card,15
ORD007313,2024-06-25,CUST01001,Desk Lamp,Accessories,129.95,2,Poland,Debit Card,0
ORD003439,2024-08-04,CUST01001,Webcam,Video,42.91,4,Canada,Debit Card,5
ORD002860,2024-05-08,CUST01001,Phone Stand,Accessories,69.2,2,Poland,Bank Transfer,0
ORD005333,2024-02-03,CUST01001,Mouse,Peripherals,97.32,1,Netherlands,PayPal,0
ORD001363,2024-11-07,CUST01002,Webcam,Video,76.98,3,USA,Unknown,0
ORD001213,2024-06-06,CUST01001,Headphones,Audio,155.14,1,Poland,Bank Transfer,15
ORD001877,2024-01-04,CUST01008,HDMI Cable,Cables,62.55,2,Netherlands,Unknown,0
ORD006883,2024-12-05,CUST01141,Laptop,Computers,1099.21,1,USA,Debit Card,15
ORD003056,2024-04-07,CUST01024,Phone Stand,Accessories,19.69,2,France,Bank Transfer,0
ORD006237,2024-03-01,CUST01001,Desk Lamp,Accessories,62.82,4,France,Unknown,0
ORD003086,2024-09-02,CUST01001,HDMI Cable,Cables,-22.61,4,USA,Bank Transfer,15
ORD001171,2024-12-17,CUST01002,Mouse,Peripherals,20.78,1,Germany,PayPal,0
ORD004040,2024-03-14,CUST01001,Headphones,Audio,146.12,1,UK,Unknown,0
ORD002183,2024-09-01,CUST01002,Phone Stand,Accessories,14.11,3,Germany,Debit Card,5
ORD007852,2024-03-13,CUST01001,Monitor,Displays,525.15,2,Canada,PayPal,0
ORD002777,2024-12-16,CUST01002,Laptop,Computers,1095.38,3,USA,Credit Card,10
ORD001834,2024-08-11,CUST01001,HDMI Cable,Cables,-19.73,3,Canada,Debit Card,10
ORD004163,2024-06-11,CUST01001,Phone Stand,Accessories,-13.78,4,France,Credit Card,0
ORD001860,2024-09-21,CUST01010,Phone Stand,Accessories,-100.0,2,Germany,Debit Card,0
ORD002686,2024-07-08,CUST01002,Mouse,Peripherals,82.01,2,Netherlands,PayPal,0
ORD007508,2024-03-28,CUST01001,Monitor,Displays,523.12,2,France,Debit Card,0
ORD006303,2024-09-01,CUST01005,Desk Lamp,Accessories,118.95,3,Poland,Bank Transfer,15
ORD003795,2024-04-04,CUST01002,Keyboard,Peripherals,81.48,2,USA,Credit Card,0
ORD006728,2024-01-02,CUST01001,Headphones,Audio,114.24,1,Poland,Debit Card,0
ORD000388,2024-06-05,CUST01001,Webcam,Video,72.33,1,Germany,Bank Transfer,15
ORD005126,2024-05-17,CUST01001,HDMI Cable,Cables,49.09,2,Canada,Bank Transfer,0
ORD001033,2024-04-26,CUST01001,Webcam,Video,46.06,3,Netherlands,Debit Card,0
ORD006417,2024-12-11,CUST01001,HDMI Cable,Cables,54.98,1,Poland,Unknown,0
ORD003197,2024-11-09,CUST01005,Desk Lamp,Accessories,80.7,4,Canada,PayPal,5
ORD004783,2024-01-22,CUST01010,Laptop,Computers,1086.5,2,France,Unknown,0
ORD005951,2024-05-26,CUST01003,Keyboard,Peripherals,107.04,1,Netherlands,PayPal,0
ORD000932,2024-07-21,CUST01011,Monitor,Displays,454.29,3,Poland,Credit Card,0
ORD005695,2024-11-30,CUST01020,Desk Lamp,Accessories,91.98,1,USA,PayPal,0
ORD000692,2024-01-19,CUST01001,Monitor,Displays,469.86,2,UK,Credit Card,0
ORD001892,2024-01-02,CUST01001,HDMI Cable,Cables,-10.94,4,UK,Unknown,0
ORD003780,2024-12-23,CUST01043,Headphones,Audio,114.5,3,Germany,Credit Card,10
ORD002869,2024-08-03,CUST01004,Phone Stand,Accessories,31.92,4,UK,Bank Transfer,0
ORD006931,2024-10-23,CUST01001,Laptop,Computers,1036.14,1,Poland,PayPal,10
ORD004588,2024-03-25,CUST01001,Headphones,Audio,128.35,1,UK,PayPal,10
ORD006785,2024-06-19,CUST01961,Monitor,Displays,512.42,2,Canada,Debit Card,0
ORD000045,2024-08-06,CUST01053,Mouse,Peripherals,50.65,4,Canada,Credit Card,10
ORD006523,2024-12-04,CUST01005,Headphones,Audio,120.4,3,USA,Bank Transfer,15
ORD005720,2024-12-03,CUST01002,Monitor,Displays,437.56,3,Germany,Bank Transfer,15
ORD007861,2024-11-02,CUST01003,USB Hub,Peripherals,10.63,1,France,Bank Transfer,0
ORD007755,2024-08-28,CUST01001,USB Hub,Peripherals,61.04,1,Netherlands,Unknown,15
ORD004984,2024-08-24,CUST01016,USB Hub,Peripherals,22.89,4,Canada,Debit Card,0
ORD003035,2024-09-26,CUST01003,Laptop,Computers,1016.93,1,Germany,Bank Transfer,5
ORD001684,2024-02-23,CUST01003,Webcam,Video,35.83,1,Canada,Unknown,0
ORD007050,2024-11-28,CUST01002,HDMI Cable,Cables,29.91,4,France,PayPal,0
ORD003001,2024-07-19,CUST01001,Mouse,Peripherals,57.05,3,Netherlands,Debit Card,0
ORD005683,2024-09-06,CUST01005,Headphones,Audio,107.53,3,Poland,Bank Transfer,10
ORD000064,2024-10-24,CUST01003,Monitor,Displays,470.86,1,France,Unknown,15
ORD003482,2024-08-09,CUST01002,USB Hub,Peripherals,11.88,2,UK,Credit Card,5
ORD005809,2024-12-04,CUST01001,Mouse,Peripherals,90.98,4,Netherlands,PayPal,15
ORD007595,2024-04-26,CUST01007,Headphones,Audio,117.45,3,Canada,Bank Transfer,0
ORD000228,2024-01-09,CUST01002,Phone Stand,Accessories,-8.88,2,Canada,PayPal,10
ORD007463,2024-11-13,CUST01009,HDMI Cable,Cables,-4.75,3,USA,Debit Card,10
ORD005029,2024-09-22,CUST01005,USB Hub,Peripherals,58.79,2,Germany,Debit Card,0
ORD006212,2024-09-15,CUST01002,Webcam,Video,31.15,4,UK,PayPal,5
ORD004408,2024-01-09,CUST01034,Headphones,Audio,142.1,2,Canada,PayPal,0
ORD000970,2024-08-05,CUST01002,Desk Lamp,Accessories,128.79,2,Germany,Bank Transfer,15
ORD001806,2024-12-19,CUST01002,Phone Stand,Accessories,-3.47,1,USA,Credit Card,0
ORD003019,2024-09-02,CUST01002,HDMI Cable,Cables,18.22,3,UK,Credit Card,0
ORD007752,2024-02-02,CUST01001,Mouse,Peripherals,72.91,4,Poland,Debit Card,0
ORD006506,2024-03-26,CUST01001,Laptop,Computers,1024.76,4,Netherlands,Unknown,5
ORD005697,2024-11-22,CUST01004,Phone Stand,Accessories,45.82,4,France,Credit Card,0
ORD002717,2024-01-24,CUST01002,Phone Stand,Accessories,33.36,3,Poland,Credit Card,0
ORD001861,2024-10-25,CUST01001,HDMI Cable,Cables,-4.45,4,France,Credit Card,15
ORD004002,2024-05-23,CUST01001,Desk Lamp,Accessories,135.26,1,Canada,Unknown,0
ORD006698,2024-07-17,CUST01002,Monitor,Displays,468.33,1,USA,Unknown,0
ORD006180,2024-02-23,CUST01001,Phone Stand,Accessories,-18.13,3,France,Credit Card,5
ORD002852,2024-04-13,CUST01009,USB Hub,Peripherals,-10.81,4,Poland,PayPal,15
ORD000253,2024-02-21,CUST01036,Laptop,Computers,1094.05,4,USA,PayPal,0
ORD002599,2024-09-15,CUST01152,Phone Stand,Accessories,20.19,4,USA,Bank Transfer,5
ORD005862,2024-03-27,CUST01012,Headphones,Audio,139.52,4,Canada,Credit Card,5
ORD001790,2024-01-05,CUST01002,HDMI Cable,Cables,-11.02,2,Poland,Unknown,10
ORD007318,2024-09-26,CUST01001,USB Hub,Peripherals,7.03,1,France,Credit Card,0
ORD002060,2024-04-30,CUST01002,Webcam,Video,46.28,1,UK,PayPal,5
ORD004216,2024-09-23,CUST01005,Laptop,Computers,1084.0,4,Netherlands,Unknown,0
ORD002403,2024-06-26,CUST01001,Webcam,Video,26.93,1,Germany,Unknown,0
ORD004795,2024-10-26,CUST01001,Webcam,Video,73.26,1,UK,Unknown,10
ORD001903,2024-12-29,CUST01011,USB Hub,Peripherals,60.46,3,Germany,PayPal,5
ORD002120,2024-06-05,CUST01001,HDMI Cable,Cables,-7.31,3,Poland,Bank Transfer,0
ORD005921,2024-01-29,CUST01001,Laptop,Computers,1043.5,1,Poland,Debit Card,0
ORD007496,2024-12-11,CUST01001,Headphones,Audio,146.33,3,Poland,Credit Card,0
ORD007150,2024-07-31,CUST01092,Webcam,Video,52.81,2,USA,PayPal,5
ORD004490,2024-06-01,CUST01001,Desk Lamp,Accessories,120.76,2,Netherlands,Debit Card,5
ORD004582,2024-03-16,CUST01002,Webcam,Video,51.9,3,France,Unknown,15
ORD000076,2024-04-28,CUST01003,HDMI Cable,Cables,7.43,1,Canada,Bank Transfer,0
ORD004563,2024-03-28,CUST01003,Headphones,Audio,145.18,1,Netherlands,Credit Card,0
ORD000431,2024-01-31,CUST01002,Mouse,Peripherals,80.35,1,UK,PayPal,15
ORD004105,2024-08-07,CUST01003,Keyboard,Peripherals,100.32,1,UK,Credit Card,5
ORD003539,2024-04-20,CUST01006,Phone Stand,Accessories,-11.89,4,Germany,PayPal,0
ORD005014,2024-09-19,CUST01003,Desk Lamp,Accessories,78.06,2,Canada,Debit Card,15
ORD007532,2024-01-23,CUST01002,Phone Stand,Accessories,59.89,1,France,Debit Card,0
ORD003146,2024-08-25,CUST01073,Headphones,Audio,143.67,4,UK,Debit Card,10
ORD005355,2024-07-07,CUST01003,Webcam,Video,32.03,2,Netherlands,Unknown,15
ORD005458,2024-11-09,CUST01081,Mouse,Peripherals,69.27,3,Poland,Unknown,15
ORD002317,2024-10-26,CUST01001,HDMI Cable,Cables,31.93,3,Netherlands,Credit Card,0
ORD005034,2024-08-31,CUST01005,Desk Lamp,Accessories,125.91,3,Canada,Credit Card,0
ORD000241,2024-04-17,CUST01001,Mouse,Peripherals,53.28,4,Germany,Credit Card,15
ORD000784,2024-08-11,CUST01061,HDMI Cable,Cables,58.27,3,USA,Bank Transfer,0
ORD001355,2024-09-24,CUST01025,Keyboard,Peripherals,124.98,3,UK,PayPal,5
ORD006647,2024-04-01,CUST01003,Phone Stand,Accessories,53.24,2,UK,Debit Card,5
ORD000978,2024-06-07,CUST01003,Desk Lamp,Accessories,95.5,4,UK,Credit Card,0
ORD000810,2024-05-02,CUST01001,Monitor,Displays,522.86,2,USA,Bank Transfer,0
ORD002169,2024-09-10,CUST01002,HDMI Cable,Cables,10.14,1,UK,Bank Transfer,15
ORD001600,2024-07-16,CUST01051,Laptop,Computers,1086.39,3,UK,Credit Card,10
ORD002413,2024-10-03,CUST01014,Mouse,Peripherals,65.08,2,France,Credit Card,15
ORD003149,2024-10-28,CUST01003,HDMI Cable,Cables,-16.13,1,UK,Bank Transfer,0
ORD001621,2024-10-02,CUST01005,Webcam,Video,27.59,4,Germany,PayPal,5
ORD002837,2024-10-14,CUST01001,Mouse,Peripherals,23.89,2,Germany,Unknown,0
ORD001483,2024-03-23,CUST01006,Desk Lamp,Accessories,97.46,2,USA,Unknown,15
ORD003888,2024-10-31,CUST01001,Keyboard,Peripherals,101.02,3,Canada,Credit Card,15
ORD001802,2024-10-05,CUST01001,Headphones,Audio,129.87,3,Poland,Unknown,0
ORD002096,2024-04-25,CUST01002,HDMI Cable,Cables,39.39,1,USA,Bank Transfer,5
ORD006381,2024-02-02,CUST01001,Monitor,Displays,442.47,2,Netherlands,Debit Card,0
ORD001358,2024-11-27,CUST01001,Keyboard,Peripherals,113.34,2,USA,PayPal,0
ORD005301,2024-05-02,CUST01009,Laptop,Computers,1064.31,1,UK,Debit Card,0
ORD007882,2024-07-02,CUST01003,Keyboard,Peripherals,125.34,4,Poland,PayPal,0
ORD002898,2024-03-23,CUST01001,Desk Lamp,Accessories,86.75,4,France,PayPal,0
ORD002466,2024-11-13,CUST01001,Phone Stand,Accessories,3.55,4,USA,PayPal,5
ORD003207,2024-03-01,CUST01042,Laptop,Computers,1032.12,4,Poland,Credit Card,0
ORD005473,2024-06-11,CUST01006,Mouse,Peripherals,104.97,3,Netherlands,Bank Transfer,10
ORD005139,2024-08-15,CUST01002,Desk Lamp,Accessories,130.49,1,Netherlands,PayPal,15
ORD005462,2024-04-24,CUST01001,USB Hub,Peripherals,2.77,2,UK,PayPal,0
ORD003283,2024-05-22,CUST01023,Headphones,Audio,111.15,2,USA,Bank Transfer,0
ORD006991,2024-01-15,CUST01001,Headphones,Audio,87.79,1,UK,PayPal,0
ORD000030,2024-06-09,CUST01001,Phone Stand,Accessories,-10.86,4,UK,PayPal,10
ORD004697,2024-10-13,CUST01094,Desk Lamp,Accessories,88.62,1,Germany,PayPal,0
ORD004363,2024-01-19,CUST01095,Keyboard,Peripherals,154.79,3,Poland,PayPal,15
ORD001093,2024-11-18,CUST01002,Keyboard,Peripherals,102.3,1,Poland,Debit Card,0
ORD000125,2024-12-10,CUST01003,Keyboard,Peripherals,155.0,1,France,Bank Transfer,0
ORD005268,2024-05-01,CUST01001,Webcam,Video,111.17,3,Germany,Credit Card,0
ORD005860,2024-08-02,CUST01001,Phone Stand,Accessories,77.49,3,Poland,Bank Transfer,5
ORD005289,2024-06-05,CUST01004,Webcam,Video,28.46,3,Poland,Debit Card,15
ORD007609,2024-12-20,CUST01003,Phone Stand,Accessories,-16.77,1,Netherlands,Debit Card,0
ORD002299,2024-02-11,CUST01002,Monitor,Displays,445.25,1,Netherlands,Debit Card,0
ORD005108,2024-06-24,CUST01001,Laptop,Computers,1046.39,3,Poland,Bank Transfer,0
ORD001554,2024-04-10,CUST01001,Webcam,Video,121.03,4,Poland,Bank Transfer,5
ORD006783,2024-05-25,CUST01002,Phone Stand,Accessories,46.19,3,USA,Debit Card,0
ORD000599,2024-07-02,CUST01024,Monitor,Displays,509.49,3,Poland,PayPal,0
ORD006916,2024-01-15,CUST01002,Phone Stand,Accessories,38.59,3,Poland,Debit Card,10
ORD001417,2024-01-02,CUST01001,Laptop,Computers,1106.03,1,Poland,PayPal,0
ORD003709,2024-06-10,CUST01001,Mouse,Peripherals,82.5,4,Germany,Unknown,0
ORD004142,2024-01-01,CUST01015,Webcam,Video,102.99,3,Netherlands,PayPal,0
ORD004661,2024-05-12,CUST01002,Laptop,Computers,1051.67,4,UK,Credit Card,0
ORD003704,2024-08-15,CUST01003,USB Hub,Peripherals,69.01,4,Netherlands,Debit Card,5
ORD002198,2024-11-09,CUST01002,Mouse,Peripherals,62.97,2,Netherlands,Credit Card,0
ORD006013,2024-11-08,CUST01001,Desk Lamp,Accessories,134.6,2,USA,Debit Card,0
ORD003839,2024-09-17,CUST01005,Laptop,Computers,1068.38,4,Netherlands,Credit Card,0
ORD006127,2024-05-29,CUST01019,Webcam,Video,47.3,1,Poland,PayPal,0
ORD000809,2024-01-20,CUST01001,Mouse,Peripherals,42.31,3,USA,Debit Card,10
ORD006345,2024-12-02,CUST01001,Mouse,Peripherals,39.39,4,Poland,Debit Card,0
ORD000959,2024-07-25,CUST01001,Keyboard,Peripherals,167.65,2,UK,Unknown,0
ORD002376,2024-07-31,CUST01001,USB Hub,Peripherals,23.81,2,UK,PayPal,5
ORD003361,2024-03-20,CUST01001,Desk Lamp,Accessories,54.83,2,UK,PayPal,0
ORD000811,2024-10-20,CUST01009,Webcam,Video,49.2,3,USA,Credit Card,0
ORD000835,2024-02-24,CUST01001,Webcam,Video,40.21,1,France,Debit Card,0
ORD006791,2024-01-21,CUST01001,Laptop,Computers,1058.76,4,Netherlands,Bank Transfer,0
ORD003949,2024-01-19,CUST01001,Mouse,Peripherals,22.3,1,UK,Unknown,0
ORD001236,2024-08-16,CUST01021,HDMI Cable,Cables,60.93,1,UK,Unknown,0
ORD001226,2024-05-14,CUST01001,HDMI Cable,Cables,2.57,2,Germany,PayPal,10
ORD005526,2024-02-08,CUST01001,Mouse,Peripherals,38.39,4,UK,Bank Transfer,0
ORD005273,2024-03-06,CUST01017,Mouse,Peripherals,70.87,1,USA,Bank Transfer,5
ORD007481,2024-02-09,CUST01002,Desk Lamp,Accessories,77.37,1,Poland,Bank Transfer,0
ORD005708,2024-04-20,CUST01001,Headphones,Audio,165.01,2,UK,Bank Transfer,0
ORD005615,2024-01-18,CUST01001,Monitor,Displays,504.26,2,USA,Debit Card,0
ORD004915,2024-01-19,CUST01114,Desk Lamp,Accessories,120.37,3,Netherlands,Unknown,15
ORD002928,2024-08-01,CUST01002,HDMI Cable,Cables,64.37,4,USA,Debit Card,10
ORD001658,2024-12-05,CUST01001,USB Hub,Peripherals,-19.2,1,USA,Unknown,15
ORD006840,2024-01-27,CUST01010,Desk Lamp,Accessories,103.02,4,UK,Unknown,10
ORD000453,2024-09-29,CUST01035,Monitor,Displays,509.57,3,UK,PayPal,0
ORD004690,2024-12-24,CUST01015,Webcam,Video,40.12,1,Netherlands,Unknown,15
ORD006801,2024-10-09,CUST01001,Desk Lamp,Accessories,109.53,3,UK,PayPal,0
ORD000423,2024-08-13,CUST01014,Keyboard,Peripherals,78.31,2,UK,Debit Card,0
ORD001221,2024-11-22,CUST01001,Keyboard,Peripherals,118.03,2,Poland,PayPal,0
ORD003304,2024-01-04,CUST01002,Headphones,Audio,95.14,2,Canada,Debit Card,10
ORD003654,2024-01-13,CUST01002,Laptop,Computers,1090.34,3,Netherlands,Bank Transfer,0
ORD007480,2024-10-21,CUST01001,Mouse,Peripherals,71.99,4,Netherlands,Bank Transfer,0
ORD005938,2024-01-03,CUST01001,Laptop,Computers,1015.52,2,Poland,Unknown,0
ORD000103,2024-12-05,CUST01001,Mouse,Peripherals,51.88,3,Netherlands,PayPal,0
ORD003173,2024-04-23,CUST01214,Mouse,Peripherals,57.81,3,Netherlands,Credit Card,0
ORD001581,2024-09-09,CUST01001,Keyboard,Peripherals,92.36,4,UK,Bank Transfer,0
ORD002756,2024-12-15,CUST01021,Keyboard,Peripherals,129.85,1,Netherlands,PayPal,0
ORD002207,2024-10-29,CUST01015,HDMI Cable,Cables,60.04,4,USA,Bank Transfer,0
ORD000171,2024-05-04,CUST01001,Headphones,Audio,139.34,4,Netherlands,PayPal,5
ORD006923,2024-06-04,CUST01157,Monitor,Displays,502.8,3,Canada,Debit Card,0
ORD000136,2024-01-14,CUST01015,Monitor,Displays,511.54,3,France,Unknown,0
ORD005826,2024-08-05,CUST01001,Mouse,Peripherals,15.38,1,Poland,PayPal,0
ORD004535,2024-05-26,CUST01424,Desk Lamp,Accessories,97.93,1,USA,Unknown,0
ORD001311,2024-03-31,CUST01001,Keyboard,Peripherals,156.06,4,USA,Unknown,15
ORD007217,2024-11-09,CUST01054,Phone Stand,Accessories,75.53,4,France,Debit Card,0
ORD002285,2024-01-03,CUST01073,Mouse,Peripherals,68.98,3,Poland,Unknown,5
ORD006845,2024-01-08,CUST01013,Webcam,Video,49.24,3,Germany,PayPal,10
ORD003858,2024-09-03,CUST01002,Mouse,Peripherals,19.16,1,Netherlands,Credit Card,5
ORD007190,2024-12-11,CUST01001,Keyboard,Peripherals,120.36,2,Germany,Unknown,0
ORD005721,2024-10-26,CUST01010,Desk Lamp,Accessories,61.41,4,Canada,Credit Card,5
ORD001936,2024-07-07,CUST01001,Keyboard,Peripherals,118.95,1,UK,Unknown,0
ORD004524,2024-04-21,CUST01002,USB Hub,Peripherals,27.98,3,Germany,PayPal,0
ORD007052,2024-07-08,CUST01001,Phone Stand,Accessories,-6.92,3,Poland,PayPal,5
ORD002747,2024-06-20,CUST01003,Headphones,Audio,87.13,1,France,Bank Transfer,15
ORD000808,2024-05-25,CUST01748,Mouse,Peripherals,86.69,4,Germany,PayPal,0
ORD002046,2024-09-01,CUST01003,Webcam,Video,42.9,2,Canada,Unknown,0
ORD004072,2024-03-26,CUST01001,Keyboard,Peripherals,89.37,4,France,Credit Card,5
ORD000463,2024-01-16,CUST01097,Webcam,Video,106.5,2,Netherlands,PayPal,0
ORD001957,2024-03-08,CUST01001,HDMI Cable,Cables,9.47,1,France,Bank Transfer,0
ORD003693,2024-04-25,CUST01032,Keyboard,Peripherals,97.87,2,France,Debit Card,0
ORD000800,2024-02-11,CUST01001,USB Hub,Peripherals,41.54,2,UK,Credit Card,0
ORD003516,2024-02-23,CUST01024,USB Hub,Peripherals,58.98,2,UK,Credit Card,10
ORD001074,2024-11-16,CUST01001,HDMI Cable,Cables,-25.06,1,Germany,Bank Transfer,0
ORD000145,2024-12-25,CUST01004,Phone Stand,Accessories,61.45,3,UK,Bank Transfer,0
ORD001341,2024-11-12,CUST01001,Headphones,Audio,133.1,2,USA,Debit Card,10
ORD006868,2024-03-10,CUST01005,Desk Lamp,Accessories,115.61,4,France,PayPal,0
ORD003155,2024-01-21,CUST01003,Monitor,Displays,483.35,3,UK,Bank Transfer,0
ORD002092,2024-07-13,CUST01017,HDMI Cable,Cables,38.71,2,USA,Bank Transfer,0
ORD004990,2024-08-06,CUST01001,Webcam,Video,93.16,2,Netherlands,Bank Transfer,0
ORD004451,2024-05-26,CUST01059,Laptop,Computers,1045.63,3,Poland,Unknown,5
ORD002989,2024-04-15,CUST01191,Phone Stand,Accessories,50.3,2,France,PayPal,15
ORD007824,2024-11-15,CUST01100,Webcam,Video,81.11,1,UK,Credit Card,10
ORD007767,2024-05-04,CUST01002,Mouse,Peripherals,70.93,4,Netherlands,Bank Transfer,0
ORD005283,2024-01-15,CUST01002,Headphones,Audio,171.68,4,Germany,Unknown,0
ORD001004,2024-01-15,CUST01001,Monitor,Displays,457.34,2,UK,Credit Card,5
ORD005225,2024-07-03,CUST01013,Phone Stand,Accessories,-1.71,4,Canada,Unknown,0
ORD005866,2024-04-04,CUST01001,Monitor,Displays,532.93,3,Germany,PayPal,0
ORD000556,2024-08-03,CUST01001,Phone Stand,Accessories,54.53,3,France,Bank Transfer,0
ORD006759,2024-11-17,CUST01001,Monitor,Displays,533.84,3,Poland,Bank Transfer,15
ORD001486,2024-08-31,CUST01001,Webcam,Video,117.95,2,France,PayPal,15
ORD006588,2024-04-01,CUST01003,Mouse,Peripherals,34.15,2,UK,Debit Card,15
ORD001273,2024-07-23,CUST01011,Webcam,Video,23.84,1,Netherlands,Credit Card,0
ORD001412,2024-07-04,CUST01001,Webcam,Video,58.81,2,Germany,Debit Card,0
ORD007075,2024-08-24,CUST01217,USB Hub,Peripherals,25.35,4,Canada,Unknown,10
ORD007331,2024-12-10,CUST01001,Keyboard,Peripherals,109.58,3,France,PayPal,5
ORD001472,2024-02-13,CUST01001,HDMI Cable,Cables,-23.99,1,France,Debit Card,15
ORD006276,2024-07-26,CUST01011,Phone Stand,Accessories,43.71,3,Canada,Debit Card,10
ORD002615,2024-05-17,CUST01037,Desk Lamp,Accessories,52.29,2,Netherlands,Debit Card,0
ORD004764,2024-10-25,CUST01288,Webcam,Video,101.14,4,Poland,Unknown,0
ORD006985,2024-12-04,CUST01007,HDMI Cable,Cables,31.51,3,Netherlands,Debit Card,0
ORD005279,2024-02-05,CUST01001,Headphones,Audio,124.25,3,USA,Credit Card,15
ORD004901,2024-11-18,CUST01001,Keyboard,Peripherals,130.46,4,Germany,PayPal,15
ORD000982,2024-09-10,CUST01002,Phone Stand,Accessories,53.58,3,UK,PayPal,0
ORD006892,2024-03-13,CUST01001,Mouse,Peripherals,35.74,4,France,Credit Card,0
ORD002808,2024-01-05,CUST01002,Headphones,Audio,176.28,1,UK,PayPal,0
ORD007079,2024-04-23,CUST01001,HDMI Cable,Cables,53.17,2,Poland,PayPal,10
ORD001269,2024-02-22,CUST01001,Laptop,Computers,1077.2,4,France,Bank Transfer,5
ORD005282,2024-03-08,CUST01001,Keyboard,Peripherals,137.93,4,Canada,PayPal,15
ORD000269,2024-09-13,CUST01001,Desk Lamp,Accessories,42.19,1,Germany,Credit Card,5
ORD000655,2024-02-07,CUST01002,Mouse,Peripherals,100.35,1,Netherlands,Debit Card,5
ORD005552,2024-12-30,CUST01001,HDMI Cable,Cables,-16.22,1,Poland,Bank Transfer,10
ORD002846,2024-07-03,CUST01001,Phone Stand,Accessories,23.53,4,Netherlands,Bank Transfer,5
ORD004924,2024-06-11,CUST01001,Monitor,Displays,524.06,1,Germany,Debit Card,10
ORD007904,2024-01-18,CUST01002,Desk Lamp,Accessories,66.69,2,France,Debit Card,10
ORD000590,2024-01-15,CUST01001,Phone Stand,Accessories,45.87,4,France,Unknown,0
ORD003783,2024-08-05,CUST01003,Monitor,Displays,448.6,4,Netherlands,Debit Card,0
ORD004596,2024-11-23,CUST01001,Headphones,Audio,97.68,3,USA,Bank Transfer,0
ORD005759,2024-04-07,CUST01001,Monitor,Displays,475.57,1,Netherlands,Bank Transfer,0
ORD004828,2024-05-30,CUST01229,Mouse,Peripherals,20.76,4,Poland,PayPal,5
ORD003956,2024-10-14,CUST01001,Desk Lamp,Accessories,76.58,1,USA,Unknown,0
ORD005160,2024-10-07,CUST01245,HDMI Cable,Cables,-16.33,4,Canada,Credit Card,0
ORD007071,2024-05-02,CUST01008,Desk Lamp,Accessories,60.67,1,Canada,Unknown,5
ORD001809,2024-08-16,CUST01001,Headphones,Audio,155.44,2,Canada,PayPal,10
ORD006908,2024-11-28,CUST01003,HDMI Cable,Cables,39.65,3,France,Debit Card,10
ORD007625,2024-08-31,CUST01009,Headphones,Audio,132.07,3,USA,Credit Card,10
ORD005875,2024-06-24,CUST01001,USB Hub,Peripherals,-25.22,2,Germany,Bank Transfer,5
ORD000678,2024-04-12,CUST01001,Headphones,Audio,144.84,2,USA,Credit Card,10
ORD007056,2024-08-07,CUST01018,Monitor,Displays,510.23,3,Germany,PayPal,10
ORD005395,2024-05-07,CUST01046,USB Hub,Peripherals,-16.26,3,France,Unknown,15
ORD003376,2024-11-16,CUST01017,Mouse,Peripherals,71.12,3,France,Unknown,0
ORD005543,2024-12-10,CUST01026,Desk Lamp,Accessories,133.57,3,USA,Debit Card,0
ORD004692,2024-01-27,CUST01011,HDMI Cable,Cables,49.15,1,France,Unknown,0
ORD006959,2024-08-29,CUST01001,Keyboard,Peripherals,105.16,2,UK,Unknown,0
ORD002433,2024-10-05,CUST01001,Phone Stand,Accessories,47.38,1,Germany,PayPal,0
ORD004175,2024-02-18,CUST01001,HDMI Cable,Cables,-1.76,4,France,Credit Card,0
ORD007635,2024-03-01,CUST01001,Monitor,Displays,508.05,3,Poland,Credit Card,10
ORD006605,2024-02-07,CUST01001,HDMI Cable,Cables,-5.86,1,Canada,Credit Card,0
ORD005949,2024-10-07,CUST01002,HDMI Cable,Cables,58.07,3,UK,Unknown,0
ORD002749,2024-09-15,CUST01005,Keyboard,Peripherals,155.37,1,Netherlands,Debit Card,5
ORD002571,2024-02-14,CUST01001,Webcam,Video,81.1,3,France,Bank Transfer,5
ORD001612,2024-01-22,CUST01004,Phone Stand,Accessories,25.12,4,Germany,Debit Card,10
ORD004271,2024-02-29,CUST01003,Desk Lamp,Accessories,76.25,4,Poland,Credit Card,0
ORD002581,2024-10-27,CUST01010,Monitor,Displays,489.83,3,USA,Credit Card,10
ORD003255,2024-10-16,CUST01010,Phone Stand,Accessories,17.2,3,USA,Debit Card,0
ORD006400,2024-12-09,CUST01001,Desk Lamp,Accessories,57.49,3,Netherlands,Credit Card,15
ORD004174,2024-04-25,CUST01003,Keyboard,Peripherals,145.11,3,Netherlands,PayPal,0
ORD003860,2024-01-26,CUST01033,Mouse,Peripherals,14.84,1,Canada,Credit Card,0
ORD006280,2024-06-14,CUST01001,Desk Lamp,Accessories,41.79,3,Germany,Unknown,0
ORD003951,2024-07-28,CUST01001,Webcam,Video,63.7,4,Germany,Credit Card,0
ORD001469,2024-10-18,CUST01430,Desk Lamp,Accessories,90.19,3,USA,PayPal,0
ORD007807,2024-04-02,CUST01071,Keyboard,Peripherals,167.82,3,USA,PayPal,10
ORD007923,2024-08-05,CUST01002,Desk Lamp,Accessories,92.66,2,USA,PayPal,0
ORD003772,2024-04-29,CUST01004,HDMI Cable,Cables,15.13,3,Germany,PayPal,15
ORD004305,2024-12-20,CUST01003,Phone Stand,Accessories,18.58,2,Germany,Debit Card,0
ORD004944,2024-09-02,CUST01001,Desk Lamp,Accessories,84.95,4,UK,Credit Card,0
ORD004371,2024-01-23,CUST01003,Phone Stand,Accessories,-10.51,4,Poland,PayPal,10
ORD002156,2024-12-23,CUST01007,Desk Lamp,Accessories,71.54,3,USA,PayPal,0
ORD005635,2024-08-05,CUST01012,Laptop,Computers,1081.31,4,USA,Credit Card,5
ORD007679,2024-04-21,CUST01001,Mouse,Peripherals,82.22,1,USA,Debit Card,5
ORD002078,2024-08-27,CUST01001,Laptop,Computers,1086.86,4,Canada,PayPal,5
ORD004101,2024-07-24,CUST01005,Headphones,Audio,137.3,3,France,Debit Card,10
ORD002816,2024-11-05,CUST01002,USB Hub,Peripherals,16.83,2,USA,Credit Card,0
ORD003556,2024-09-21,CUST01808,Mouse,Peripherals,88.29,2,France,Credit Card,15
ORD004787,2024-02-29,CUST01002,Monitor,Displays,448.97,3,France,Unknown,15
ORD000585,2024-11-23,CUST01003,Desk Lamp,Accessories,98.21,4,USA,Bank Transfer,15
ORD003412,2024-08-15,CUST01001,Phone Stand,Accessories,22.64,4,Germany,Unknown,0
ORD006509,2024-12-23,CUST01028,Mouse,Peripherals,36.48,2,USA,Unknown,5
ORD007759,2024-02-07,CUST01001,Headphones,Audio,143.17,2,UK,Bank Transfer,0
ORD006087,2024-01-20,CUST01001,Desk Lamp,Accessories,96.07,1,France,Debit Card,0
ORD006217,2024-02-14,CUST01030,Phone Stand,Accessories,-14.63,4,Poland,PayPal,0
ORD007118,2024-04-11,CUST01047,Desk Lamp,Accessories,124.13,3,France,Unknown,5
ORD007093,2024-12-16,CUST01003,Laptop,Computers,1039.87,1,Poland,Debit Card,0
ORD004093,2024-07-19,CUST01001,Webcam,Video,99.6,4,Poland,Debit Card,10
ORD002500,2024-11-21,CUST01001,USB Hub,Peripherals,-4.26,1,Netherlands,PayPal,0
ORD005559,2024-11-01,CUST01108,Phone Stand,Accessories,69.69,4,UK,Debit Card,0
ORD006155,2024-04-02,CUST01001,Phone Stand,Accessories,59.36,2,Netherlands,Unknown,10
ORD000345,2024-01-26,CUST01005,Monitor,Displays,532.47,2,UK,PayPal,0
ORD006909,2024-08-12,CUST01012,Headphones,Audio,133.39,2,Poland,Debit Card,0
ORD004653,2024-06-17,CUST01003,Webcam,Video,121.78,2,UK,Bank Transfer,0
ORD002610,2024-04-24,CUST01001,Laptop,Computers,1043.37,4,Canada,Bank Transfer,5
ORD007526,2024-09-12,CUST01001,Laptop,Computers,1079.39,2,France,PayPal,0
ORD003969,2024-01-19,CUST01009,USB Hub,Peripherals,17.06,1,USA,Unknown,0
ORD006216,2024-08-17,CUST01021,Phone Stand,Accessories,40.26,4,Netherlands,Credit Card,15
ORD004999,2024-03-07,CUST01002,Phone Stand,Accessories,0.88,2,Canada,Bank Transfer,15
ORD002771,2024-01-19,CUST01005,Headphones,Audio,157.91,3,Germany,Bank Transfer,0
ORD000091,2024-01-12,CUST01008,Keyboard,Peripherals,94.67,4,Canada,PayPal,5
ORD003804,2024-08-12,CUST01042,Keyboard,Peripherals,113.56,1,Canada,PayPal,0
ORD005847,2024-02-22,CUST01002,Mouse,Peripherals,87.13,2,UK,Bank Transfer,0
ORD004978,2024-08-07,CUST01007,Mouse,Peripherals,48.29,4,Netherlands,Debit Card,0
ORD005705,2024-09-04,CUST01009,Keyboard,Peripherals,131.68,2,Canada,PayPal,0
ORD002118,2024-03-01,CUST01182,Laptop,Computers,1039.71,2,USA,Debit Card,0
ORD004251,2024-02-12,CUST01001,Headphones,Audio,139.15,3,UK,Unknown,0
ORD006097,2024-06-28,CUST01001,Desk Lamp,Accessories,82.12,2,Poland,Credit Card,10
ORD004635,2024-09-14,CUST01006,HDMI Cable,Cables,11.67,2,UK,Bank Transfer,0
ORD003040,2024-04-06,CUST01001,Laptop,Computers,1095.38,1,UK,Bank Transfer,5
ORD000948,2024-01-18,CUST01056,Webcam,Video,112.83,2,UK,Unknown,5
ORD007657,2024-08-22,CUST01034,Mouse,Peripherals,16.56,3,Canada,Unknown,10
ORD004741,2024-05-04,CUST01001,Phone Stand,Accessories,61.79,1,Netherlands,Bank Transfer,0
ORD004255,2024-08-28,CUST01119,Monitor,Displays,506.18,2,Canada,Bank Transfer,15
ORD000884,2024-05-24,CUST01003,USB Hub,Peripherals,29.46,1,France,Unknown,0
ORD004652,2024-08-08,CUST01003,Webcam,Video,42.82,2,UK,Unknown,15
ORD004032,2024-04-15,CUST01007,Desk Lamp,Accessories,119.88,3,UK,Credit Card,5
ORD004658,2024-11-02,CUST01001,Webcam,Video,96.13,4,Poland,PayPal,5
ORD003510,2024-03-17,CUST01001,Webcam,Video,50.61,4,Canada,Bank Transfer,0
ORD004483,2024-07-26,CUST01001,Keyboard,Peripherals,91.67,3,Netherlands,PayPal,15
ORD007355,2024-06-24,CUST01005,Mouse,Peripherals,18.72,1,Netherlands,Debit Card,0
ORD005926,2024-09-24,CUST01003,Webcam,Video,63.0,3,France,Bank Transfer,0
ORD005362,2024-05-06,CUST01343,Keyboard,Peripherals,136.04,3,Poland,Unknown,0
ORD006196,2024-12-11,CUST01004,Headphones,Audio,86.1,3,UK,Unknown,0
ORD006070,2024-05-10,CUST01009,Headphones,Audio,167.28,4,Netherlands,Bank Transfer,0
ORD005748,2024-06-06,CUST01002,Mouse,Peripherals,34.13,1,Canada,Bank Transfer,5
ORD005630,2024-01-18,CUST01016,Monitor,Displays,447.13,2,Poland,Credit Card,0
ORD002416,2024-11-24,CUST01004,Keyboard,Peripherals,106.06,3,France,Debit Card,0
ORD004884,2024-03-28,CUST01130,Phone Stand,Accessories,73.74,1,Germany,Credit Card,0
ORD006837,2024-05-31,CUST01006,Phone Stand,Accessories,1.07,2,Germany,Unknown,10
ORD003296,2024-05-07,CUST01001,Headphones,Audio,159.57,3,France,Bank Transfer,10
ORD005392,2024-12-18,CUST01001,Keyboard,Peripherals,124.8,3,UK,Debit Card,15
ORD003625,2024-02-04,CUST01004,HDMI Cable,Cables,4.34,1,Canada,PayPal,0
ORD002900,2024-04-20,CUST01004,Webcam,Video,36.59,3,Netherlands,Unknown,0
ORD002399,2024-12-26,CUST01001,HDMI Cable,Cables,47.88,1,Germany,PayPal,0
ORD006881,2024-06-17,CUST01017,Phone Stand,Accessories,36.03,1,Poland,Unknown,0
ORD001711,2024-02-21,CUST01052,Desk Lamp,Accessories,137.12,2,USA,Bank Transfer,0
ORD003906,2024-05-24,CUST01001,Webcam,Video,120.85,3,France,PayPal,0
ORD007530,2024-05-23,CUST01003,Keyboard,Peripherals,161.71,3,Canada,Debit Card,0
ORD001187,2024-12-21,CUST01002,Webcam,Video,23.51,1,Poland,Bank Transfer,5
ORD007375,2024-09-07,CUST01002,Phone Stand,Accessories,23.76,2,Netherlands,PayPal,0
ORD007703,2024-03-27,CUST01024,Laptop,Computers,1096.82,2,Poland,Unknown,10
ORD005772,2024-05-27,CUST01003,Phone Stand,Accessories,-20.16,1,USA,Credit Card,10
ORD006107,2024-08-28,CUST01014,Phone Stand,Accessories,49.38,4,Poland,Debit Card,0
ORD007843,2024-10-15,CUST01001,Mouse,Peripherals,71.37,2,Poland,Bank Transfer,5
ORD000152,2024-08-18,CUST01221,USB Hub,Peripherals,59.84,2,UK,Debit Card,15
ORD000916,2024-01-09,CUST01002,USB Hub,Peripherals,-4.87,4,France,Debit Card,0
ORD001306,2024-08-22,CUST01001,Phone Stand,Accessories,50.32,3,Germany,Credit Card,0
ORD004935,2024-10-16,CUST01001,Desk Lamp,Accessories,133.22,4,France,Bank Transfer,0
ORD007222,2024-06-10,CUST01001,Laptop,Computers,1063.04,1,France,Credit Card,10
ORD004729,2024-05-16,CUST01529,USB Hub,Peripherals,63.3,1,UK,Bank Transfer,0
ORD005297,2024-06-23,CUST01005,Webcam,Video,105.59,4,Poland,PayPal,15
ORD001399,2024-08-01,CUST01001,Laptop,Computers,1027.86,4,France,Bank Transfer,0
ORD002520,2024-12-30,CUST01003,USB Hub,Peripherals,67.28,4,USA,Unknown,0
ORD000184,2024-08-19,CUST01007,Laptop,Computers,1104.0,4,USA,Credit Card,0
ORD007613,2024-02-27,CUST01001,Laptop,Computers,1086.32,3,UK,Bank Transfer,0
ORD006327,2024-03-02,CUST01005,Phone Stand,Accessories,25.2,2,France,Unknown,15
ORD003044,2024-04-14,CUST01017,Desk Lamp,Accessories,135.42,4,France,PayPal,0
ORD002418,2024-12-14,CUST01001,Desk Lamp,Accessories,110.94,1,Netherlands,Unknown,0
ORD000472,2024-09-10,CUST01002,Phone Stand,Accessories,53.64,1,USA,Unknown,10
ORD000968,2024-01-19,CUST01003,Keyboard,Peripherals,119.41,2,Germany,PayPal,0
ORD007606,2024-06-12,CUST01001,Headphones,Audio,116.11,3,France,PayPal,10
ORD006758,2024-03-25,CUST01001,Phone Stand,Accessories,74.95,4,Canada,Unknown,0
ORD000210,2024-11-05,CUST01002,Webcam,Video,48.9,3,USA,PayPal,10
ORD001962,2024-10-30,CUST01021,HDMI Cable,Cables,62.48,3,USA,Debit Card,0
ORD000897,2024-10-25,CUST01055,Desk Lamp,Accessories,54.64,3,UK,Credit Card,15
ORD006084,2024-07-24,CUST01003,Keyboard,Peripherals,151.45,2,USA,Credit Card,10
ORD003947,2024-12-04,CUST01008,Phone Stand,Accessories,7.57,3,UK,PayPal,0
ORD006650,2024-04-18,CUST01002,USB Hub,Peripherals,13.79,4,Poland,Credit Card,0
ORD001774,2024-08-20,CUST01003,Webcam,Video,72.36,3,France,Unknown,0
ORD006986,2024-07-30,CUST01002,HDMI Cable,Cables,50.5,3,Poland,Credit Card,0
ORD002300,2024-05-06,CUST01004,Monitor,Displays,437.34,1,Canada,Bank Transfer,15
ORD001210,2024-04-09,CUST01001,Mouse,Peripherals,19.85,4,Poland,Credit Card,0
ORD004297,2024-06-23,CUST01001,Desk Lamp,Accessories,65.86,3,France,Debit Card,10
ORD004583,2024-07-03,CUST01005,HDMI Cable,Cables,25.1,1,Poland,Debit Card,5
ORD004003,2024-09-11,CUST01367,Headphones,Audio,88.41,3,Poland,Credit Card,10
ORD001252,2024-10-18,CUST01001,Mouse,Peripherals,32.67,3,UK,Debit Card,0
ORD004162,2024-12-26,CUST01001,Phone Stand,Accessories,41.22,4,Canada,Credit Card,0
ORD002698,2024-04-06,CUST01040,Keyboard,Peripherals,169.69,1,USA,Credit Card,0
ORD003211,2024-07-06,CUST01001,Desk Lamp,Accessories,101.14,4,France,PayPal,0
ORD005214,2024-05-09,CUST01002,Phone Stand,Accessories,33.99,2,Germany,PayPal,5
ORD006526,2024-04-01,CUST01002,USB Hub,Peripherals,9.21,2,Poland,Unknown,5
ORD000293,2024-07-16,CUST01001,Laptop,Computers,1061.31,1,France,PayPal,0
ORD003003,2024-04-21,CUST01020,Phone Stand,Accessories,33.78,2,France,Credit Card,10
ORD004952,2024-03-15,CUST01004,Desk Lamp,Accessories,110.78,1,Germany,PayPal,10
ORD007760,2024-09-19,CUST01001,Webcam,Video,36.0,2,Poland,Debit Card,5
ORD000273,2024-05-17,CUST01033,Webcam,Video,113.54,1,Poland,Debit Card,0
ORD002043,2024-03-01,CUST01001,Webcam,Video,76.84,1,Germany,Credit Card,10
ORD004964,2024-09-15,CUST01001,Headphones,Audio,173.76,2,Germany,Unknown,0
ORD002664,2024-03-13,CUST01004,Headphones,Audio,91.56,3,Canada,Unknown,0
ORD003694,2024-11-05,CUST01001,Phone Stand,Accessories,77.52,3,Netherlands,Debit Card,15
ORD005147,2024-03-08,CUST01002,Mouse,Peripherals,47.62,4,UK,Unknown,5
ORD001087,2024-03-21,CUST01002,Headphones,Audio,133.58,3,France,Unknown,0
ORD003606,2024-02-01,CUST01014,Mouse,Peripherals,69.21,3,Germany,Bank Transfer,5
ORD006625,2024-08-21,CUST01002,Laptop,Computers,1104.49,1,Germany,Bank Transfer,0
ORD007447,2024-08-09,CUST01001,Laptop,Computers,1070.03,2,France,Debit Card,10
ORD005750,2024-04-23,CUST01001,HDMI Cable,Cables,12.18,1,USA,Unknown,0
ORD002751,2024-02-23,CUST01007,Desk Lamp,Accessories,93.44,2,Poland,PayPal,15
ORD003857,2024-05-30,CUST01001,HDMI Cable,Cables,-6.22,1,Poland,Credit Card,0
ORD005101,2024-12-20,CUST01001,Webcam,Video,108.38,1,USA,Unknown,10
ORD005608,2024-03-29,CUST01001,Keyboard,Peripherals,103.98,2,Poland,Credit Card,5
ORD006814,2024-12-18,CUST01001,Keyboard,Peripherals,113.28,3,France,Debit Card,5
ORD007721,2024-07-11,CUST01016,HDMI Cable,Cables,58.4,3,Germany,PayPal,0
ORD002813,2024-08-19,CUST01001,Mouse,Peripherals,24.12,1,Netherlands,Credit Card,0
ORD004056,2024-02-07,CUST01020,Desk Lamp,Accessories,78.9,3,Netherlands,PayPal,0
ORD000614,2024-06-25,CUST01001,HDMI Cable,Cables,44.94,4,France,Debit Card,15
ORD005592,2024-04-25,CUST01994,Mouse,Peripherals,103.16,3,Germany,Bank Transfer,0
ORD003806,2024-07-29,CUST01039,Laptop,Computers,1074.98,1,Germany,Bank Transfer,0
ORD003400,2024-01-15,CUST01002,Desk Lamp,Accessories,128.42,4,France,PayPal,15
ORD005287,2024-06-19,CUST01001,HDMI Cable,Cables,15.74,3,France,PayPal,0
ORD006937,2024-02-19,CUST01002,Webcam,Video,111.0,1,Germany,Debit Card,15
ORD001749,2024-02-10,CUST01001,Laptop,Computers,1104.67,1,Netherlands,Debit Card,0
ORD007237,2024-09-01,CUST01002,Mouse,Peripherals,75.22,1,USA,Debit Card,5
ORD006142,2024-07-16,CUST01001,Keyboard,Peripherals,144.83,4,France,Bank Transfer,5
ORD003195,2024-09-04,CUST01017,USB Hub,Peripherals,-25.38,1,Poland,Debit Card,10
ORD005594,2024-08-27,CUST01001,Desk Lamp,Accessories,130.68,1,Canada,PayPal,15
ORD005016,2024-07-11,CUST01001,HDMI Cable,Cables,-34.11,3,France,Unknown,0
ORD003170,2024-09-07,CUST01002,Keyboard,Peripherals,97.65,1,Germany,Credit Card,0
ORD004079,2024-11-06,CUST01002,Keyboard,Peripherals,103.32,3,France,Unknown,0
ORD002155,2024-06-21,CUST01086,Desk Lamp,Accessories,60.39,3,Germany,PayPal,0
ORD001345,2024-06-26,CUST01007,Mouse,Peripherals,101.63,3,France,Bank Transfer,0
ORD007753,2024-05-22,CUST01006,HDMI Cable,Cables,-2.28,2,UK,Credit Card,0
ORD006651,2024-07-27,CUST01001,USB Hub,Peripherals,37.35,2,UK,PayPal,15
ORD005274,2024-11-21,CUST01007,HDMI Cable,Cables,27.96,4,France,Debit Card,10
ORD000953,2024-03-30,CUST01010,Headphones,Audio,170.14,3,Poland,PayPal,0
ORD003002,2024-04-14,CUST01002,Mouse,Peripherals,8.19,3,UK,Bank Transfer,5
ORD001505,2024-03-12,CUST01001,Laptop,Computers,1034.71,3,Poland,Debit Card,10
ORD004943,2024-05-26,CUST01001,HDMI Cable,Cables,60.43,4,Poland,Debit Card,0
ORD007973,2024-09-08,CUST01003,HDMI Cable,Cables,53.1,1,USA,PayPal,0
ORD005479,2024-08-10,CUST01002,Laptop,Computers,1078.5,1,UK,Credit Card,15
ORD001122,2024-06-29,CUST01401,Keyboard,Peripherals,93.84,1,Germany,PayPal,5
ORD004540,2024-10-18,CUST01002,Monitor,Displays,-100.0,4,Canada,Credit Card,15
ORD005971,2024-08-23,CUST01973,Mouse,Peripherals,71.49,3,Germany,Debit Card,0
ORD007499,2024-08-09,CUST01001,Phone Stand,Accessories,-100.0,2,USA,Credit Card,5
ORD006996,2024-05-17,CUST01001,Monitor,Displays,486.94,4,France,Unknown,0
ORD005222,2024-06-02,CUST01001,Desk Lamp,Accessories,81.38,1,Poland,Bank Transfer,0
ORD000417,2024-06-10,CUST01001,Phone Stand,Accessories,67.61,1,Canada,Bank Transfer,0
ORD004756,2024-12-28,CUST01002,Laptop,Computers,1027.54,4,USA,Bank Transfer,0
ORD002432,2024-07-16,CUST01021,Webcam,Video,36.89,4,Poland,Credit Card,0
ORD002923,2024-01-29,CUST01008,USB Hub,Peripherals,69.79,2,Canada,Unknown,0
ORD000565,2024-11-10,CUST01001,USB Hub,Peripherals,33.95,1,Germany,Unknown,0
ORD002527,2024-09-27,CUST01001,USB Hub,Peripherals,14.38,4,Canada,Credit Card,0
ORD001225,2024-08-25,CUST01003,Phone Stand,Accessories,76.66,3,Canada,Credit Card,0
ORD000143,2024-02-22,CUST01008,Mouse,Peripherals,64.59,3,France,Debit Card,0
ORD001491,2024-07-08,CUST01002,Laptop,Computers,1049.94,1,Germany,Unknown,0
ORD002926,2024-03-02,CUST01002,Desk Lamp,Accessories,108.75,1,Netherlands,Credit Card,0
ORD006559,2024-05-21,CUST01013,Phone Stand,Accessories,71.28,1,Poland,Unknown,0
ORD002654,2024-09-04,CUST01003,USB Hub,Peripherals,-23.7,4,Canada,PayPal,0
ORD002005,2024-07-13,CUST01091,Phone Stand,Accessories,60.24,3,Germany,Credit Card,0
ORD001195,2024-06-27,CUST01001,HDMI Cable,Cables,2.5,3,Poland,PayPal,0
ORD002888,2024-04-13,CUST01001,Webcam,Video,37.59,2,Germany,Credit Card,0
ORD007301,2024-12-18,CUST01001,Keyboard,Peripherals,160.26,2,France,PayPal,15
ORD001757,2024-09-26,CUST01006,HDMI Cable,Cables,99999.0,3,Germany,Debit Card,5
ORD000498,2024-10-27,CUST01001,Keyboard,Peripherals,129.27,3,UK,Unknown,10
ORD005167,2024-11-19,CUST01001,Webcam,Video,122.37,3,Poland,Bank Transfer,0
ORD004747,2024-01-04,CUST01006,Headphones,Audio,159.01,4,UK,Bank Transfer,0
ORD007838,2024-06-29,CUST01001,HDMI Cable,Cables,45.28,3,France,Debit Card,10
ORD000913,2024-11-22,CUST01009,Keyboard,Peripherals,100.92,1,France,PayPal,0
ORD000722,2024-10-24,CUST01003,Laptop,Computers,1013.74,2,France,Unknown,10
ORD005844,2024-11-11,CUST01001,Phone Stand,Accessories,45.18,3,Poland,Credit Card,5
ORD004355,2024-03-23,CUST01007,Desk Lamp,Accessories,120.06,3,Netherlands,Unknown,0
ORD001497,2024-07-30,CUST01097,Webcam,Video,66.06,4,Netherlands,Bank Transfer,0
ORD003045,2024-08-27,CUST01001,Mouse,Peripherals,15.27,2,UK,Unknown,0
ORD001521,2024-04-23,CUST01001,Webcam,Video,92.35,2,Canada,PayPal,0
ORD005129,2024-09-06,CUST01004,Monitor,Displays,468.8,3,Germany,Bank Transfer,0
ORD006835,2024-11-27,CUST01001,Phone Stand,Accessories,10.08,4,UK,Bank Transfer,0
ORD003909,2024-09-01,CUST01034,Phone Stand,Accessories,58.36,2,Poland,PayPal,0
ORD003407,2024-04-24,CUST01001,Mouse,Peripherals,42.61,1,UK,Unknown,15
ORD006466,2024-12-03,CUST01028,Keyboard,Peripherals,141.05,2,France,Debit Card,10
ORD000109,2024-11-21,CUST01010,Desk Lamp,Accessories,123.05,3,Canada,Bank Transfer,10
ORD001755,2024-02-24,CUST01002,Webcam,Video,82.17,1,Netherlands,Unknown,5
ORD007684,2024-08-04,CUST01001,Webcam,Video,39.28,3,Germany,Debit Card,0
ORD001352,2024-03-17,CUST01014,Headphones,Audio,158.63,1,Netherlands,PayPal,15
ORD004539,2024-09-01,CUST01016,Desk Lamp,Accessories,75.94,1,Germany,Unknown,0
ORD004454,2024-02-19,CUST01001,Mouse,Peripherals,68.85,3,UK,Debit Card,15
ORD006018,2024-02-17,CUST01001,Webcam,Video,62.11,2,USA,Unknown,0
ORD001974,2024-06-25,CUST01001,Laptop,Computers,1088.07,4,Poland,Bank Transfer,10
ORD000337,2024-08-19,CUST01005,Mouse,Peripherals,33.38,1,UK,Credit Card,10
ORD005046,2024-08-28,CUST01065,Laptop,Computers,1022.21,1,Netherlands,Bank Transfer,0
ORD005653,2024-10-23,CUST01003,USB Hub,Peripherals,27.83,1,USA,Bank Transfer,0
ORD007030,2024-08-30,CUST01001,Webcam,Video,99.37,3,UK,Unknown,10
ORD007615,2024-07-06,CUST01171,Webcam,Video,67.4,2,Poland,Credit Card,5
ORD003048,2024-01-29,CUST01007,Desk Lamp,Accessories,131.44,4,Canada,Unknown,10
ORD006258,2024-02-05,CUST01001,USB Hub,Peripherals,63.66,2,Poland,Bank Transfer,5
ORD003338,2024-03-14,CUST01002,Keyboard,Peripherals,105.29,1,Poland,PayPal,0
ORD000725,2024-05-10,CUST01003,HDMI Cable,Cables,64.01,3,Netherlands,PayPal,0
ORD000766,2024-02-24,CUST01030,USB Hub,Peripherals,16.58,2,France,Debit Card,0
ORD004354,2024-07-10,CUST01001,Laptop,Computers,1042.19,3,Netherlands,Credit Card,0
ORD004519,2024-07-27,CUST01144,Mouse,Peripherals,45.05,2,Germany,PayPal,0
ORD005252,2024-10-28,CUST01010,Mouse,Peripherals,57.45,2,Poland,Credit Card,15
ORD000308,2024-03-04,CUST01002,HDMI Cable,Cables,0.06,4,Poland,Debit Card,0
ORD001279,2024-01-13,CUST01003,Phone Stand,Accessories,-18.37,4,France,PayPal,0
ORD004797,2024-01-29,CUST01002,USB Hub,Peripherals,-24.33,2,USA,Debit Card,0
ORD003768,2024-07-25,CUST01001,Keyboard,Peripherals,142.91,2,Canada,Bank Transfer,0
ORD006250,2024-03-19,CUST01002,Desk Lamp,Accessories,84.07,1,Germany,Credit Card,0
ORD004648,2024-07-19,CUST01003,USB Hub,Peripherals,-19.92,2,Canada,PayPal,15
ORD007274,2024-08-15,CUST01005,Mouse,Peripherals,101.89,1,France,PayPal,15
ORD001792,2024-09-26,CUST01001,Monitor,Displays,480.88,3,Poland,PayPal,0
ORD005156,2024-12-25,CUST01001,Webcam,Video,64.08,2,UK,Debit Card,5
ORD006260,2024-08-20,CUST01002,Webcam,Video,106.32,2,Germany,Credit Card,10
ORD002054,2024-06-16,CUST01001,Webcam,Video,51.32,4,Canada,PayPal,0
ORD007024,2024-08-02,CUST01003,Phone Stand,Accessories,19.25,1,UK,Debit Card,0
ORD003106,2024-11-16,CUST01002,Desk Lamp,Accessories,124.17,3,UK,PayPal,0
ORD000072,2024-08-15,CUST01002,Webcam,Video,40.68,1,UK,Debit Card,0
ORD005642,2024-09-03,CUST01001,USB Hub,Peripherals,3.12,3,UK,Unknown,0
ORD005113,2024-01-21,CUST01172,HDMI Cable,Cables,4.92,3,Poland,PayPal,15
ORD006308,2024-07-29,CUST01001,USB Hub,Peripherals,15.11,3,Poland,Credit Card,15
ORD002906,2024-08-30,CUST01004,HDMI Cable,Cables,-28.42,4,UK,Bank Transfer,10
ORD007455,2024-05-16,CUST01002,Desk Lamp,Accessories,109.72,2,Poland,Bank Transfer,15
ORD001261,2024-09-10,CUST01009,Desk Lamp,Accessories,134.81,3,UK,PayPal,5
ORD001667,2024-01-30,CUST01001,Monitor,Displays,456.43,3,Poland,Bank Transfer,0
ORD002992,2024-10-17,CUST01002,USB Hub,Peripherals,-20.22,2,France,PayPal,10
ORD006282,2024-05-22,CUST01001,Keyboard,Peripherals,144.89,3,UK,Unknown,10
ORD006788,2024-04-24,CUST01001,Keyboard,Peripherals,172.57,1,France,Debit Card,10
ORD003096,2024-06-07,CUST01378,Monitor,Displays,503.59,1,UK,Unknown,0
ORD002168,2024-08-22,CUST01022,Keyboard,Peripherals,154.3,2,Canada,Credit Card,0
ORD007636,2024-09-08,CUST01013,Headphones,Audio,82.55,3,Poland,Debit Card,0
ORD002534,2024-08-11,CUST01003,Laptop,Computers,1053.0,4,Germany,PayPal,0
ORD001696,2024-02-08,CUST01005,Webcam,Video,44.59,4,France,Unknown,0
ORD001096,2024-03-04,CUST01003,Mouse,Peripherals,83.88,3,USA,Credit Card,15
ORD006042,2024-12-12,CUST01063,Desk Lamp,Accessories,65.07,3,Germany,Bank Transfer,0
ORD005877,2024-07-25,CUST01025,Phone Stand,Accessories,27.65,2,USA,Bank Transfer,0
ORD003774,2024-10-28,CUST01003,Keyboard,Peripherals,143.41,1,UK,PayPal,0
ORD001631,2024-07-16,CUST01001,Monitor,Displays,526.48,4,USA,Bank Transfer,0
ORD004921,2024-06-03,CUST01003,Mouse,Peripherals,39.03,2,UK,Unknown,5
ORD001882,2024-05-26,CUST01002,Mouse,Peripherals,51.82,1,Poland,Bank Transfer,0
ORD004517,2024-09-30,CUST01001,Laptop,Computers,1060.5,3,France,Unknown,0
ORD005831,2024-06-01,CUST01001,USB Hub,Peripherals,42.21,2,UK,Credit Card,5
ORD001613,2024-07-24,CUST01002,Mouse,Peripherals,88.94,4,Germany,Bank Transfer,5
ORD000979,2024-03-30,CUST01001,Webcam,Video,34.14,2,Canada,Unknown,5
ORD004018,2024-02-27,CUST01020,Desk Lamp,Accessories,121.29,3,UK,Unknown,15
ORD005709,2024-02-03,CUST01006,Phone Stand,Accessories,46.03,1,USA,Credit Card,15
ORD003347,2024-09-11,CUST01001,Mouse,Peripherals,39.6,3,Poland,Credit Card,0
ORD000849,2024-07-25,CUST01002,USB Hub,Peripherals,-25.45,1,Poland,Debit Card,15
ORD003796,2024-12-19,CUST01013,Webcam,Video,55.31,3,France,PayPal,5
ORD003685,2024-05-05,CUST01001,Laptop,Computers,1084.3,1,Canada,Debit Card,0
ORD002272,2024-05-12,CUST01003,HDMI Cable,Cables,9.62,4,UK,Debit Card,10
ORD002393,2024-05-29,CUST01028,Phone Stand,Accessories,7.13,1,Canada,Unknown,0
ORD004232,2024-05-24,CUST01211,HDMI Cable,Cables,50.57,4,Poland,Unknown,10
ORD001831,2024-05-15,CUST01003,Desk Lamp,Accessories,114.85,3,USA,Debit Card,15
ORD002779,2024-12-13,CUST01005,Mouse,Peripherals,55.52,2,Canada,PayPal,0
ORD000048,2024-03-12,CUST01015,Webcam,Video,56.72,1,Canada,Bank Transfer,15
ORD004217,2024-05-13,CUST01004,Laptop,Computers,1034.27,2,UK,Unknown,0
ORD001351,2024-11-29,CUST01209,Headphones,Audio,82.1,3,Canada,Debit Card,0
ORD007469,2024-11-14,CUST01001,HDMI Cable,Cables,-29.01,4,UK,Bank Transfer,0
ORD003102,2024-03-29,CUST01002,HDMI Cable,Cables,-30.77,1,France,Credit Card,15
ORD000447,2024-01-05,CUST01024,HDMI Cable,Cables,-5.01,2,USA,Bank Transfer,15
ORD002249,2024-04-25,CUST01003,Desk Lamp,Accessories,70.43,3,Poland,PayPal,0
ORD001744,2024-03-29,CUST01009,Mouse,Peripherals,39.07,1,France,Unknown,0
ORD000845,2024-03-15,CUST01013,Phone Stand,Accessories,47.78,4,Canada,Bank Transfer,0
ORD005318,2024-02-26,CUST01190,Keyboard,Peripherals,141.55,4,Germany,Debit Card,0
ORD005010,2024-11-09,CUST01002,Laptop,Computers,1060.63,4,USA,Unknown,0
ORD003132,2024-12-02,CUST01033,Phone Stand,Accessories,99999.0,4,Canada,PayPal,15
ORD002441,2024-04-08,CUST01001,USB Hub,Peripherals,42.83,3,Germany,Unknown,0
ORD000679,2024-10-07,CUST01002,Monitor,Displays,503.37,1,Poland,Debit Card,0
ORD004817,2024-09-09,CUST01001,Webcam,Video,62.32,2,Poland,PayPal,0
ORD004521,2024-04-08,CUST01005,Phone Stand,Accessories,76.71,2,Netherlands,Credit Card,0
ORD001295,2024-09-15,CUST01001,Mouse,Peripherals,43.7,3,USA,Bank Transfer,15
ORD007982,2024-03-24,CUST01001,Phone Stand,Accessories,45.76,3,USA,Debit Card,10
ORD007035,2024-12-06,CUST01007,Laptop,Computers,1111.98,4,Netherlands,Credit Card,0
ORD004551,2024-09-19,CUST01005,Mouse,Peripherals,101.39,4,Poland,Credit Card,0
ORD007495,2024-07-22,CUST01001,Monitor,Displays,534.55,3,Germany,PayPal,5
ORD005744,2024-10-11,CUST01001,Laptop,Computers,1051.79,2,Germany,Unknown,10
ORD007088,2024-01-16,CUST01003,Monitor,Displays,99999.0,4,Netherlands,Unknown,0
ORD001113,2024-11-10,CUST01001,Headphones,Audio,106.04,3,Netherlands,Unknown,0
ORD000777,2024-07-31,CUST01003,Desk Lamp,Accessories,112.55,4,France,PayPal,5
ORD007583,2024-09-21,CUST01014,Headphones,Audio,151.44,3,UK,Bank Transfer,10
ORD002229,2024-01-29,CUST01001,Laptop,Computers,1018.44,4,Netherlands,PayPal,5
ORD002154,2024-11-03,CUST01001,USB Hub,Peripherals,67.29,1,France,Bank Transfer,0
ORD005461,2024-09-07,CUST01001,Monitor,Displays,522.82,4,Germany,Unknown,10
ORD004368,2024-11-02,CUST01001,Webcam,Video,73.22,4,Canada,Credit Card,10
ORD004025,2024-02-27,CUST01001,Headphones,Audio,88.36,4,Poland,Credit Card,10
ORD001367,2024-06-11,CUST01015,Monitor,Displays,468.1,4,USA,Debit Card,0
ORD001470,2024-06-07,CUST01085,HDMI Cable,Cables,13.56,3,Canada,PayPal,15
ORD001852,2024-08-27,CUST01003,Laptop,Computers,1077.66,4,France,Debit Card,0
ORD001964,2024-07-08,CUST01162,Monitor,Displays,501.53,1,UK,PayPal,10
ORD002946,2024-09-10,CUST01002,Phone Stand,Accessories,13.42,3,USA,Bank Transfer,0
ORD007572,2024-05-23,CUST01316,Laptop,Computers,1073.1,3,Poland,Debit Card,0
ORD003910,2024-10-20,CUST01002,Mouse,Peripherals,18.2,1,Canada,Bank Transfer,0
ORD000486,2024-05-08,CUST01001,HDMI Cable,Cables,65.34,1,Netherlands,Unknown,5
ORD002240,2024-02-11,CUST01006,Laptop,Computers,1023.97,2,Netherlands,Debit Card,0
ORD004075,2024-03-20,CUST01020,Desk Lamp,Accessories,51.42,4,Netherlands,Debit Card,15
ORD006940,2024-01-08,CUST01002,Webcam,Video,104.04,3,Germany,PayPal,10
ORD004887,2024-02-23,CUST01001,Headphones,Audio,106.85,2,UK,Debit Card,5
ORD006158,2024-12-26,CUST01103,USB Hub,Peripherals,8.57,1,Germany,Credit Card,0
ORD000031,2024-02-14,CUST01164,Webcam,Video,59.39,1,Germany,Bank Transfer,0
ORD001880,2024-12-28,CUST01004,Monitor,Displays,505.27,1,Netherlands,PayPal,0
ORD005823,2024-10-24,CUST01118,Keyboard,Peripherals,93.75,1,Poland,Bank Transfer,0
ORD002971,2024-06-08,CUST01002,Webcam,Video,40.17,4,Canada,Debit Card,0
ORD005811,2024-11-03,CUST01002,Headphones,Audio,92.89,3,Netherlands,Unknown,0
ORD004528,2024-08-12,CUST01001,Phone Stand,Accessories,37.47,2,France,Unknown,0
ORD005185,2024-03-15,CUST01103,USB Hub,Peripherals,27.17,4,USA,Bank Transfer,5
ORD005493,2024-03-25,CUST01004,Phone Stand,Accessories,66.32,1,UK,Unknown,0
ORD001037,2024-03-26,CUST01004,Webcam,Video,101.19,1,Germany,PayPal,0
ORD000637,2024-08-04,CUST01846,Mouse,Peripherals,25.31,2,USA,Unknown,0
ORD005104,2024-09-12,CUST01007,Keyboard,Peripherals,87.43,4,Germany,PayPal,0
ORD006664,2024-01-24,CUST01001,Phone Stand,Accessories,19.86,2,Canada,Bank Transfer,0
ORD001084,2024-07-06,CUST01007,Keyboard,Peripherals,161.61,4,Poland,PayPal,0
ORD002616,2024-12-17,CUST01001,Webcam,Video,103.6,3,Poland,Credit Card,5
ORD000862,2024-04-08,CUST01005,Monitor,Displays,99999.0,4,USA,Bank Transfer,15
ORD004059,2024-09-02,CUST01008,Webcam,Video,0.0,2,USA,Unknown,15
ORD000904,2024-05-29,CUST01001,Webcam,Video,71.89,4,Germany,Unknown,10
ORD003911,2024-12-11,CUST01007,Monitor,Displays,455.96,2,USA,Credit Card,15
ORD000110,2024-07-15,CUST01009,USB Hub,Peripherals,43.96,4,Canada,PayPal,0
ORD007712,2024-12-05,CUST01008,USB Hub,Peripherals,27.87,4,UK,Credit Card,0
ORD007497,2024-05-31,CUST01001,Desk Lamp,Accessories,75.32,2,Germany,Debit Card,0
ORD006401,2024-01-18,CUST01013,Monitor,Displays,530.39,2,Netherlands,Bank Transfer,5
ORD004801,2024-03-02,CUST01001,Phone Stand,Accessories,20.82,3,France,PayPal,10
ORD006848,2024-04-10,CUST01001,Laptop,Computers,1030.74,4,Netherlands,Credit Card,0
ORD003618,2024-11-13,CUST01019,Webcam,Video,69.46,3,UK,Debit Card,10
ORD005895,2024-02-06,CUST01001,Headphones,Audio,118.56,3,Canada,Debit Card,0
ORD001832,2024-06-06,CUST01001,USB Hub,Peripherals,-8.58,2,Germany,Credit Card,15
ORD003442,2024-09-03,CUST01001,Webcam,Video,46.01,2,France,Credit Card,0
ORD003103,2024-09-17,CUST01005,USB Hub,Peripherals,12.78,4,UK,Debit Card,0
ORD000783,2024-07-03,CUST01004,Mouse,Peripherals,59.66,3,Canada,Debit Card,10
ORD007825,2024-02-27,CUST01004,HDMI Cable,Cables,9.73,2,USA,Bank Transfer,15
ORD004919,2024-09-28,CUST01001,Phone Stand,Accessories,9.85,2,UK,Debit Card,0
ORD006538,2024-07-02,CUST01002,Laptop,Computers,1088.86,2,UK,Bank Transfer,0
ORD005410,2024-04-27,CUST01001,Webcam,Video,39.67,4,USA,Credit Card,0
ORD005664,2024-04-24,CUST01006,Phone Stand,Accessories,60.21,3,Canada,Bank Transfer,0
ORD004141,2024-02-13,CUST01021,USB Hub,Peripherals,67.29,1,France,Credit Card,10
ORD001826,2024-08-27,CUST01002,Monitor,Displays,474.16,1,Canada,Bank Transfer,0
ORD002618,2024-09-07,CUST01002,Mouse,Peripherals,88.77,4,Poland,Debit Card,0
ORD007675,2024-02-04,CUST01001,Keyboard,Peripherals,145.52,2,Netherlands,Credit Card,0
ORD001095,2024-12-29,CUST01002,Phone Stand,Accessories,3.75,2,USA,PayPal,0
ORD004047,2024-10-25,CUST01006,Desk Lamp,Accessories,131.32,3,Netherlands,Debit Card,15
ORD003405,2024-10-13,CUST01004,Monitor,Displays,461.85,2,Germany,PayPal,0
ORD004889,2024-02-02,CUST01005,Laptop,Computers,1029.27,2,Canada,PayPal,0
ORD004762,2024-05-27,CUST01002,Desk Lamp,Accessories,104.55,2,USA,Debit Card,0
ORD006256,2024-07-01,CUST01001,Mouse,Peripherals,30.91,2,Netherlands,PayPal,0
ORD001655,2024-12-28,CUST01065,USB Hub,Peripherals,-3.54,4,Netherlands,Debit Card,5
ORD006571,2024-11-17,CUST01001,Webcam,Video,104.63,3,France,Bank Transfer,5
ORD007350,2024-11-15,CUST01004,Phone Stand,Accessories,49.25,4,Germany,Debit Card,15
ORD002324,2024-09-07,CUST01090,Phone Stand,Accessories,53.9,3,USA,PayPal,0
ORD002414,2024-06-16,CUST01001,USB Hub,Peripherals,10.84,1,UK,Credit Card,0
ORD006446,2024-03-10,CUST01003,Mouse,Peripherals,77.95,1,USA,Unknown,15
ORD002655,2024-08-09,CUST01001,Monitor,Displays,495.81,4,Poland,Unknown,0
ORD003039,2024-05-25,CUST01863,Laptop,Computers,1024.51,3,UK,Unknown,0
ORD002679,2024-06-28,CUST01017,Phone Stand,Accessories,61.73,3,Canada,Debit Card,0
ORD004553,2024-11-17,CUST01005,Keyboard,Peripherals,144.04,1,Canada,Unknown,0
ORD005228,2024-08-29,CUST01004,Mouse,Peripherals,9.2,1,France,Bank Transfer,5
ORD003833,2024-06-22,CUST01001,USB Hub,Peripherals,-20.93,2,Germany,Credit Card,15
ORD005024,2024-08-07,CUST01138,Phone Stand,Accessories,47.0,4,Netherlands,Unknown,0
ORD003455,2024-03-06,CUST01007,Phone Stand,Accessories,36.81,1,France,PayPal,5
ORD000179,2024-07-12,CUST01011,Monitor,Displays,527.68,3,USA,Unknown,15
ORD006591,2024-07-13,CUST01007,Phone Stand,Accessories,19.11,4,UK,Bank Transfer,0
ORD006771,2024-05-09,CUST01001,USB Hub,Peripherals,4.97,1,USA,Credit Card,10
ORD003363,2024-04-06,CUST01001,Monitor,Displays,476.11,1,UK,Debit Card,10
ORD001205,2024-09-10,CUST01001,Webcam,Video,30.66,3,UK,PayPal,0
ORD002203,2024-01-07,CUST01001,HDMI Cable,Cables,-30.64,4,Canada,Credit Card,10
ORD003438,2024-09-18,CUST01005,Webcam,Video,84.77,4,UK,Debit Card,0
ORD006513,2024-10-16,CUST01017,USB Hub,Peripherals,64.62,1,Netherlands,Bank Transfer,15
ORD006192,2024-05-26,CUST01011,USB Hub,Peripherals,50.94,4,UK,Bank Transfer,5
ORD007928,2024-08-01,CUST01288,USB Hub,Peripherals,-9.11,1,Germany,PayPal,0
ORD007974,2024-03-21,CUST01001,Webcam,Video,46.46,2,USA,Debit Card,10
ORD003642,2024-05-25,CUST01002,HDMI Cable,Cables,18.73,3,Poland,Unknown,15
ORD001771,2024-01-15,CUST01004,Keyboard,Peripherals,143.12,3,USA,Bank Transfer,0
ORD000830,2024-08-18,CUST01008,Laptop,Computers,1036.12,1,Poland,PayPal,0
ORD000942,2024-08-30,CUST01001,Webcam,Video,98.19,1,Poland,Debit Card,0
ORD005205,2024-05-23,CUST01001,Mouse,Peripherals,57.78,4,Poland,PayPal,0
ORD002487,2024-07-29,CUST01004,HDMI Cable,Cables,34.84,3,Germany,Bank Transfer,0
ORD000628,2024-03-29,CUST01001,Webcam,Video,85.57,4,Germany,Credit Card,0
ORD007506,2024-10-26,CUST01424,Monitor,Displays,458.82,1,UK,PayPal,15
ORD004731,2024-09-19,CUST01011,Keyboard,Peripherals,163.6,3,Poland,Debit Card,0
ORD000926,2024-04-09,CUST01002,Laptop,Computers,1086.39,1,USA,Unknown,0
ORD000296,2024-12-22,CUST01003,Laptop,Computers,1022.87,4,France,PayPal,15
ORD001053,2024-10-07,CUST01004,Webcam,Video,31.67,1,France,Bank Transfer,0
ORD002708,2024-12-21,CUST01002,Webcam,Video,97.95,2,UK,Debit Card,0
ORD003488,2024-11-19,CUST01009,Headphones,Audio,153.12,3,France,Unknown,5
ORD004378,2024-01-18,CUST01001,Headphones,Audio,137.87,3,USA,PayPal,0
ORD002886,2024-11-15,CUST01003,Mouse,Peripherals,68.78,4,Poland,PayPal,0
ORD002790,2024-03-10,CUST01001,Keyboard,Peripherals,85.53,3,Canada,Unknown,10
ORD000945,2024-06-01,CUST01003,Keyboard,Peripherals,79.9,1,Canada,Bank Transfer,0
ORD006384,2024-09-10,CUST01003,Phone Stand,Accessories,41.34,2,Netherlands,Unknown,15
ORD006658,2024-09-28,CUST01005,Phone Stand,Accessories,36.92,2,UK,Debit Card,0
ORD000013,2024-04-16,CUST01703,HDMI Cable,Cables,4.51,4,Germany,PayPal,0
ORD001118,2024-05-29,CUST01009,Webcam,Video,118.95,3,UK,PayPal,15
ORD005850,2024-08-02,CUST01003,Desk Lamp,Accessories,65.26,4,UK,Debit Card,15
ORD007845,2024-06-29,CUST01014,HDMI Cable,Cables,47.0,3,UK,PayPal,0
ORD003553,2024-01-21,CUST01368,Desk Lamp,Accessories,138.42,3,USA,Credit Card,0
ORD003143,2024-09-14,CUST01016,Phone Stand,Accessories,18.93,3,Netherlands,Bank Transfer,0
ORD004685,2024-06-09,CUST01001,Desk Lamp,Accessories,44.14,2,Germany,Unknown,0
ORD001320,2024-06-30,CUST01006,Desk Lamp,Accessories,76.53,1,France,Debit Card,0
ORD000780,2024-12-11,CUST01003,Webcam,Video,89.65,4,Germany,Bank Transfer,0
ORD007835,2024-10-26,CUST01003,Monitor,Displays,450.63,3,UK,PayPal,5
ORD007339,2024-09-14,CUST01001,Keyboard,Peripherals,134.81,2,Netherlands,PayPal,0
ORD003640,2024-12-30,CUST01001,Webcam,Video,78.51,3,USA,Credit Card,15
ORD003788,2024-02-07,CUST01008,Phone Stand,Accessories,50.12,1,Germany,Unknown,0
ORD000434,2024-05-15,CUST01153,USB Hub,Peripherals,26.87,1,USA,Debit Card,5
ORD000654,2024-03-27,CUST01003,USB Hub,Peripherals,99999.0,1,Poland,Debit Card,0
ORD002478,2024-11-11,CUST01088,USB Hub,Peripherals,28.85,4,France,Credit Card,0
ORD007943,2024-08-08,CUST01002,Monitor,Displays,438.5,4,UK,Debit Card,0
ORD004234,2024-06-14,CUST01002,HDMI Cable,Cables,33.03,2,Netherlands,Debit Card,10
ORD006969,2024-10-08,CUST01026,Monitor,Displays,499.63,3,Germany,Credit Card,10
ORD007814,2024-09-22,CUST01004,Mouse,Peripherals,9.66,2,Canada,Unknown,0
ORD003077,2024-05-28,CUST01001,Laptop,Computers,1012.29,2,Netherlands,Bank Transfer,10
ORD007816,2024-11-08,CUST01001,Desk Lamp,Accessories,89.0,2,Germany,Debit Card,0
ORD007608,2024-09-28,CUST01068,Laptop,Computers,1106.28,1,UK,Unknown,0
ORD002887,2024-07-15,CUST01001,Laptop,Computers,1088.3,1,Poland,Debit Card,0
ORD005786,2024-10-17,CUST01101,Keyboard,Peripherals,113.33,3,Netherlands,Unknown,5
ORD005853,2024-01-03,CUST01001,HDMI Cable,Cables,-22.54,1,UK,Credit Card,0
ORD002993,2024-04-01,CUST01002,Keyboard,Peripherals,84.21,3,UK,Bank Transfer,0
ORD004766,2024-10-29,CUST01001,Webcam,Video,39.22,3,Poland,Unknown,0
ORD007846,2024-06-02,CUST01001,Monitor,Displays,468.93,3,UK,PayPal,0
ORD007983,2024-04-10,CUST01002,USB Hub,Peripherals,72.06,1,Germany,Bank Transfer,0
ORD000571,2024-06-16,CUST01001,HDMI Cable,Cables,44.91,3,Germany,PayPal,0
ORD001449,2024-03-19,CUST01003,HDMI Cable,Cables,36.91,1,Canada,Debit Card,0
ORD004197,2024-08-01,CUST01008,Monitor,Displays,476.02,1,USA,Unknown,10
ORD004077,2024-02-17,CUST01085,Mouse,Peripherals,60.94,1,Poland,Unknown,10
ORD004307,2024-09-20,CUST01068,Headphones,Audio,178.6,2,UK,PayPal,10
ORD005012,2024-06-07,CUST01233,Mouse,Peripherals,47.61,1,USA,Unknown,0
ORD001746,2024-10-19,CUST01012,Laptop,Computers,1066.91,4,Poland,Bank Transfer,0
ORD002742,2024-09-03,CUST01004,Headphones,Audio,114.48,4,Poland,Credit Card,15
ORD001591,2024-03-11,CUST01004,Phone Stand,Accessories,59.93,3,Poland,Unknown,0
ORD003843,2024-08-11,CUST01003,Laptop,Computers,1090.17,1,Germany,Unknown,15
ORD000288,2024-03-19,CUST01012,Laptop,Computers,1048.22,4,Germany,Debit Card,0
ORD005038,2024-07-11,CUST01009,HDMI Cable,Cables,-33.34,3,USA,PayPal,0
ORD007086,2024-08-04,CUST01025,Phone Stand,Accessories,58.72,1,Netherlands,Bank Transfer,0
ORD003456,2024-09-14,CUST01061,USB Hub,Peripherals,8.26,4,Canada,Unknown,0
ORD004982,2024-07-28,CUST01001,Desk Lamp,Accessories,99999.0,1,Poland,Credit Card,0
ORD007851,2024-01-21,CUST01001,Desk Lamp,Accessories,65.33,2,UK,Debit Card,5
ORD005924,2024-12-26,CUST01001,Phone Stand,Accessories,-8.04,3,USA,PayPal,0
ORD007968,2024-10-03,CUST01001,Desk Lamp,Accessories,104.93,1,UK,Debit Card,15
ORD002828,2024-01-17,CUST01004,Monitor,Displays,535.1,1,UK,Bank Transfer,0
ORD001685,2024-05-14,CUST01357,USB Hub,Peripherals,47.5,3,Canada,PayPal,15
ORD005236,2024-07-31,CUST01001,Phone Stand,Accessories,-15.22,1,Canada,Unknown,0
ORD001339,2024-12-26,CUST01003,Mouse,Peripherals,52.12,2,France,Credit Card,15
ORD004344,2024-12-15,CUST01498,Phone Stand,Accessories,65.01,4,USA,Credit Card,15
ORD002743,2024-04-04,CUST01002,Mouse,Peripherals,38.96,4,France,Unknown,10
ORD007844,2024-04-17,CUST01001,Headphones,Audio,171.62,4,France,Unknown,5
ORD006585,2024-09-30,CUST01011,USB Hub,Peripherals,34.95,2,Canada,Bank Transfer,0
ORD003892,2024-05-18,CUST01001,Mouse,Peripherals,87.56,1,Netherlands,Bank Transfer,10
ORD004491,2024-08-06,CUST01001,Monitor,Displays,491.17,1,USA,Credit Card,0
ORD002903,2024-09-23,CUST01002,Webcam,Video,71.02,3,Netherlands,Credit Card,15
ORD002259,2024-03-27,CUST01009,Monitor,Displays,458.47,4,Canada,PayPal,0
ORD004820,2024-07-02,CUST01001,Webcam,Video,107.93,1,Canada,Unknown,0
ORD006121,2024-05-17,CUST01002,Desk Lamp,Accessories,139.39,3,USA,Unknown,0
ORD003979,2024-05-03,CUST01004,Phone Stand,Accessories,30.24,1,Germany,Debit Card,0
ORD006610,2024-09-21,CUST01660,Mouse,Peripherals,54.31,2,France,Debit Card,0
ORD003239,2024-11-13,CUST01001,Phone Stand,Accessories,-8.67,1,France,Debit Card,15
ORD004424,2024-12-02,CUST01019,Keyboard,Peripherals,158.55,1,Germany,Credit Card,0
ORD001565,2024-03-20,CUST01002,Mouse,Peripherals,31.17,3,Netherlands,Credit Card,0
ORD006130,2024-10-19,CUST01224,Phone Stand,Accessories,67.41,2,Canada,Credit Card,0
ORD004670,2024-08-18,CUST01007,Webcam,Video,48.82,3,Germany,PayPal,0
ORD006808,2024-12-06,CUST01004,Desk Lamp,Accessories,99.14,4,Netherlands,Credit Card,0
ORD002186,2024-06-12,CUST01001,USB Hub,Peripherals,-20.29,1,Poland,Debit Card,5
ORD007550,2024-10-22,CUST01009,Keyboard,Peripherals,74.03,3,Poland,PayPal,0
ORD001232,2024-10-10,CUST01008,Monitor,Displays,525.96,2,Germany,Credit Card,0
ORD005058,2024-05-02,CUST01007,HDMI Cable,Cables,64.39,4,Canada,Unknown,0
ORD001259,2024-08-07,CUST01003,Keyboard,Peripherals,118.86,4,Poland,Credit Card,0
ORD001952,2024-05-29,CUST01005,Mouse,Peripherals,61.65,2,Germany,Credit Card,0
ORD007457,2024-11-01,CUST01004,Phone Stand,Accessories,41.02,4,France,Bank Transfer,10
ORD000114,2024-02-10,CUST01016,Phone Stand,Accessories,11.89,4,Canada,Unknown,5
ORD006812,2024-07-08,CUST01002,Headphones,Audio,118.03,2,Poland,Bank Transfer,0
ORD002510,2024-09-20,CUST01011,Headphones,Audio,131.59,2,Netherlands,Credit Card,10
ORD005881,2024-09-19,CUST01132,Desk Lamp,Accessories,93.98,3,Canada,Bank Transfer,0
ORD007415,2024-06-20,CUST01002,Desk Lamp,Accessories,50.83,4,France,Credit Card,0
ORD006480,2024-09-17,CUST01002,Keyboard,Peripherals,89.65,2,UK,Bank Transfer,10
ORD002549,2024-01-29,CUST01008,Mouse,Peripherals,58.74,4,Germany,Bank Transfer,0
ORD003425,2024-09-15,CUST01001,USB Hub,Peripherals,-0.68,4,Canada,Debit Card,0
ORD000508,2024-10-22,CUST01001,USB Hub,Peripherals,-10.15,3,Canada,Unknown,0
ORD004398,2024-02-22,CUST01036,Phone Stand,Accessories,18.86,4,Netherlands,Credit Card,10
ORD004106,2024-05-04,CUST01004,USB Hub,Peripherals,50.16,2,France,Credit Card,10
ORD003541,2024-10-20,CUST01017,Laptop,Computers,1045.91,3,Germany,Debit Card,0
ORD003263,2024-09-21,CUST01001,HDMI Cable,Cables,-31.18,4,UK,Credit Card,0
ORD003505,2024-11-07,CUST01007,Laptop,Computers,1041.65,3,France,Bank Transfer,10
ORD004695,2024-05-31,CUST01009,USB Hub,Peripherals,5.43,2,France,Bank Transfer,0
ORD004267,2024-05-26,CUST01046,Monitor,Displays,458.41,2,France,PayPal,0
ORD002851,2024-11-12,CUST01001,USB Hub,Peripherals,-100.0,2,Canada,Bank Transfer,0
ORD004702,2024-06-16,CUST01001,Phone Stand,Accessories,12.65,4,Germany,Unknown,10
ORD006451,2024-04-06,CUST01002,USB Hub,Peripherals,-21.98,1,Germany,Credit Card,0
ORD007547,2024-03-09,CUST01097,HDMI Cable,Cables,-0.74,4,Germany,Credit Card,15
ORD000351,2024-05-21,CUST01001,HDMI Cable,Cables,40.67,1,France,Unknown,0
ORD004757,2024-11-08,CUST01005,Desk Lamp,Accessories,102.24,2,UK,PayPal,5
ORD002907,2024-09-27,CUST01001,Headphones,Audio,133.84,2,USA,PayPal,0
ORD004792,2024-01-26,CUST01037,Phone Stand,Accessories,-11.95,1,Poland,Debit Card,0
ORD004501,2024-03-04,CUST01003,Webcam,Video,-100.0,1,USA,Unknown,0
ORD002506,2024-12-04,CUST01001,Keyboard,Peripherals,141.37,3,UK,Bank Transfer,0
ORD002621,2024-08-18,CUST01024,Phone Stand,Accessories,14.78,1,UK,Credit Card,5
ORD004351,2024-01-22,CUST01005,Desk Lamp,Accessories,78.6,4,Poland,PayPal,0
ORD001115,2024-08-27,CUST01005,Webcam,Video,44.94,4,Canada,Unknown,0
ORD002847,2024-03-21,CUST01006,USB Hub,Peripherals,44.32,1,Canada,PayPal,0
ORD005672,2024-06-29,CUST01003,Laptop,Computers,1033.16,1,France,Unknown,0
ORD000299,2024-10-17,CUST01003,Phone Stand,Accessories,-8.85,3,France,Bank Transfer,0
ORD001676,2024-11-10,CUST01005,USB Hub,Peripherals,38.72,1,USA,Debit Card,0
ORD006370,2024-11-20,CUST01107,Laptop,Computers,1076.2,4,Poland,Debit Card,15
ORD007599,2024-05-02,CUST01001,Webcam,Video,50.26,3,UK,Bank Transfer,10
ORD004349,2024-07-27,CUST01136,Desk Lamp,Accessories,88.03,4,Canada,Credit Card,5
ORD006120,2024-04-13,CUST01010,Phone Stand,Accessories,-1.26,1,UK,Debit Card,0
ORD006549,2024-10-02,CUST01002,Laptop,Computers,1019.04,1,Poland,Bank Transfer,10
ORD007158,2024-06-16,CUST01010,USB Hub,Peripherals,14.46,1,Netherlands,Debit Card,0
ORD004804,2024-07-05,CUST01012,Mouse,Peripherals,97.05,2,Poland,Bank Transfer,5
ORD000230,2024-03-05,CUST01002,USB Hub,Peripherals,-25.46,2,France,PayPal,10
ORD000077,2024-09-23,CUST01001,Headphones,Audio,165.66,4,France,Credit Card,5
ORD003734,2024-01-21,CUST01021,Webcam,Video,52.7,1,UK,Unknown,10
ORD005575,2024-06-16,CUST01001,USB Hub,Peripherals,37.04,3,USA,Credit Card,0
ORD007810,2024-07-25,CUST01030,Headphones,Audio,114.38,3,Poland,Debit Card,0
ORD005169,2024-07-15,CUST01012,Desk Lamp,Accessories,53.64,1,Netherlands,Unknown,5
ORD002104,2024-11-22,CUST01001,Monitor,Displays,506.0,2,Canada,PayPal,15
ORD006313,2024-07-18,CUST01015,Laptop,Computers,1071.37,2,Netherlands,PayPal,0
ORD005698,2024-02-07,CUST01002,Headphones,Audio,142.21,1,Netherlands,Debit Card,15
ORD005023,2024-07-25,CUST01003,USB Hub,Peripherals,-24.07,1,France,PayPal,0
ORD003950,2024-01-15,CUST01004,USB Hub,Peripherals,32.05,2,Poland,PayPal,0
ORD005565,2024-08-24,CUST01002,USB Hub,Peripherals,30.05,3,Germany,Debit Card,0
ORD005367,2024-07-29,CUST01699,Keyboard,Peripherals,86.86,4,Germany,Debit Card,0
ORD001615,2024-03-04,CUST01003,USB Hub,Peripherals,25.43,1,France,Unknown,0
ORD000608,2024-04-11,CUST01003,USB Hub,Peripherals,26.59,3,UK,Unknown,0
ORD006208,2024-05-13,CUST01006,Phone Stand,Accessories,47.27,1,Poland,Debit Card,15
ORD004743,2024-09-03,CUST01001,USB Hub,Peripherals,43.52,2,Canada,Debit Card,0
ORD001094,2024-12-04,CUST01001,HDMI Cable,Cables,25.8,1,Poland,Credit Card,0
ORD003160,2024-05-29,CUST01003,Headphones,Audio,113.06,1,Canada,PayPal,0
ORD002623,2024-01-02,CUST01026,Monitor,Displays,486.87,3,Germany,Bank Transfer,0
ORD006501,2024-01-20,CUST01002,USB Hub,Peripherals,21.3,4,USA,Debit Card,5
ORD007876,2024-10-27,CUST01134,Mouse,Peripherals,100.18,3,USA,Unknown,0
ORD007614,2024-09-09,CUST01001,Phone Stand,Accessories,34.11,3,Netherlands,PayPal,15
ORD000204,2024-03-22,CUST01001,Laptop,Computers,1082.81,2,Netherlands,Debit Card,0
ORD002388,2024-01-10,CUST01002,Keyboard,Peripherals,152.16,1,USA,Bank Transfer,0
ORD007064,2024-01-28,CUST01003,Keyboard,Peripherals,136.99,1,Canada,Unknown,0
ORD004624,2024-11-10,CUST01008,Headphones,Audio,132.38,2,Netherlands,PayPal,0
ORD000838,2024-12-29,CUST01001,Headphones,Audio,99.86,4,USA,Credit Card,0
ORD002935,2024-10-04,CUST01004,Laptop,Computers,1014.72,2,Netherlands,Bank Transfer,5
ORD004830,2024-04-10,CUST01001,Monitor,Displays,467.62,3,Germany,Unknown,0
ORD007954,2024-06-19,CUST01013,Mouse,Peripherals,0.0,2,USA,PayPal,0
ORD001231,2024-11-13,CUST01001,USB Hub,Peripherals,0.52,1,Poland,Bank Transfer,5
ORD006096,2024-03-06,CUST01027,Desk Lamp,Accessories,119.37,1,USA,Unknown,5
ORD001610,2024-09-23,CUST01002,USB Hub,Peripherals,24.59,1,Canada,Credit Card,5
ORD007504,2024-02-11,CUST01004,Laptop,Computers,1063.95,1,Poland,PayPal,10
ORD004511,2024-11-10,CUST01037,Desk Lamp,Accessories,140.12,3,USA,Unknown,0
ORD005049,2024-07-22,CUST01005,Desk Lamp,Accessories,135.79,3,USA,PayPal,0
ORD005278,2024-01-19,CUST01001,Monitor,Displays,521.05,2,Netherlands,Unknown,5
ORD004300,2024-10-12,CUST01009,Keyboard,Peripherals,104.17,1,Canada,Bank Transfer,15
ORD002733,2024-03-12,CUST01001,HDMI Cable,Cables,45.5,4,Netherlands,Unknown,0
ORD007015,2024-08-08,CUST01001,Keyboard,Peripherals,95.86,1,UK,Debit Card,0
ORD003334,2024-02-27,CUST01003,Phone Stand,Accessories,4.02,4,UK,Debit Card,15
ORD006166,2024-07-11,CUST01036,Webcam,Video,58.64,4,UK,PayPal,5
ORD005326,2024-12-10,CUST01001,USB Hub,Peripherals,14.16,3,Canada,Unknown,0
ORD007215,2024-11-22,CUST01036,HDMI Cable,Cables,-25.09,3,France,Unknown,0
ORD003754,2024-04-15,CUST01018,Headphones,Audio,95.87,1,Netherlands,Debit Card,0
ORD006125,2024-01-07,CUST01041,USB Hub,Peripherals,49.25,2,UK,Credit Card,15
ORD006225,2024-05-18,CUST01006,Desk Lamp,Accessories,135.11,4,Netherlands,Unknown,0
ORD004576,2024-12-18,CUST01001,Monitor,Displays,512.96,4,USA,Unknown,0
ORD004763,2024-03-26,CUST01055,Laptop,Computers,1073.88,4,France,PayPal,10
ORD000658,2024-02-28,CUST01010,HDMI Cable,Cables,-28.53,2,Canada,Unknown,0
ORD000791,2024-09-15,CUST01001,Webcam,Video,104.73,4,Canada,Unknown,10
ORD007364,2024-08-08,CUST01001,Phone Stand,Accessories,-9.52,3,Germany,PayPal,0
ORD007898,2024-10-17,CUST01001,Monitor,Displays,461.54,4,Poland,Credit Card,15
ORD007387,2024-02-29,CUST01001,HDMI Cable,Cables,49.91,2,Poland,Unknown,0
ORD002562,2024-11-26,CUST01002,USB Hub,Peripherals,62.62,2,USA,Unknown,0
ORD003990,2024-02-28,CUST01001,HDMI Cable,Cables,-11.47,4,France,Credit Card,0
ORD001360,2024-03-27,CUST01001,Webcam,Video,99.68,3,Canada,Unknown,0
ORD005894,2024-05-17,CUST01544,Headphones,Audio,82.12,2,UK,PayPal,0
ORD002348,2024-01-25,CUST01009,USB Hub,Peripherals,9.19,4,Netherlands,Bank Transfer,0
ORD005447,2024-05-13,CUST01001,Mouse,Peripherals,38.25,1,Netherlands,Bank Transfer,10
ORD006551,2024-03-28,CUST01002,Laptop,Computers,1045.59,2,France,Credit Card,0
ORD002782,2024-12-24,CUST01001,Desk Lamp,Accessories,64.56,1,Poland,Credit Card,0
ORD006157,2024-05-28,CUST01003,HDMI Cable,Cables,12.6,1,USA,Credit Card,15
ORD005897,2024-06-12,CUST01052,Phone Stand,Accessories,-2.02,4,Netherlands,Credit Card,5
ORD006447,2024-08-12,CUST01323,Desk Lamp,Accessories,75.79,4,Germany,Unknown,5
ORD007013,2024-12-16,CUST01012,Headphones,Audio,161.97,2,Poland,Unknown,5
ORD003520,2024-06-09,CUST01102,Desk Lamp,Accessories,82.89,3,Canada,Credit Card,5
ORD000616,2024-05-14,CUST01001,Keyboard,Peripherals,88.16,4,Germany,Credit Card,0
ORD002576,2024-08-16,CUST01004,Webcam,Video,95.7,2,France,Credit Card,10
ORD006138,2024-06-26,CUST01017,Headphones,Audio,104.38,2,USA,PayPal,0
ORD002315,2024-10-27,CUST01001,HDMI Cable,Cables,22.15,3,Germany,PayPal,0
ORD001706,2024-12-29,CUST01032,Mouse,Peripherals,54.25,2,Poland,Unknown,10
ORD005693,2024-07-25,CUST01001,Headphones,Audio,142.28,2,UK,Credit Card,0
ORD006852,2024-11-27,CUST01003,Phone Stand,Accessories,57.4,1,Germany,PayPal,5
ORD001781,2024-02-24,CUST01002,Laptop,Computers,1042.39,3,Germany,Bank Transfer,0
ORD005737,2024-09-03,CUST01006,Headphones,Audio,138.24,1,France,Credit Card,0
ORD000804,2024-12-02,CUST01001,Desk Lamp,Accessories,104.3,3,France,Credit Card,0
ORD000858,2024-03-07,CUST01001,USB Hub,Peripherals,56.53,4,USA,Bank Transfer,0
ORD004589,2024-05-27,CUST01055,Desk Lamp,Accessories,65.13,4,USA,Bank Transfer,10
ORD004693,2024-08-30,CUST01003,USB Hub,Peripherals,18.2,1,Germany,Bank Transfer,0
ORD000991,2024-03-08,CUST01005,Headphones,Audio,143.12,1,UK,Bank Transfer,5
ORD005399,2024-04-27,CUST01002,Phone Stand,Accessories,-15.06,1,Netherlands,Credit Card,5
ORD004240,2024-12-19,CUST01036,Phone Stand,Accessories,21.91,2,Poland,PayPal,0
ORD005715,2024-02-17,CUST01007,Webcam,Video,43.97,4,France,Bank Transfer,10
ORD005675,2024-02-22,CUST01001,HDMI Cable,Cables,-21.93,4,Netherlands,Credit Card,10
ORD000220,2024-08-18,CUST01003,Keyboard,Peripherals,74.13,4,France,PayPal,15
ORD003290,2024-10-20,CUST01002,USB Hub,Peripherals,52.35,2,USA,Credit Card,0
ORD001289,2024-08-20,CUST01032,Monitor,Displays,487.2,2,Poland,Unknown,0
ORD000583,2024-03-07,CUST01009,Headphones,Audio,157.71,4,Canada,PayPal,0
ORD002619,2024-06-29,CUST01001,Desk Lamp,Accessories,117.12,4,USA,Debit Card,5
ORD000044,2024-11-22,CUST01001,Webcam,Video,123.37,4,Poland,Unknown,10
ORD001235,2024-10-04,CUST01001,Mouse,Peripherals,75.81,1,France,Bank Transfer,15
ORD005661,2024-11-06,CUST01002,USB Hub,Peripherals,-1.01,1,Netherlands,PayPal,10
ORD003707,2024-05-04,CUST01053,Phone Stand,Accessories,-7.35,3,UK,Unknown,0
ORD003661,2024-03-27,CUST01001,Webcam,Video,31.78,2,France,Bank Transfer,0
ORD007757,2024-04-13,CUST01001,Phone Stand,Accessories,10.74,1,Canada,Bank Transfer,10
ORD001893,2024-10-04,CUST01017,Phone Stand,Accessories,43.19,4,Poland,Debit Card,0
ORD007581,2024-03-11,CUST01002,Laptop,Computers,1106.41,4,USA,Debit Card,15
ORD007026,2024-11-01,CUST01001,Phone Stand,Accessories,30.64,1,Poland,Debit Card,0
ORD006690,2024-04-17,CUST01021,Mouse,Peripherals,27.56,3,USA,Debit Card,15
ORD006635,2024-04-07,CUST01004,Keyboard,Peripherals,126.68,3,USA,Unknown,15
ORD001072,2024-02-02,CUST01003,Phone Stand,Accessories,49.58,1,France,Debit Card,0
ORD000719,2024-03-14,CUST01007,Headphones,Audio,91.65,2,UK,Bank Transfer,5
ORD002365,2024-09-02,CUST01001,Mouse,Peripherals,78.54,3,Poland,Debit Card,0
ORD001506,2024-01-03,CUST01001,Webcam,Video,81.71,1,Canada,Credit Card,0
ORD000671,2024-10-25,CUST01012,Desk Lamp,Accessories,60.1,2,Canada,Debit Card,0
ORD004727,2024-07-06,CUST01002,HDMI Cable,Cables,64.77,3,France,Bank Transfer,0
ORD002953,2024-05-02,CUST01001,Headphones,Audio,97.07,4,France,Debit Card,0
ORD006875,2024-12-10,CUST01001,Keyboard,Peripherals,76.44,3,UK,Credit Card,0
ORD006420,2024-08-03,CUST01001,HDMI Cable,Cables,52.44,2,Poland,Bank Transfer,5
ORD004665,2024-05-28,CUST01001,USB Hub,Peripherals,-26.96,3,Germany,PayPal,0
ORD000898,2024-05-04,CUST01001,Keyboard,Peripherals,131.22,4,France,Credit Card,0
ORD006460,2024-10-06,CUST01162,HDMI Cable,Cables,-1.51,1,Canada,Debit Card,0
ORD002667,2024-05-14,CUST01004,Desk Lamp,Accessories,137.24,3,USA,Unknown,10
ORD002891,2024-02-16,CUST01007,HDMI Cable,Cables,28.43,3,Poland,Bank Transfer,5
ORD003687,2024-12-16,CUST01001,Webcam,Video,86.47,4,France,PayPal,15
ORD001531,2024-09-15,CUST01001,Keyboard,Peripherals,123.53,4,UK,Credit Card,0
ORD003465,2024-11-01,CUST01002,Laptop,Computers,1068.26,4,USA,Credit Card,5
ORD006713,2024-10-29,CUST01004,Headphones,Audio,107.56,4,France,Credit Card,0
ORD004621,2024-02-13,CUST01002,Mouse,Peripherals,31.12,4,UK,Debit Card,0
ORD006407,2024-05-20,CUST01005,HDMI Cable,Cables,-1.17,1,Canada,Unknown,15
ORD003845,2024-08-29,CUST01001,Monitor,Displays,524.77,1,Germany,Bank Transfer,0
ORD004641,2024-01-20,CUST01001,HDMI Cable,Cables,23.26,4,USA,Bank Transfer,0
ORD003786,2024-08-28,CUST01003,Headphones,Audio,153.82,3,UK,Unknown,15
ORD007541,2024-12-11,CUST01040,Laptop,Computers,1025.27,1,France,Debit Card,10
ORD006124,2024-01-29,CUST01001,Laptop,Computers,1027.76,1,USA,Bank Transfer,10
ORD001875,2024-02-28,CUST01002,USB Hub,Peripherals,54.97,2,Netherlands,Debit Card,0
ORD002371,2024-10-27,CUST01001,Desk Lamp,Accessories,71.05,3,Netherlands,Bank Transfer,0
ORD001770,2024-11-02,CUST01002,Desk Lamp,Accessories,58.54,4,France,Unknown,0
ORD005839,2024-04-26,CUST01068,Phone Stand,Accessories,-20.98,1,Canada,Bank Transfer,5
ORD006376,2024-08-17,CUST01035,USB Hub,Peripherals,-18.18,3,UK,Credit Card,10
ORD001984,2024-02-19,CUST01899,Webcam,Video,103.07,3,Canada,Debit Card,5
ORD000532,2024-08-09,CUST01011,HDMI Cable,Cables,47.93,1,Germany,Credit Card,0
ORD005757,2024-04-02,CUST01001,USB Hub,Peripherals,52.64,3,Canada,Bank Transfer,0
ORD006058,2024-05-01,CUST01007,Keyboard,Peripherals,114.42,1,USA,Credit Card,5
ORD004049,2024-11-20,CUST01003,HDMI Cable,Cables,14.67,2,Netherlands,Debit Card,0
ORD002882,2024-09-10,CUST01001,Headphones,Audio,105.34,4,Germany,PayPal,5
ORD000082,2024-09-17,CUST01003,Keyboard,Peripherals,74.02,1,UK,Debit Card,15
ORD007067,2024-07-28,CUST01011,Phone Stand,Accessories,33.36,4,Poland,Bank Transfer,0
ORD006532,2024-10-20,CUST01002,Phone Stand,Accessories,50.11,1,France,Credit Card,0
ORD003291,2024-06-07,CUST01022,Mouse,Peripherals,74.63,1,Netherlands,PayPal,15
ORD002164,2024-11-08,CUST01004,Webcam,Video,40.06,1,Poland,Bank Transfer,10
ORD000732,2024-04-20,CUST01001,Desk Lamp,Accessories,73.21,2,USA,Debit Card,0
ORD002340,2024-01-04,CUST01001,HDMI Cable,Cables,5.36,1,France,Unknown,10
ORD005841,2024-02-29,CUST01851,USB Hub,Peripherals,-11.9,4,UK,Unknown,10
ORD002233,2024-07-31,CUST01001,Laptop,Computers,1081.2,2,Netherlands,PayPal,5
ORD006385,2024-12-27,CUST01001,Desk Lamp,Accessories,110.82,2,Poland,Bank Transfer,10
ORD003657,2024-11-02,CUST01001,Desk Lamp,Accessories,124.86,4,Poland,Debit Card,5
ORD007562,2024-07-16,CUST01089,HDMI Cable,Cables,4.25,4,USA,Bank Transfer,0
ORD005087,2024-11-04,CUST01010,USB Hub,Peripherals,37.75,4,Netherlands,Debit Card,0
ORD004873,2024-10-19,CUST01002,Headphones,Audio,89.95,1,Canada,Debit Card,15
ORD004196,2024-06-23,CUST01006,Webcam,Video,24.1,4,Netherlands,PayPal,0
ORD004440,2024-09-23,CUST01001,Laptop,Computers,1030.51,2,Germany,Unknown,10
ORD006514,2024-03-09,CUST01004,USB Hub,Peripherals,60.45,2,Germany,Debit Card,5
ORD002706,2024-04-19,CUST01004,Phone Stand,Accessories,40.25,4,Netherlands,Unknown,0
ORD001256,2024-01-27,CUST01006,Desk Lamp,Accessories,63.4,2,Germany,Credit Card,15
ORD002105,2024-08-26,CUST01005,HDMI Cable,Cables,-9.39,4,UK,Credit Card,10
ORD005172,2024-10-29,CUST01037,Phone Stand,Accessories,-6.3,4,Poland,Bank Transfer,0
ORD004425,2024-01-27,CUST01014,Mouse,Peripherals,71.63,4,Netherlands,Unknown,15
ORD004421,2024-09-04,CUST01001,Phone Stand,Accessories,39.56,3,Canada,Credit Card,0
ORD000899,2024-04-04,CUST01004,Phone Stand,Accessories,72.55,4,Germany,PayPal,15
ORD000429,2024-09-14,CUST01002,Desk Lamp,Accessories,99999.0,3,UK,PayPal,5
ORD005557,2024-09-11,CUST01001,Desk Lamp,Accessories,49.15,3,Canada,Unknown,0
ORD005077,2024-10-07,CUST01377,Mouse,Peripherals,86.32,4,Canada,Debit Card,10
ORD006780,2024-07-19,CUST01008,Webcam,Video,115.09,4,Canada,PayPal,15
ORD007264,2024-01-09,CUST01005,Keyboard,Peripherals,97.87,2,France,Credit Card,0
ORD001223,2024-03-18,CUST01001,Phone Stand,Accessories,27.8,1,Poland,Bank Transfer,15
ORD003298,2024-01-26,CUST01127,Keyboard,Peripherals,99.38,4,Germany,Unknown,0
ORD007439,2024-08-25,CUST01001,HDMI Cable,Cables,-22.36,2,Canada,Debit Card,5
ORD006680,2024-01-27,CUST01007,USB Hub,Peripherals,43.7,4,Germany,PayPal,5
ORD005165,2024-06-11,CUST01007,Mouse,Peripherals,34.1,2,UK,Debit Card,0
ORD003299,2024-05-14,CUST01003,Laptop,Computers,1092.04,4,Canada,Unknown,0
ORD006063,2024-03-02,CUST01001,Keyboard,Peripherals,99.44,4,Germany,Unknown,15
ORD007168,2024-10-08,CUST01005,Laptop,Computers,1051.54,3,UK,Unknown,0
ORD003165,2024-01-26,CUST01002,USB Hub,Peripherals,43.96,2,UK,Unknown,0
ORD004122,2024-03-20,CUST01014,Monitor,Displays,512.37,4,Netherlands,Unknown,0
ORD007466,2024-06-30,CUST01001,Desk Lamp,Accessories,137.12,4,USA,Unknown,5
ORD001097,2024-05-24,CUST01006,Mouse,Peripherals,50.94,2,Canada,Unknown,0
ORD002716,2024-04-20,CUST01249,Keyboard,Peripherals,125.36,2,UK,Credit Card,0
ORD002073,2024-06-18,CUST01006,USB Hub,Peripherals,10.2,1,Canada,Unknown,15
ORD007249,2024-09-19,CUST01001,Keyboard,Peripherals,82.41,4,Poland,PayPal,5
ORD005258,2024-06-20,CUST01001,Desk Lamp,Accessories,81.28,1,France,PayPal,0
ORD005197,2024-10-19,CUST01001,Monitor,Displays,478.5,2,Germany,PayPal,0
ORD006309,2024-08-24,CUST01001,Mouse,Peripherals,63.36,4,UK,Credit Card,0
ORD002589,2024-04-13,CUST01013,Webcam,Video,65.85,4,USA,PayPal,0
ORD001789,2024-01-27,CUST01001,Monitor,Displays,512.34,2,UK,Credit Card,0
ORD005824,2024-06-06,CUST01091,Phone Stand,Accessories,19.7,3,Canada,Unknown,0
ORD006093,2024-04-26,CUST01001,HDMI Cable,Cables,48.52,3,France,Bank Transfer,0
ORD000529,2024-06-13,CUST01005,Monitor,Displays,474.38,2,Netherlands,Debit Card,15
ORD004095,2024-04-18,CUST01596,Desk Lamp,Accessories,104.83,1,France,Unknown,5
ORD000193,2024-02-28,CUST01001,Phone Stand,Accessories,37.35,3,Germany,Bank Transfer,15
ORD003593,2024-03-08,CUST01001,USB Hub,Peripherals,-17.26,3,Germany,PayPal,10
ORD001127,2024-11-06,CUST01077,Headphones,Audio,124.34,4,UK,Debit Card,0
ORD005152,2024-01-15,CUST01001,Phone Stand,Accessories,49.7,3,Canada,Debit Card,0
ORD006069,2024-07-20,CUST01751,Webcam,Video,33.47,3,UK,Unknown,0
ORD003686,2024-01-11,CUST01008,HDMI Cable,Cables,-13.08,2,Netherlands,PayPal,5
ORD000305,2024-11-01,CUST01005,Monitor,Displays,450.94,4,Poland,Debit Card,5
ORD003575,2024-05-28,CUST01047,Webcam,Video,52.27,4,UK,Unknown,0
ORD001293,2024-01-19,CUST01001,Desk Lamp,Accessories,83.89,4,USA,Credit Card,0
ORD000071,2024-11-11,CUST01001,Phone Stand,Accessories,22.43,2,Canada,PayPal,10
ORD006720,2024-10-21,CUST01099,Phone Stand,Accessories,42.59,3,UK,Bank Transfer,0
ORD007754,2024-09-17,CUST01015,Mouse,Peripherals,92.65,2,France,PayPal,0
ORD002688,2024-04-23,CUST01003,Keyboard,Peripherals,86.66,4,Canada,Unknown,0
ORD004329,2024-05-19,CUST01002,Phone Stand,Accessories,-0.8,1,Poland,PayPal,0
ORD005603,2024-10-26,CUST01010,HDMI Cable,Cables,22.0,2,UK,Debit Card,0
ORD000832,2024-08-30,CUST01003,Phone Stand,Accessories,3.73,2,Netherlands,Credit Card,10
ORD004546,2024-07-25,CUST01003,HDMI Cable,Cables,61.35,2,Poland,Bank Transfer,0
ORD001457,2024-12-22,CUST01001,Keyboard,Peripherals,123.5,2,France,Debit Card,0
ORD006083,2024-05-03,CUST01001,HDMI Cable,Cables,-9.55,1,USA,Debit Card,0
ORD004914,2024-11-17,CUST01007,Headphones,Audio,175.66,4,Poland,Unknown,10
ORD000239,2024-12-17,CUST01002,HDMI Cable,Cables,-16.34,4,Poland,PayPal,0
ORD000093,2024-04-24,CUST01004,USB Hub,Peripherals,-4.35,1,Germany,Bank Transfer,0
ORD002978,2024-07-03,CUST01036,Headphones,Audio,107.9,4,USA,Unknown,0
ORD007878,2024-05-23,CUST01029,Laptop,Computers,1091.76,3,UK,PayPal,15
ORD003249,2024-05-23,CUST01001,Webcam,Video,83.26,4,USA,PayPal,0
ORD005520,2024-04-16,CUST01001,HDMI Cable,Cables,-29.6,3,France,Credit Card,10
ORD003946,2024-11-12,CUST01002,HDMI Cable,Cables,9.63,1,France,Bank Transfer,0
ORD004429,2024-12-28,CUST01003,Headphones,Audio,96.64,4,Poland,Debit Card,0
ORD006154,2024-05-15,CUST01004,Webcam,Video,119.93,4,Canada,Debit Card,0
ORD004238,2024-02-13,CUST01001,Webcam,Video,52.68,4,USA,Unknown,0
ORD007848,2024-03-25,CUST01007,Keyboard,Peripherals,116.73,4,Germany,Debit Card,5
ORD001002,2024-12-26,CUST01006,Laptop,Computers,1015.91,2,France,Unknown,10
ORD004443,2024-10-30,CUST01003,Monitor,Displays,473.25,1,Netherlands,PayPal,0
ORD007685,2024-12-07,CUST01001,Mouse,Peripherals,40.03,4,UK,Debit Card,10
ORD002378,2024-08-07,CUST01006,Keyboard,Peripherals,120.46,3,UK,PayPal,0
ORD004598,2024-03-07,CUST01001,Desk Lamp,Accessories,133.63,2,France,PayPal,0
ORD003609,2024-10-17,CUST01001,Monitor,Displays,484.27,3,France,PayPal,15
ORD007493,2024-02-15,CUST01004,Keyboard,Peripherals,78.93,2,France,PayPal,10
ORD003306,2024-08-29,CUST01004,Keyboard,Peripherals,171.74,2,France,Unknown,0
ORD001533,2024-07-26,CUST01020,Laptop,Computers,1108.76,3,Canada,PayPal,0
ORD002411,2024-02-28,CUST01002,Phone Stand,Accessories,23.31,1,Germany,Bank Transfer,0
ORD004878,2024-09-06,CUST01238,Headphones,Audio,131.22,3,Canada,Debit Card,10
ORD000412,2024-10-15,CUST01002,Desk Lamp,Accessories,69.22,1,Poland,Bank Transfer,0
ORD003616,2024-04-06,CUST01003,Phone Stand,Accessories,-1.62,3,UK,Unknown,15
ORD007692,2024-10-01,CUST01002,Phone Stand,Accessories,21.53,4,Canada,Credit Card,15
ORD005098,2024-02-06,CUST01002,Phone Stand,Accessories,31.71,4,France,Unknown,0
ORD002806,2024-10-08,CUST01015,Laptop,Computers,1096.69,1,Canada,Debit Card,5
ORD007826,2024-06-15,CUST01002,Laptop,Computers,1078.48,2,USA,Unknown,0
ORD005908,2024-08-31,CUST01003,Mouse,Peripherals,63.02,1,Netherlands,Credit Card,0
ORD003083,2024-05-25,CUST01014,USB Hub,Peripherals,3.06,1,USA,Credit Card,0
ORD004609,2024-04-20,CUST01054,Mouse,Peripherals,39.02,4,USA,Credit Card,10
ORD001737,2024-01-08,CUST01001,Monitor,Displays,529.43,4,USA,Debit Card,5
ORD005295,2024-06-06,CUST01002,Monitor,Displays,495.05,2,France,Bank Transfer,10
ORD005045,2024-06-08,CUST01042,Keyboard,Peripherals,78.06,1,Canada,PayPal,15
ORD007320,2024-07-28,CUST01003,Desk Lamp,Accessories,138.65,1,Canada,PayPal,0
ORD006352,2024-06-18,CUST01008,USB Hub,Peripherals,25.54,4,Poland,Bank Transfer,0
ORD006119,2024-02-25,CUST01004,Webcam,Video,80.22,3,Canada,Debit Card,5
ORD003423,2024-10-03,CUST01002,Desk Lamp,Accessories,137.11,2,Poland,Bank Transfer,0
ORD000634,2024-04-29,CUST01001,USB Hub,Peripherals,64.41,1,UK,Credit Card,0
ORD003022,2024-06-01,CUST01010,Monitor,Displays,460.29,3,Netherlands,Credit Card,0
ORD000499,2024-12-12,CUST01013,HDMI Cable,Cables,41.25,4,Poland,Bank Transfer,10
ORD007289,2024-05-12,CUST01001,Laptop,Computers,1057.81,3,Poland,Debit Card,5
ORD002464,2024-09-20,CUST01001,Mouse,Peripherals,93.2,1,Poland,PayPal,0
ORD004523,2024-03-31,CUST01001,Laptop,Computers,1025.99,3,USA,Bank Transfer,0
ORD000638,2024-09-04,CUST01004,Mouse,Peripherals,9.53,1,France,PayPal,0
ORD000721,2024-02-29,CUST01002,Phone Stand,Accessories,33.73,4,Canada,Debit Card,0
ORD000289,2024-08-15,CUST01063,Webcam,Video,81.1,2,Poland,Debit Card,0
ORD000758,2024-11-16,CUST01001,Keyboard,Peripherals,84.9,3,France,Credit Card,0
ORD003300,2024-06-18,CUST01001,Monitor,Displays,510.91,3,Germany,Bank Transfer,10
ORD004011,2024-05-30,CUST01002,Keyboard,Peripherals,158.13,1,Poland,Unknown,10
ORD003090,2024-06-07,CUST01003,Keyboard,Peripherals,89.8,2,UK,Bank Transfer,0
ORD004611,2024-11-08,CUST01009,Phone Stand,Accessories,32.4,1,Poland,PayPal,15
ORD004773,2024-07-21,CUST01001,Monitor,Displays,505.38,3,Poland,Debit Card,15
ORD000450,2024-02-13,CUST01001,Mouse,Peripherals,43.73,3,USA,PayPal,5
ORD000597,2024-03-16,CUST01010,Webcam,Video,74.89,1,Netherlands,Unknown,5
ORD006675,2024-09-10,CUST01007,Phone Stand,Accessories,57.84,3,France,PayPal,5
ORD001069,2024-03-20,CUST01002,Monitor,Displays,494.27,1,UK,PayPal,0
ORD001648,2024-04-21,CUST01009,Webcam,Video,96.16,2,Poland,PayPal,0
ORD003995,2024-02-24,CUST01001,Phone Stand,Accessories,-0.78,2,USA,Credit Card,0
ORD005286,2024-02-19,CUST01003,Keyboard,Peripherals,162.66,3,Canada,Unknown,10
ORD002701,2024-10-09,CUST01006,Headphones,Audio,133.7,2,Canada,Bank Transfer,0
ORD001701,2024-02-25,CUST01003,Keyboard,Peripherals,94.91,2,USA,Debit Card,0
ORD006436,2024-07-15,CUST01001,USB Hub,Peripherals,13.76,2,Canada,Debit Card,5
ORD004770,2024-03-26,CUST01003,Keyboard,Peripherals,92.74,4,Germany,Credit Card,0
ORD007297,2024-10-31,CUST01003,HDMI Cable,Cables,37.42,4,Canada,Debit Card,5
ORD002943,2024-09-17,CUST01001,Webcam,Video,118.42,2,Netherlands,PayPal,10
ORD006581,2024-06-14,CUST01101,Desk Lamp,Accessories,93.55,1,Germany,Bank Transfer,0
ORD007641,2024-01-27,CUST01001,Headphones,Audio,152.78,1,France,PayPal,10
ORD003834,2024-05-28,CUST01814,Laptop,Computers,1059.83,3,UK,Credit Card,15
ORD002124,2024-07-11,CUST01045,Webcam,Video,103.1,2,France,Unknown,5
ORD004161,2024-03-05,CUST01942,Keyboard,Peripherals,83.11,1,France,Unknown,5
ORD002309,2024-06-02,CUST01006,Monitor,Displays,457.22,3,Netherlands,Credit Card,15
ORD002678,2024-05-30,CUST01001,USB Hub,Peripherals,23.29,4,UK,Unknown,10
ORD005418,2024-03-29,CUST01024,Mouse,Peripherals,99.89,3,Netherlands,Debit Card,0
ORD006569,2024-05-15,CUST01001,Monitor,Displays,525.27,1,Netherlands,Bank Transfer,0
ORD006683,2024-09-04,CUST01001,Phone Stand,Accessories,38.0,2,France,Credit Card,10
ORD002595,2024-01-01,CUST01001,USB Hub,Peripherals,15.76,4,Poland,Credit Card,5
ORD004933,2024-11-05,CUST01002,Monitor,Displays,472.06,2,Poland,Bank Transfer,5
ORD003059,2024-04-01,CUST01003,Headphones,Audio,146.42,4,Poland,PayPal,0
ORD001030,2024-04-25,CUST01007,Keyboard,Peripherals,101.97,2,Netherlands,Credit Card,0
ORD003981,2024-01-31,CUST01003,Keyboard,Peripherals,109.38,4,Germany,Unknown,0
ORD002877,2024-07-04,CUST01001,USB Hub,Peripherals,68.3,1,UK,PayPal,5
ORD004520,2024-03-06,CUST01001,Laptop,Computers,1102.35,2,Poland,PayPal,0
ORD005211,2024-04-19,CUST01011,Mouse,Peripherals,71.96,2,Netherlands,Credit Card,0
ORD002145,2024-02-06,CUST01001,Desk Lamp,Accessories,77.36,4,Netherlands,Unknown,5
ORD004618,2024-07-01,CUST01001,HDMI Cable,Cables,-22.81,2,Netherlands,Debit Card,0
ORD007302,2024-07-11,CUST01001,HDMI Cable,Cables,7.8,1,France,Debit Card,5
ORD005042,2024-10-20,CUST01002,Keyboard,Peripherals,103.55,1,UK,Debit Card,5
ORD001201,2024-06-04,CUST01002,Keyboard,Peripherals,80.86,2,France,Bank Transfer,5
ORD002026,2024-05-07,CUST01001,Phone Stand,Accessories,38.71,2,Netherlands,Bank Transfer,0
ORD000622,2024-11-22,CUST01003,Laptop,Computers,1028.91,2,Germany,PayPal,0
ORD007298,2024-04-18,CUST01001,Headphones,Audio,162.77,4,USA,Debit Card,0
ORD000567,2024-02-23,CUST01003,Mouse,Peripherals,52.78,2,USA,Debit Card,0
ORD007461,2024-10-25,CUST01001,USB Hub,Peripherals,8.4,3,Poland,Debit Card,15
ORD001838,2024-03-13,CUST01004,Webcam,Video,89.28,2,USA,Bank Transfer,0
ORD001335,2024-09-28,CUST01023,Mouse,Peripherals,45.6,3,France,PayPal,10
ORD005171,2024-05-21,CUST01001,Mouse,Peripherals,27.35,3,Netherlands,PayPal,5
ORD007627,2024-04-29,CUST01038,Desk Lamp,Accessories,61.08,3,Poland,Credit Card,0
ORD002100,2024-12-24,CUST01417,Webcam,Video,120.46,2,UK,Credit Card,5
ORD003853,2024-05-16,CUST01003,Laptop,Computers,1023.11,4,France,PayPal,0
ORD003434,2024-12-29,CUST01067,Laptop,Computers,1057.53,1,USA,Debit Card,0
ORD004343,2024-05-31,CUST01050,Monitor,Displays,449.03,2,USA,PayPal,0
ORD001689,2024-12-17,CUST01024,Desk Lamp,Accessories,45.26,1,France,PayPal,15
ORD000746,2024-10-16,CUST01058,HDMI Cable,Cables,25.71,1,Canada,PayPal,15
ORD005496,2024-03-07,CUST01001,USB Hub,Peripherals,-9.33,3,Poland,Credit Card,0
ORD006674,2024-04-22,CUST01001,Mouse,Peripherals,21.67,4,France,Credit Card,0
ORD002188,2024-11-11,CUST01001,Keyboard,Peripherals,145.57,2,Germany,Bank Transfer,0
ORD000196,2024-01-04,CUST01005,Monitor,Displays,518.49,4,Poland,Debit Card,5
ORD001153,2024-05-02,CUST01001,Mouse,Peripherals,14.37,1,Netherlands,Unknown,5
ORD003440,2024-01-20,CUST01027,Monitor,Displays,526.14,3,UK,Credit Card,5
ORD006477,2024-12-12,CUST01004,Keyboard,Peripherals,113.28,2,Netherlands,Bank Transfer,15
ORD000803,2024-02-15,CUST01001,Keyboard,Peripherals,126.56,3,Poland,PayPal,0
ORD007724,2024-10-22,CUST01001,Headphones,Audio,99.26,4,Canada,PayPal,0
ORD002351,2024-01-05,CUST01003,Laptop,Computers,1071.82,2,Poland,PayPal,0
ORD004205,2024-08-20,CUST01001,Laptop,Computers,1067.95,2,UK,Bank Transfer,5
ORD005329,2024-11-28,CUST01005,Laptop,Computers,1076.44,4,Poland,PayPal,0
ORD007266,2024-11-15,CUST01001,Phone Stand,Accessories,26.01,3,Germany,PayPal,10
ORD005199,2024-11-13,CUST01001,Laptop,Computers,1097.77,2,UK,Bank Transfer,5
ORD002069,2024-12-25,CUST01001,HDMI Cable,Cables,5.6,2,Netherlands,Unknown,10
ORD002908,2024-11-05,CUST01002,Desk Lamp,Accessories,92.59,4,France,Debit Card,0
ORD004862,2024-02-18,CUST01006,Mouse,Peripherals,28.63,4,UK,Bank Transfer,5
ORD006201,2024-06-30,CUST01082,Mouse,Peripherals,49.42,4,USA,PayPal,10
ORD000645,2024-06-06,CUST01001,Desk Lamp,Accessories,81.01,1,Netherlands,PayPal,0
ORD007096,2024-01-25,CUST01004,Laptop,Computers,1024.2,1,UK,Debit Card,0
ORD006021,2024-08-15,CUST01003,Keyboard,Peripherals,99999.0,3,UK,Unknown,10
ORD003470,2024-05-26,CUST01022,Desk Lamp,Accessories,116.79,4,Germany,PayPal,0
ORD003802,2024-06-16,CUST01013,Phone Stand,Accessories,69.65,4,Canada,Credit Card,5
ORD005585,2024-05-11,CUST01011,Monitor,Displays,528.06,4,UK,Debit Card,0
ORD000121,2024-06-01,CUST01001,Mouse,Peripherals,62.12,4,USA,Debit Card,0
ORD001778,2024-08-12,CUST01001,Webcam,Video,102.02,1,Canada,Unknown,0
ORD002982,2024-10-19,CUST01051,Keyboard,Peripherals,131.19,2,Poland,Unknown,0
ORD006054,2024-07-28,CUST01003,USB Hub,Peripherals,13.11,2,France,Unknown,0
ORD003075,2024-09-12,CUST01003,USB Hub,Peripherals,39.82,2,Netherlands,Debit Card,0
ORD007476,2024-09-04,CUST01002,Headphones,Audio,90.55,1,USA,PayPal,0
ORD005706,2024-04-20,CUST01005,Mouse,Peripherals,72.47,2,Poland,PayPal,0
ORD007008,2024-01-29,CUST01001,USB Hub,Peripherals,-2.2,1,Germany,Debit Card,10
ORD003036,2024-09-14,CUST01003,Headphones,Audio,176.21,2,USA,Credit Card,5
ORD002136,2024-10-26,CUST01001,Laptop,Computers,1076.4,1,Germany,Credit Card,0
ORD007774,2024-01-05,CUST01004,HDMI Cable,Cables,10.85,2,Germany,Credit Card,0
ORD004908,2024-05-15,CUST01001,Mouse,Peripherals,28.05,2,USA,Unknown,5
ORD000135,2024-04-13,CUST01001,Webcam,Video,73.9,3,Canada,Debit Card,0
ORD007089,2024-03-27,CUST01071,Mouse,Peripherals,14.58,4,France,Debit Card,5
ORD007045,2024-06-28,CUST01001,Keyboard,Peripherals,156.88,2,Poland,Bank Transfer,5
ORD004367,2024-05-19,CUST01001,HDMI Cable,Cables,99999.0,3,Germany,PayPal,0
ORD006367,2024-09-27,CUST01001,USB Hub,Peripherals,-2.07,2,UK,Unknown,0
ORD003785,2024-01-12,CUST01001,HDMI Cable,Cables,-5.6,3,UK,PayPal,5
ORD004029,2024-08-28,CUST01016,Keyboard,Peripherals,100.16,3,France,Unknown,0
ORD002560,2024-12-05,CUST01039,HDMI Cable,Cables,-16.99,2,USA,Bank Transfer,5
ORD000063,2024-01-03,CUST01010,Headphones,Audio,126.41,3,France,Credit Card,10
ORD005247,2024-01-26,CUST01002,Laptop,Computers,1097.56,3,Netherlands,PayPal,0
ORD006987,2024-08-31,CUST01266,USB Hub,Peripherals,56.95,4,France,Debit Card,0
ORD004323,2024-06-09,CUST01001,Keyboard,Peripherals,147.76,1,Canada,Unknown,0
ORD001643,2024-04-06,CUST01002,USB Hub,Peripherals,38.91,3,Poland,Unknown,15
ORD004191,2024-11-06,CUST01001,Webcam,Video,54.04,3,UK,Debit Card,5
ORD002468,2024-10-15,CUST01001,HDMI Cable,Cables,42.57,4,UK,Debit Card,0
ORD000680,2024-03-09,CUST01001,Phone Stand,Accessories,61.26,4,UK,Credit Card,0
ORD005166,2024-10-25,CUST01001,USB Hub,Peripherals,17.04,3,Netherlands,Credit Card,5
ORD000742,2024-12-09,CUST01001,Mouse,Peripherals,45.63,4,Canada,Debit Card,15
ORD001212,2024-02-25,CUST01002,Desk Lamp,Accessories,50.85,4,France,Bank Transfer,15
ORD002171,2024-04-21,CUST01001,Webcam,Video,48.62,4,Germany,Bank Transfer,5
ORD006059,2024-02-08,CUST01001,Desk Lamp,Accessories,49.31,4,Germany,Bank Transfer,5
ORD005495,2024-04-23,CUST01044,Phone Stand,Accessories,69.28,4,USA,Unknown,0
ORD006955,2024-04-18,CUST01003,Phone Stand,Accessories,18.83,2,UK,PayPal,10
ORD002901,2024-03-25,CUST01001,Mouse,Peripherals,-100.0,1,Netherlands,Credit Card,0
ORD003259,2024-08-17,CUST01001,HDMI Cable,Cables,-22.53,3,Germany,Unknown,15
ORD000568,2024-12-04,CUST01009,Mouse,Peripherals,51.31,2,UK,Credit Card,0
ORD001874,2024-10-04,CUST01001,HDMI Cable,Cables,-24.89,4,Canada,Bank Transfer,5
ORD002597,2024-01-18,CUST01001,Desk Lamp,Accessories,113.64,1,Germany,Credit Card,0
ORD001718,2024-12-29,CUST01024,HDMI Cable,Cables,29.94,1,Germany,PayPal,10
ORD006654,2024-09-29,CUST01003,Webcam,Video,79.73,2,France,Unknown,0
ORD002844,2024-12-01,CUST01011,Monitor,Displays,518.86,1,Canada,Debit Card,10
ORD001393,2024-01-14,CUST01003,Webcam,Video,113.0,3,USA,PayPal,0
ORD006034,2024-02-28,CUST01031,Webcam,Video,72.01,1,Germany,Bank Transfer,10
ORD006286,2024-11-17,CUST01496,Desk Lamp,Accessories,91.57,4,Poland,PayPal,15
ORD005350,2024-06-30,CUST01007,Mouse,Peripherals,37.63,2,USA,PayPal,10
ORD003485,2024-08-28,CUST01003,Monitor,Displays,459.07,2,Netherlands,Credit Card,0
ORD005891,2024-08-18,CUST01040,Monitor,Displays,473.92,1,USA,Debit Card,15
ORD000490,2024-12-25,CUST01004,Monitor,Displays,535.12,2,Netherlands,Unknown,0
ORD000494,2024-10-24,CUST01002,Mouse,Peripherals,78.58,1,Germany,Credit Card,0
ORD000691,2024-07-13,CUST01001,HDMI Cable,Cables,-3.16,1,Germany,Debit Card,0
ORD005628,2024-11-02,CUST01001,Monitor,Displays,458.74,4,USA,Debit Card,0
ORD000603,2024-08-17,CUST01001,HDMI Cable,Cables,20.15,2,Poland,Bank Transfer,0
ORD001912,2024-01-02,CUST01008,Keyboard,Peripherals,82.66,1,France,Unknown,0
ORD006787,2024-12-16,CUST01007,Monitor,Displays,445.94,4,USA,Debit Card,0
ORD003993,2024-10-04,CUST01009,Monitor,Displays,460.02,3,Netherlands,Debit Card,15
ORD006578,2024-01-18,CUST01001,Keyboard,Peripherals,123.7,3,Canada,Bank Transfer,0
ORD005694,2024-04-02,CUST01002,Phone Stand,Accessories,67.51,1,Netherlands,Debit Card,0
ORD006240,2024-02-01,CUST01001,Webcam,Video,65.74,4,UK,Bank Transfer,0
ORD006349,2024-12-10,CUST01003,Phone Stand,Accessories,25.98,3,UK,Debit Card,0
ORD007785,2024-09-22,CUST01006,Webcam,Video,45.14,4,USA,Bank Transfer,0
ORD002367,2024-04-21,CUST01001,Webcam,Video,111.0,2,France,Debit Card,0
ORD001188,2024-12-19,CUST01003,USB Hub,Peripherals,29.06,3,Canada,Debit Card,10
ORD000275,2024-07-30,CUST01017,Webcam,Video,109.44,3,Poland,PayPal,0
ORD006153,2024-03-31,CUST01001,Desk Lamp,Accessories,121.64,4,France,Debit Card,0
ORD004636,2024-09-27,CUST01010,Desk Lamp,Accessories,57.04,3,Poland,Credit Card,0
ORD001362,2024-03-07,CUST01005,USB Hub,Peripherals,58.51,4,USA,Credit Card,0
ORD003817,2024-06-19,CUST01002,USB Hub,Peripherals,13.95,2,Poland,Unknown,0
ORD001527,2024-03-07,CUST01008,Keyboard,Peripherals,96.23,2,Canada,Unknown,0
ORD005606,2024-11-02,CUST01014,Webcam,Video,59.24,3,Germany,Debit Card,0
ORD003935,2024-02-06,CUST01001,Mouse,Peripherals,44.88,4,Canada,Bank Transfer,0
ORD007901,2024-11-17,CUST01007,Keyboard,Peripherals,149.12,3,Netherlands,Bank Transfer,0
ORD001552,2024-03-27,CUST01001,USB Hub,Peripherals,0.74,1,Canada,Debit Card,0
ORD000331,2024-06-28,CUST01083,Webcam,Video,110.27,1,USA,Unknown,10
ORD007543,2024-08-29,CUST01001,Phone Stand,Accessories,-2.49,3,France,Debit Card,15
ORD001338,2024-05-15,CUST01018,Mouse,Peripherals,91.89,3,Poland,Unknown,0
ORD005115,2024-11-29,CUST01006,Mouse,Peripherals,90.92,3,UK,Unknown,0
ORD000946,2024-05-19,CUST01001,Desk Lamp,Accessories,87.67,2,Germany,Unknown,0
ORD006312,2024-07-04,CUST01001,Phone Stand,Accessories,44.42,2,Germany,Credit Card,10
ORD002251,2024-10-09,CUST01002,Keyboard,Peripherals,123.56,2,Canada,Debit Card,15
ORD006316,2024-03-11,CUST01108,Headphones,Audio,148.61,1,Poland,Unknown,0
ORD000802,2024-11-02,CUST01001,USB Hub,Peripherals,55.46,3,UK,Credit Card,15
ORD003965,2024-04-09,CUST01003,Webcam,Video,56.55,4,France,Debit Card,0
ORD002347,2024-11-25,CUST01935,Mouse,Peripherals,19.55,4,France,PayPal,0
ORD000069,2024-05-10,CUST01001,HDMI Cable,Cables,-27.67,3,USA,Unknown,5
ORD007670,2024-01-20,CUST01004,Webcam,Video,107.99,1,Germany,Bank Transfer,0
ORD005712,2024-06-03,CUST01001,Desk Lamp,Accessories,0.0,2,Poland,Bank Transfer,0
ORD002785,2024-06-08,CUST01516,USB Hub,Peripherals,-21.24,3,Canada,Debit Card,15
ORD001599,2024-03-26,CUST01017,Keyboard,Peripherals,95.57,4,USA,Credit Card,10
ORD004221,2024-09-13,CUST01001,Headphones,Audio,123.88,3,Netherlands,PayPal,0
ORD004940,2024-11-04,CUST01002,Webcam,Video,30.21,2,France,Debit Card,0
ORD007491,2024-07-17,CUST01002,Desk Lamp,Accessories,117.87,1,Netherlands,Unknown,0
ORD001504,2024-01-07,CUST01001,Keyboard,Peripherals,102.29,3,Canada,Debit Card,0
ORD003750,2024-10-30,CUST01017,Headphones,Audio,111.12,1,USA,PayPal,0
ORD000151,2024-05-14,CUST01004,Phone Stand,Accessories,-12.64,4,Poland,Credit Card,0
ORD002805,2024-07-25,CUST01001,Headphones,Audio,89.43,2,Canada,Bank Transfer,10
ORD003690,2024-04-06,CUST01001,Desk Lamp,Accessories,49.22,2,Germany,Unknown,10
ORD002087,2024-07-29,CUST01159,Headphones,Audio,139.05,1,UK,PayPal,15
ORD007314,2024-09-13,CUST01458,Mouse,Peripherals,57.54,4,UK,Unknown,0
ORD002260,2024-07-06,CUST01001,Monitor,Displays,471.26,3,Poland,Debit Card,0
ORD004989,2024-10-24,CUST01001,Mouse,Peripherals,60.89,2,UK,Bank Transfer,0
ORD006850,2024-08-19,CUST01001,Mouse,Peripherals,95.63,4,USA,Credit Card,10
ORD006642,2024-11-11,CUST01001,Phone Stand,Accessories,72.2,4,France,Unknown,15
ORD006686,2024-09-27,CUST01005,Webcam,Video,123.03,4,UK,Credit Card,0
ORD000860,2024-12-11,CUST01002,Webcam,Video,63.24,3,Netherlands,Unknown,0
ORD006572,2024-12-09,CUST01009,Phone Stand,Accessories,26.38,2,Germany,Credit Card,0
ORD005000,2024-06-06,CUST01003,HDMI Cable,Cables,-100.0,1,Netherlands,Debit Card,0
ORD003528,2024-05-09,CUST01001,Keyboard,Peripherals,150.96,3,Canada,Bank Transfer,5
ORD004829,2024-01-15,CUST01002,Laptop,Computers,1049.21,2,Germany,Credit Card,15
ORD007188,2024-10-06,CUST01006,HDMI Cable,Cables,40.51,3,France,Debit Card,0
ORD006805,2024-06-23,CUST01006,USB Hub,Peripherals,-6.77,4,USA,Debit Card,10
ORD000367,2024-11-04,CUST01036,Monitor,Displays,465.63,3,Poland,Bank Transfer,10
ORD001433,2024-09-02,CUST01002,Keyboard,Peripherals,112.85,4,USA,PayPal,0
ORD004317,2024-01-09,CUST01001,USB Hub,Peripherals,19.47,1,France,PayPal,10
ORD007693,2024-08-23,CUST01525,Laptop,Computers,1083.62,1,France,Unknown,0
ORD001780,2024-07-08,CUST01005,Keyboard,Peripherals,115.25,3,France,Bank Transfer,0
ORD004907,2024-04-29,CUST01004,Mouse,Peripherals,6.89,1,Netherlands,Credit Card,0
ORD007192,2024-02-19,CUST01004,Keyboard,Peripherals,152.72,3,USA,Bank Transfer,0
ORD001819,2024-10-18,CUST01002,Mouse,Peripherals,91.41,1,Canada,Credit Card,0
ORD007834,2024-06-18,CUST01086,Phone Stand,Accessories,-10.97,3,France,Credit Card,0
ORD000842,2024-09-30,CUST01020,Desk Lamp,Accessories,72.04,2,France,Unknown,15
ORD002705,2024-01-01,CUST01531,Desk Lamp,Accessories,126.01,1,Germany,Unknown,0
ORD001190,2024-02-17,CUST01006,Desk Lamp,Accessories,89.72,4,Germany,Unknown,0
ORD000176,2024-08-28,CUST01001,Webcam,Video,53.11,4,USA,Credit Card,5
ORD004455,2024-09-03,CUST01387,Monitor,Displays,528.04,4,UK,Bank Transfer,0
ORD007545,2024-08-18,CUST01004,Desk Lamp,Accessories,90.92,4,France,Debit Card,0
ORD000618,2024-09-29,CUST01001,Laptop,Computers,1045.6,4,France,Unknown,0
ORD002094,2024-09-11,CUST01001,Monitor,Displays,525.37,1,Poland,Debit Card,5
ORD003309,2024-10-20,CUST01003,HDMI Cable,Cables,11.0,2,USA,Bank Transfer,10
ORD005836,2024-03-27,CUST01001,Mouse,Peripherals,79.2,4,Netherlands,Unknown,5
ORD003850,2024-10-31,CUST01001,Laptop,Computers,1096.74,3,UK,Unknown,0
ORD000083,2024-10-04,CUST01001,USB Hub,Peripherals,53.4,4,Netherlands,PayPal,0
ORD003209,2024-09-19,CUST01010,Headphones,Audio,176.56,1,UK,Bank Transfer,5
ORD000817,2024-05-06,CUST01001,HDMI Cable,Cables,3.68,1,Poland,Bank Transfer,10
ORD001031,2024-07-15,CUST01011,Headphones,Audio,128.4,4,Canada,Bank Transfer,5
ORD004846,2024-03-11,CUST01001,Mouse,Peripherals,64.88,4,Netherlands,Credit Card,10
ORD000301,2024-06-09,CUST01077,Keyboard,Peripherals,87.47,1,UK,Unknown,5
ORD007872,2024-06-15,CUST01001,USB Hub,Peripherals,59.0,3,Netherlands,Bank Transfer,0
ORD001473,2024-07-17,CUST01016,Phone Stand,Accessories,11.33,3,Poland,Unknown,0
ORD000284,2024-05-11,CUST01001,Mouse,Peripherals,56.91,1,France,Credit Card,0
ORD002029,2024-03-23,CUST01002,Phone Stand,Accessories,24.29,2,Canada,Credit Card,0
ORD004324,2024-08-23,CUST01009,Desk Lamp,Accessories,113.86,2,Canada,Bank Transfer,0
ORD006556,2024-05-10,CUST01001,Mouse,Peripherals,7.03,2,USA,Bank Transfer,15
ORD006366,2024-01-15,CUST01001,Headphones,Audio,113.41,3,Poland,PayPal,10
ORD002916,2024-11-25,CUST01001,Monitor,Displays,525.59,2,Canada,PayPal,10
ORD001814,2024-10-09,CUST01681,Laptop,Computers,1016.51,1,France,Unknown,0
ORD001272,2024-09-13,CUST01001,Keyboard,Peripherals,153.16,4,France,Credit Card,5
ORD005483,2024-07-26,CUST01001,HDMI Cable,Cables,24.56,4,Canada,Debit Card,15
ORD003934,2024-05-23,CUST01020,Webcam,Video,47.92,1,France,Credit Card,0
ORD003525,2024-03-25,CUST01028,USB Hub,Peripherals,42.39,4,Germany,PayPal,10
ORD005977,2024-07-25,CUST01674,Phone Stand,Accessories,-2.37,4,France,Debit Card,0
ORD006014,2024-02-06,CUST01279,Phone Stand,Accessories,-15.25,4,UK,Debit Card,0
ORD003930,2024-06-01,CUST01001,Monitor,Displays,475.83,4,Netherlands,Unknown,0
ORD003151,2024-06-11,CUST01001,Webcam,Video,-100.0,4,UK,Bank Transfer,0
ORD000821,2024-03-22,CUST01001,Headphones,Audio,141.41,4,Canada,Unknown,10
ORD002314,2024-04-22,CUST01001,Headphones,Audio,173.34,1,Canada,PayPal,0
ORD002009,2024-01-08,CUST01001,Webcam,Video,54.33,2,France,PayPal,0
ORD007234,2024-07-13,CUST01416,Phone Stand,Accessories,13.47,3,UK,Unknown,10
ORD002643,2024-05-14,CUST01008,Headphones,Audio,109.2,3,Canada,Credit Card,10
ORD004326,2024-01-20,CUST01060,Webcam,Video,32.75,3,Germany,Debit Card,15
ORD007312,2024-07-13,CUST01001,Headphones,Audio,90.31,3,Netherlands,PayPal,5
ORD002306,2024-02-17,CUST01001,Mouse,Peripherals,44.63,4,USA,Debit Card,15
ORD004291,2024-01-30,CUST01025,Keyboard,Peripherals,147.22,2,Netherlands,Bank Transfer,5
ORD005783,2024-12-18,CUST01007,Webcam,Video,29.17,1,UK,Debit Card,5
ORD000100,2024-01-29,CUST01003,Mouse,Peripherals,19.62,3,France,Debit Card,5
ORD004713,2024-03-15,CUST01027,Laptop,Computers,1014.18,1,France,PayPal,15
ORD000745,2024-02-20,CUST01003,Keyboard,Peripherals,156.3,4,USA,Unknown,0
ORD007704,2024-06-12,CUST01001,Desk Lamp,Accessories,77.09,2,Canada,Credit Card,10
ORD007422,2024-06-16,CUST01004,Phone Stand,Accessories,48.91,3,Netherlands,PayPal,0
ORD007292,2024-06-06,CUST01004,Desk Lamp,Accessories,109.65,3,Poland,Debit Card,0
ORD000481,2024-06-15,CUST01001,Mouse,Peripherals,64.23,1,Canada,Credit Card,0
ORD006005,2024-06-15,CUST01001,Keyboard,Peripherals,144.41,3,Canada,PayPal,10
ORD007783,2024-06-05,CUST01002,USB Hub,Peripherals,-24.91,1,Germany,PayPal,0
ORD007918,2024-11-11,CUST01014,Headphones,Audio,109.05,1,Poland,PayPal,0
ORD001158,2024-07-04,CUST01015,Laptop,Computers,1092.3,4,UK,Unknown,0
ORD006727,2024-12-10,CUST01039,Webcam,Video,104.37,4,Netherlands,Unknown,5
ORD005923,2024-03-31,CUST01004,Keyboard,Peripherals,157.73,2,UK,Bank Transfer,0
ORD001438,2024-11-01,CUST01002,Desk Lamp,Accessories,123.19,2,UK,Credit Card,10
ORD002415,2024-04-15,CUST01008,Headphones,Audio,82.65,4,France,Unknown,0
ORD007378,2024-12-22,CUST01009,Webcam,Video,62.48,1,UK,Credit Card,10
ORD000403,2024-12-12,CUST01001,Laptop,Computers,1046.85,2,Netherlands,PayPal,0
ORD005457,2024-10-10,CUST01002,Desk Lamp,Accessories,47.62,4,UK,Credit Card,0
ORD002196,2024-12-01,CUST01001,Monitor,Displays,497.63,4,Poland,Debit Card,5
ORD000950,2024-09-26,CUST01004,Headphones,Audio,142.57,3,Canada,Bank Transfer,15
ORD007531,2024-03-11,CUST01127,Headphones,Audio,167.41,3,Germany,PayPal,0
ORD002068,2024-06-13,CUST01001,Keyboard,Peripherals,104.69,4,Germany,Bank Transfer,0
ORD004167,2024-07-31,CUST01001,Monitor,Displays,471.76,3,Canada,Credit Card,5
ORD005625,2024-03-08,CUST01001,Phone Stand,Accessories,34.08,2,USA,Bank Transfer,0
ORD000669,2024-12-19,CUST01001,Desk Lamp,Accessories,84.26,1,Canada,Bank Transfer,0
ORD000219,2024-11-21,CUST01003,Mouse,Peripherals,80.74,4,Canada,Unknown,0
ORD003367,2024-10-04,CUST01037,Headphones,Audio,116.35,1,Canada,Credit Card,0
ORD007723,2024-01-01,CUST01001,Phone Stand,Accessories,42.13,1,France,Debit Card,0
ORD001963,2024-04-09,CUST01001,Headphones,Audio,97.94,2,France,Unknown,0
ORD007568,2024-09-17,CUST01013,Headphones,Audio,128.98,3,Germany,PayPal,10
ORD005815,2024-03-04,CUST01002,Keyboard,Peripherals,116.86,3,France,Credit Card,15
ORD002214,2024-03-29,CUST01002,Webcam,Video,79.57,2,Canada,Debit Card,5
ORD002634,2024-08-23,CUST01003,Keyboard,Peripherals,107.91,1,Germany,Credit Card,15
ORD001660,2024-10-25,CUST01001,HDMI Cable,Cables,-24.67,1,Canada,PayPal,10
ORD003648,2024-07-05,CUST01015,Mouse,Peripherals,89.71,3,Poland,Debit Card,15
ORD005382,2024-07-26,CUST01005,Headphones,Audio,88.91,4,Canada,Bank Transfer,0
ORD007390,2024-04-01,CUST01004,Headphones,Audio,88.6,4,USA,Unknown,0
ORD005503,2024-11-12,CUST01001,Desk Lamp,Accessories,48.34,1,Netherlands,Unknown,0
ORD002146,2024-03-28,CUST01001,Mouse,Peripherals,39.12,4,Netherlands,Debit Card,0
ORD000778,2024-05-26,CUST01001,HDMI Cable,Cables,-4.71,1,Canada,Unknown,5
ORD002435,2024-06-09,CUST01001,Keyboard,Peripherals,153.08,3,Poland,PayPal,10
ORD003067,2024-12-11,CUST01006,Phone Stand,Accessories,59.65,3,Canada,Bank Transfer,10
ORD004468,2024-05-10,CUST01001,HDMI Cable,Cables,-18.8,2,UK,Credit Card,0
ORD005763,2024-04-03,CUST01002,HDMI Cable,Cables,-29.56,1,Netherlands,Credit Card,10
ORD004595,2024-10-01,CUST01001,Desk Lamp,Accessories,102.67,1,Germany,PayPal,10
ORD005521,2024-07-18,CUST01004,Phone Stand,Accessories,68.09,2,UK,PayPal,0
ORD001492,2024-06-23,CUST01001,Desk Lamp,Accessories,51.91,2,France,Credit Card,15
ORD003546,2024-08-15,CUST01002,Mouse,Peripherals,15.73,2,USA,Debit Card,0
ORD003154,2024-07-02,CUST01002,USB Hub,Peripherals,-9.8,4,Poland,Debit Card,0
ORD004248,2024-06-13,CUST01001,Desk Lamp,Accessories,116.72,2,Poland,Unknown,0
ORD003718,2024-02-03,CUST01001,Phone Stand,Accessories,61.78,3,France,Debit Card,0
ORD003612,2024-03-21,CUST01001,Laptop,Computers,1082.17,1,Netherlands,Bank Transfer,5
ORD006012,2024-11-07,CUST01691,Laptop,Computers,1023.68,2,Canada,PayPal,5
ORD004656,2024-09-15,CUST01005,Mouse,Peripherals,71.98,4,Canada,Debit Card,0
ORD000518,2024-04-09,CUST01320,Keyboard,Peripherals,159.54,1,Poland,Debit Card,0
ORD005050,2024-05-06,CUST01001,HDMI Cable,Cables,-4.03,3,France,Unknown,5
ORD005369,2024-10-22,CUST01018,Headphones,Audio,126.15,3,Netherlands,Unknown,0
ORD006653,2024-05-06,CUST01002,Phone Stand,Accessories,15.12,1,Germany,Debit Card,0
ORD005511,2024-10-31,CUST01001,HDMI Cable,Cables,-6.76,2,Canada,Debit Card,0
ORD007803,2024-02-07,CUST01001,Monitor,Displays,462.59,3,USA,Credit Card,15
ORD006145,2024-03-09,CUST01001,Laptop,Computers,1098.88,4,Poland,PayPal,5
ORD001416,2024-12-18,CUST01007,Headphones,Audio,172.42,2,Germany,Unknown,0
ORD000569,2024-06-28,CUST01001,Webcam,Video,44.66,3,Netherlands,PayPal,0
ORD000361,2024-02-06,CUST01886,Keyboard,Peripherals,128.09,4,Poland,Unknown,0
ORD005600,2024-06-16,CUST01001,Phone Stand,Accessories,72.01,4,Canada,Unknown,0
ORD006914,2024-07-25,CUST01001,HDMI Cable,Cables,-28.47,3,UK,Unknown,0
ORD005232,2024-06-02,CUST01001,Webcam,Video,31.92,4,Germany,Bank Transfer,5
ORD005946,2024-08-15,CUST01001,Monitor,Displays,522.46,1,UK,Debit Card,10
ORD003101,2024-08-20,CUST01001,HDMI Cable,Cables,-6.65,4,Poland,PayPal,0
ORD003937,2024-08-29,CUST01001,Headphones,Audio,137.98,2,Germany,Bank Transfer,0
ORD000760,2024-10-26,CUST01001,Keyboard,Peripherals,141.72,2,UK,Bank Transfer,0
ORD003549,2024-01-31,CUST01001,Headphones,Audio,145.96,3,Canada,Bank Transfer,5
ORD004394,2024-05-10,CUST01003,Desk Lamp,Accessories,134.23,3,Canada,PayPal,10
ORD007540,2024-09-13,CUST01001,Monitor,Displays,452.13,3,Germany,Debit Card,0
ORD007734,2024-04-19,CUST01004,USB Hub,Peripherals,33.15,1,USA,Unknown,0
ORD006576,2024-05-29,CUST01001,Keyboard,Peripherals,162.79,2,Germany,PayPal,0
ORD005245,2024-11-10,CUST01003,Laptop,Computers,1063.45,2,UK,Debit Card,0
ORD000215,2024-04-06,CUST01004,Laptop,Computers,1090.25,1,Canada,Unknown,15
ORD005717,2024-03-12,CUST01034,Laptop,Computers,1047.62,1,Germany,PayPal,5
ORD005827,2024-11-19,CUST01007,Phone Stand,Accessories,56.33,2,Canada,Debit Card,0
ORD005745,2024-11-28,CUST01032,Headphones,Audio,178.41,2,Netherlands,Credit Card,0
ORD004880,2024-09-08,CUST01001,Webcam,Video,66.68,1,Netherlands,Bank Transfer,10
ORD006322,2024-09-18,CUST01001,Desk Lamp,Accessories,88.99,1,UK,Debit Card,0
ORD004099,2024-11-20,CUST01001,USB Hub,Peripherals,24.33,4,France,Unknown,15
ORD001474,2024-01-03,CUST01001,Phone Stand,Accessories,77.82,2,Canada,Debit Card,0
ORD002245,2024-11-16,CUST01001,Headphones,Audio,96.74,3,UK,Bank Transfer,0
ORD000726,2024-11-16,CUST01001,Webcam,Video,57.47,1,France,Bank Transfer,0
ORD004575,2024-09-09,CUST01003,Keyboard,Peripherals,161.96,3,USA,Bank Transfer,5
ORD003561,2024-04-24,CUST01005,Monitor,Displays,532.23,3,USA,Bank Transfer,0
ORD000050,2024-04-28,CUST01001,HDMI Cable,Cables,48.87,2,Netherlands,Bank Transfer,15
ORD006287,2024-05-07,CUST01010,Monitor,Displays,470.2,3,Germany,PayPal,15
ORD005979,2024-08-31,CUST01001,Phone Stand,Accessories,-17.62,2,Canada,Bank Transfer,0
ORD003131,2024-05-15,CUST01001,USB Hub,Peripherals,-5.8,4,Netherlands,Unknown,0
ORD000888,2024-11-23,CUST01005,Mouse,Peripherals,51.19,4,Canada,Bank Transfer,0
ORD007579,2024-07-09,CUST01011,Desk Lamp,Accessories,131.52,3,UK,Bank Transfer,0
ORD004437,2024-03-07,CUST01013,Laptop,Computers,1033.75,1,UK,PayPal,0
ORD002894,2024-06-01,CUST01004,HDMI Cable,Cables,64.54,2,Canada,Bank Transfer,0
ORD005550,2024-08-21,CUST01001,HDMI Cable,Cables,14.17,4,France,Debit Card,0
ORD007248,2024-01-17,CUST01019,Monitor,Displays,461.7,4,USA,Credit Card,10
ORD000517,2024-05-31,CUST01001,Webcam,Video,102.7,2,USA,PayPal,0
ORD003169,2024-10-24,CUST01028,Keyboard,Peripherals,131.07,3,Poland,PayPal,0
ORD002950,2024-10-21,CUST01001,Monitor,Displays,448.89,1,Netherlands,PayPal,5
ORD003902,2024-04-09,CUST01002,Desk Lamp,Accessories,121.96,4,Canada,Debit Card,10
ORD000140,2024-04-11,CUST01003,USB Hub,Peripherals,52.6,3,Poland,Bank Transfer,0
ORD006140,2024-12-11,CUST01002,Webcam,Video,69.81,4,Canada,PayPal,0
ORD004166,2024-12-29,CUST01013,Headphones,Audio,166.16,4,Germany,Debit Card,10
ORD005618,2024-05-04,CUST01001,Phone Stand,Accessories,-5.4,4,Germany,Credit Card,5
ORD003198,2024-09-30,CUST01016,HDMI Cable,Cables,42.68,3,France,Credit Card,5
ORD004263,2024-02-25,CUST01089,Desk Lamp,Accessories,118.45,4,Germany,Credit Card,10
ORD000113,2024-04-26,CUST01004,Desk Lamp,Accessories,41.6,1,USA,Unknown,0
ORD003196,2024-11-01,CUST01004,Desk Lamp,Accessories,42.22,4,UK,Debit Card,0
ORD000464,2024-11-21,CUST01022,USB Hub,Peripherals,-0.27,4,Poland,Unknown,0
ORD004961,2024-06-22,CUST01001,Keyboard,Peripherals,134.44,2,Poland,Credit Card,10
ORD001234,2024-11-04,CUST01003,Monitor,Displays,463.29,2,UK,PayPal,0
ORD003251,2024-03-15,CUST01003,Keyboard,Peripherals,161.9,3,Germany,Debit Card,15
ORD000595,2024-02-14,CUST01073,Monitor,Displays,464.65,2,Poland,Unknown,0
ORD004881,2024-04-25,CUST01001,Laptop,Computers,1036.35,4,UK,Unknown,5
ORD000451,2024-02-12,CUST01012,USB Hub,Peripherals,99999.0,2,Poland,Debit Card,0
ORD004510,2024-01-09,CUST01001,Keyboard,Peripherals,144.21,1,Canada,Debit Card,0
ORD003278,2024-10-20,CUST01001,Laptop,Computers,1031.35,3,Poland,Unknown,0
ORD005524,2024-10-17,CUST01001,Webcam,Video,69.18,2,Canada,Bank Transfer,0
ORD004706,2024-04-27,CUST01001,USB Hub,Peripherals,49.39,2,France,Bank Transfer,0
ORD000313,2024-08-28,CUST01001,Webcam,Video,72.12,4,France,Credit Card,0
ORD007528,2024-05-08,CUST01013,Headphones,Audio,112.39,4,UK,Credit Card,5
ORD005957,2024-11-27,CUST01026,Webcam,Video,88.48,3,UK,Credit Card,15
ORD006116,2024-10-14,CUST01001,Mouse,Peripherals,59.08,1,UK,Unknown,0
ORD006497,2024-10-08,CUST01012,Webcam,Video,49.38,1,USA,Bank Transfer,0
ORD007250,2024-06-11,CUST01001,Phone Stand,Accessories,61.57,2,UK,Credit Card,10
ORD005411,2024-03-11,CUST01001,Webcam,Video,41.62,1,Netherlands,Unknown,0
ORD000452,2024-08-24,CUST01102,Laptop,Computers,1021.7,2,Canada,PayPal,5
ORD003167,2024-08-30,CUST01009,Headphones,Audio,152.57,2,UK,Unknown,0
ORD006799,2024-05-01,CUST01001,Laptop,Computers,1069.41,1,Netherlands,Bank Transfer,0
ORD007385,2024-04-11,CUST01005,Desk Lamp,Accessories,45.59,3,Netherlands,Credit Card,0
ORD003627,2024-12-02,CUST01018,Mouse,Peripherals,99.64,1,France,Unknown,0
ORD000891,2024-03-16,CUST01099,Headphones,Audio,141.61,4,Germany,Credit Card,0
ORD002764,2024-06-16,CUST01002,Webcam,Video,30.67,1,Poland,Debit Card,0
ORD000659,2024-03-09,CUST01017,Desk Lamp,Accessories,69.51,2,France,Unknown,5
ORD001507,2024-08-24,CUST01001,Headphones,Audio,176.68,2,Germany,Unknown,10
ORD004035,2024-05-30,CUST01001,Keyboard,Peripherals,118.77,3,USA,Credit Card,0
ORD004569,2024-12-22,CUST01003,Phone Stand,Accessories,45.04,2,UK,PayPal,0
ORD007507,2024-04-14,CUST01001,Laptop,Computers,1018.15,2,Germany,Unknown,0
ORD001000,2024-06-27,CUST01001,Desk Lamp,Accessories,108.88,4,USA,Debit Card,0
ORD000390,2024-10-02,CUST01002,Monitor,Displays,466.33,1,USA,PayPal,10
ORD003408,2024-08-26,CUST01001,Laptop,Computers,1026.4,3,Canada,Unknown,0
ORD002331,2024-10-01,CUST01035,Phone Stand,Accessories,68.33,1,USA,Unknown,15
ORD001477,2024-05-24,CUST01004,HDMI Cable,Cables,-18.07,1,Canada,Debit Card,0
ORD002241,2024-02-04,CUST01001,Monitor,Displays,513.16,4,France,Unknown,0
ORD007212,2024-03-30,CUST01004,HDMI Cable,Cables,15.97,3,Canada,Unknown,0
ORD007223,2024-01-17,CUST01014,Laptop,Computers,1014.1,3,Germany,Debit Card,0
ORD007683,2024-04-03,CUST01010,Phone Stand,Accessories,57.84,1,Poland,Unknown,15
ORD005357,2024-08-11,CUST01024,Monitor,Displays,500.21,1,Netherlands,Unknown,0
ORD006767,2024-09-25,CUST01001,Mouse,Peripherals,72.07,4,France,Credit Card,0
ORD002973,2024-09-14,CUST01001,Phone Stand,Accessories,17.41,2,UK,Credit Card,0
ORD002776,2024-03-29,CUST01019,Headphones,Audio,121.29,1,Germany,Bank Transfer,0
ORD001924,2024-08-08,CUST01003,Mouse,Peripherals,59.36,3,Canada,Debit Card,0
ORD000759,2024-05-04,CUST01566,Desk Lamp,Accessories,98.37,1,USA,PayPal,5
ORD000701,2024-10-04,CUST01001,Laptop,Computers,1021.62,1,Canada,Bank Transfer,0
ORD007025,2024-06-11,CUST01102,Monitor,Displays,520.95,2,Canada,Bank Transfer,15
ORD001294,2024-07-16,CUST01001,Keyboard,Peripherals,151.18,2,Germany,Credit Card,0
ORD007078,2024-08-13,CUST01005,USB Hub,Peripherals,-24.79,3,Canada,Bank Transfer,10
ORD002874,2024-01-26,CUST01001,Phone Stand,Accessories,-9.57,3,Canada,Credit Card,10
ORD007999,2024-09-10,CUST01002,Desk Lamp,Accessories,139.95,1,Poland,Bank Transfer,0
ORD002536,2024-06-26,CUST01002,Webcam,Video,53.85,2,USA,Credit Card,0
ORD006745,2024-01-01,CUST01005,Desk Lamp,Accessories,85.4,4,UK,Credit Card,0
ORD001908,2024-08-04,CUST01003,Headphones,Audio,161.92,1,Netherlands,Bank Transfer,0
ORD007637,2024-07-06,CUST01002,Mouse,Peripherals,23.16,2,France,Unknown,15
ORD007063,2024-08-15,CUST01001,Webcam,Video,27.82,2,Netherlands,Debit Card,5
ORD000369,2024-10-24,CUST01001,Desk Lamp,Accessories,122.56,2,UK,Debit Card,15
ORD001938,2024-02-23,CUST01001,Laptop,Computers,1105.63,2,USA,PayPal,0
ORD006483,2024-05-29,CUST01010,USB Hub,Peripherals,34.89,1,USA,PayPal,10
ORD001152,2024-02-17,CUST01001,Laptop,Computers,1037.29,4,Poland,Bank Transfer,0
ORD007296,2024-11-29,CUST01003,Keyboard,Peripherals,127.24,4,Canada,Credit Card,5
ORD004206,2024-10-26,CUST01001,Phone Stand,Accessories,-12.98,4,Germany,Bank Transfer,0
ORD004293,2024-10-02,CUST01001,Phone Stand,Accessories,76.09,3,Netherlands,Unknown,0
ORD003011,2024-04-14,CUST01002,Webcam,Video,100.3,3,Canada,Debit Card,5
ORD007887,2024-09-14,CUST01002,Mouse,Peripherals,47.08,3,Canada,Debit Card,0
ORD000192,2024-01-31,CUST01001,HDMI Cable,Cables,1.93,3,Canada,Credit Card,15
ORD005119,2024-05-05,CUST01001,HDMI Cable,Cables,-26.7,1,Netherlands,Credit Card,15
ORD005611,2024-02-07,CUST01012,HDMI Cable,Cables,16.41,2,UK,Bank Transfer,0
ORD000175,2024-04-04,CUST01002,Desk Lamp,Accessories,80.21,3,USA,PayPal,0
ORD001904,2024-05-14,CUST01044,Phone Stand,Accessories,64.11,3,Canada,PayPal,0
ORD001100,2024-02-26,CUST01001,Desk Lamp,Accessories,127.77,2,Canada,Credit Card,5
ORD005328,2024-07-27,CUST01002,USB Hub,Peripherals,65.89,2,France,Unknown,0
ORD003647,2024-05-04,CUST01001,Mouse,Peripherals,24.23,3,USA,Credit Card,0
ORD003409,2024-03-25,CUST01001,Mouse,Peripherals,61.57,2,UK,Credit Card,0
ORD006089,2024-03-13,CUST01001,Desk Lamp,Accessories,97.99,1,USA,Bank Transfer,10
ORD002293,2024-07-06,CUST01006,USB Hub,Peripherals,31.54,4,France,PayPal,0
ORD006990,2024-08-14,CUST01460,Headphones,Audio,104.9,1,USA,Debit Card,15
ORD007796,2024-02-09,CUST01001,USB Hub,Peripherals,6.27,1,USA,PayPal,0
ORD005336,2024-07-15,CUST01016,Phone Stand,Accessories,-5.32,4,USA,Bank Transfer,0
ORD004913,2024-08-06,CUST01004,Phone Stand,Accessories,52.08,2,Canada,Bank Transfer,0
ORD001165,2024-08-19,CUST01001,Desk Lamp,Accessories,133.82,4,Poland,Debit Card,0
ORD004509,2024-03-12,CUST01024,HDMI Cable,Cables,31.28,3,USA,Bank Transfer,0
ORD006351,2024-01-24,CUST01001,Webcam,Video,49.72,4,USA,Credit Card,0
ORD004051,2024-04-17,CUST01002,USB Hub,Peripherals,16.5,2,UK,Credit Card,10
ORD006416,2024-02-27,CUST01017,Phone Stand,Accessories,15.82,2,USA,Debit Card,0
ORD005037,2024-06-27,CUST01005,Headphones,Audio,151.54,1,USA,Debit Card,10
ORD003665,2024-08-10,CUST01001,Mouse,Peripherals,18.12,1,Poland,Debit Card,0
ORD005689,2024-12-25,CUST01002,HDMI Cable,Cables,46.98,1,Netherlands,Credit Card,0
ORD001662,2024-11-16,CUST01001,Headphones,Audio,139.18,4,Canada,Credit Card,0
ORD000509,2024-12-26,CUST01004,Monitor,Displays,532.98,4,Germany,Bank Transfer,0
ORD000167,2024-09-09,CUST01009,Headphones,Audio,150.73,3,USA,Credit Card,0
ORD004169,2024-04-29,CUST01002,Webcam,Video,58.19,1,USA,Bank Transfer,0
ORD007773,2024-11-16,CUST01001,Phone Stand,Accessories,35.6,1,Poland,Bank Transfer,0
ORD001007,2024-03-06,CUST01068,Mouse,Peripherals,60.95,1,UK,Debit Card,0
ORD005609,2024-07-19,CUST01014,Monitor,Displays,466.36,4,USA,Debit Card,0
ORD003270,2024-10-15,CUST01011,Mouse,Peripherals,72.81,3,USA,Credit Card,0
ORD005420,2024-09-18,CUST01021,USB Hub,Peripherals,63.28,4,USA,Debit Card,5
ORD003495,2024-11-23,CUST01031,Webcam,Video,58.48,1,Canada,Debit Card,0
ORD004975,2024-07-19,CUST01001,Mouse,Peripherals,18.75,3,Netherlands,Bank Transfer,15
ORD000104,2024-10-21,CUST01002,Webcam,Video,81.74,3,Poland,PayPal,0
ORD003266,2024-10-26,CUST01003,Mouse,Peripherals,10.43,3,Poland,Unknown,5
ORD001112,2024-12-14,CUST01003,Mouse,Peripherals,27.74,3,France,Credit Card,0
ORD005518,2024-01-30,CUST01001,Phone Stand,Accessories,17.41,3,Poland,Credit Card,10
ORD002537,2024-01-29,CUST01005,USB Hub,Peripherals,31.5,2,Poland,Bank Transfer,10
ORD001105,2024-08-04,CUST01003,Desk Lamp,Accessories,55.65,4,USA,Unknown,15
ORD004953,2024-04-16,CUST01008,Webcam,Video,71.23,3,Canada,Debit Card,15
ORD001753,2024-02-05,CUST01126,Webcam,Video,96.34,1,Netherlands,Debit Card,0
ORD007167,2024-12-27,CUST01002,Laptop,Computers,1086.06,2,Netherlands,Bank Transfer,0
ORD006046,2024-06-28,CUST01047,Monitor,Displays,438.25,3,UK,PayPal,0
ORD005082,2024-01-20,CUST01599,Headphones,Audio,85.43,4,USA,Bank Transfer,5
ORD004103,2024-01-26,CUST01026,HDMI Cable,Cables,33.43,3,Germany,Unknown,0
ORD002917,2024-10-21,CUST01002,Phone Stand,Accessories,29.08,2,Poland,Bank Transfer,10
ORD006550,2024-12-14,CUST01001,Laptop,Computers,1081.64,1,UK,Debit Card,0
ORD001659,2024-02-12,CUST01006,Mouse,Peripherals,33.66,3,France,Bank Transfer,15
ORD000153,2024-08-19,CUST01001,Webcam,Video,81.7,1,Canada,Debit Card,0
ORD004415,2024-04-25,CUST01001,Webcam,Video,75.71,3,Netherlands,Credit Card,10
ORD002484,2024-05-21,CUST01002,USB Hub,Peripherals,9.32,4,UK,Credit Card,0
ORD001584,2024-02-08,CUST01001,Phone Stand,Accessories,24.35,1,Canada,Unknown,0
ORD006751,2024-04-12,CUST01002,HDMI Cable,Cables,57.26,3,USA,Credit Card,10
ORD002553,2024-01-19,CUST01043,HDMI Cable,Cables,38.31,3,Canada,PayPal,5
ORD007978,2024-06-14,CUST01001,USB Hub,Peripherals,-0.7,2,USA,Credit Card,0
ORD004526,2024-08-02,CUST01035,Keyboard,Peripherals,148.13,2,Poland,Unknown,0
ORD003552,2024-10-27,CUST01001,Laptop,Computers,1018.27,2,USA,Debit Card,5
ORD003723,2024-06-12,CUST01008,USB Hub,Peripherals,52.41,3,France,Unknown,5
ORD007772,2024-01-12,CUST01012,USB Hub,Peripherals,69.76,3,Netherlands,PayPal,15
ORD005902,2024-12-04,CUST01001,Keyboard,Peripherals,85.65,2,UK,PayPal,0
ORD004373,2024-07-28,CUST01001,Headphones,Audio,172.67,1,Netherlands,PayPal,15
ORD007010,2024-09-29,CUST01001,Webcam,Video,37.09,1,UK,Unknown,10
ORD002210,2024-02-11,CUST01033,Webcam,Video,30.93,2,Canada,Unknown,15
ORD004462,2024-12-27,CUST01001,Desk Lamp,Accessories,105.12,3,Canada,Bank Transfer,0
ORD007184,2024-03-05,CUST01122,USB Hub,Peripherals,5.79,2,France,Bank Transfer,5
ORD005240,2024-06-22,CUST01054,Laptop,Computers,1038.37,1,France,Credit Card,15
ORD002986,2024-11-11,CUST01001,Laptop,Computers,1050.77,1,Canada,Bank Transfer,10
ORD001823,2024-07-31,CUST01001,Webcam,Video,43.89,3,Canada,PayPal,5
ORD004013,2024-09-02,CUST01001,Keyboard,Peripherals,157.16,1,USA,PayPal,0
ORD006195,2024-02-03,CUST01001,Desk Lamp,Accessories,139.55,4,Netherlands,PayPal,10
ORD004605,2024-03-31,CUST01001,Desk Lamp,Accessories,71.21,2,Netherlands,PayPal,10
ORD004835,2024-03-06,CUST01001,USB Hub,Peripherals,42.46,4,Poland,PayPal,0
ORD005097,2024-05-13,CUST01001,Phone Stand,Accessories,11.15,4,Poland,Unknown,0
ORD000310,2024-04-01,CUST01001,Phone Stand,Accessories,7.01,2,USA,Unknown,0
ORD000213,2024-02-04,CUST01705,Mouse,Peripherals,87.91,1,Poland,Debit Card,0
ORD007594,2024-11-25,CUST01001,Desk Lamp,Accessories,46.56,4,Netherlands,PayPal,0
ORD006001,2024-10-20,CUST01003,USB Hub,Peripherals,9.07,1,France,Bank Transfer,5
ORD003600,2024-12-20,CUST01007,Webcam,Video,88.96,1,Canada,Credit Card,15
ORD003623,2024-06-16,CUST01002,Keyboard,Peripherals,171.67,3,Germany,Bank Transfer,0
ORD005545,2024-10-31,CUST01001,Webcam,Video,92.94,3,UK,Bank Transfer,0
ORD007397,2024-09-01,CUST01009,Monitor,Displays,532.02,2,USA,Credit Card,0
ORD003451,2024-04-10,CUST01007,Keyboard,Peripherals,73.48,3,Canada,Credit Card,0
ORD000496,2024-02-29,CUST01001,Mouse,Peripherals,99999.0,1,Germany,Credit Card,15
ORD006932,2024-11-12,CUST01002,Laptop,Computers,1072.97,3,France,PayPal,10
ORD003257,2024-06-22,CUST01324,HDMI Cable,Cables,-33.17,4,France,Unknown,0
ORD000206,2024-03-27,CUST01001,Headphones,Audio,110.69,1,Canada,Unknown,0
ORD001435,2024-11-12,CUST01492,USB Hub,Peripherals,45.54,1,Netherlands,Debit Card,0
ORD001136,2024-11-16,CUST01002,Mouse,Peripherals,40.12,3,Netherlands,PayPal,5
ORD002585,2024-02-22,CUST01001,Webcam,Video,52.16,1,Netherlands,Credit Card,0
ORD000869,2024-01-10,CUST01001,HDMI Cable,Cables,22.06,3,Germany,Unknown,0
ORD002750,2024-01-23,CUST01034,Desk Lamp,Accessories,46.87,2,France,Debit Card,0
ORD003614,2024-11-15,CUST01133,Laptop,Computers,1053.65,1,UK,Bank Transfer,5
ORD000306,2024-09-11,CUST01002,HDMI Cable,Cables,43.72,2,Netherlands,PayPal,5
ORD001850,2024-09-22,CUST01001,Mouse,Peripherals,62.13,4,Poland,Debit Card,0
ORD004254,2024-05-21,CUST01005,Desk Lamp,Accessories,67.75,3,Netherlands,Unknown,5
ORD006481,2024-08-08,CUST01021,HDMI Cable,Cables,-25.19,2,Netherlands,Credit Card,0
ORD001989,2024-01-21,CUST01001,Laptop,Computers,1032.91,1,Canada,Bank Transfer,0
ORD003241,2024-07-13,CUST01235,Webcam,Video,88.22,3,Germany,Unknown,0
ORD002799,2024-06-23,CUST01001,Webcam,Video,64.64,3,UK,Credit Card,10
ORD004555,2024-03-25,CUST01001,Monitor,Displays,512.38,2,Poland,Unknown,0
ORD001535,2024-12-17,CUST01024,Monitor,Displays,442.22,4,Netherlands,Bank Transfer,10
ORD003110,2024-03-19,CUST01055,Mouse,Peripherals,41.58,4,UK,Unknown,5
ORD000844,2024-11-23,CUST01003,Webcam,Video,56.83,1,Poland,Unknown,0
ORD001988,2024-01-26,CUST01002,Webcam,Video,93.14,2,Germany,Bank Transfer,0
ORD005528,2024-11-16,CUST01051,Laptop,Computers,1077.63,2,France,Debit Card,15
ORD005401,2024-09-08,CUST01172,Phone Stand,Accessories,-100.0,1,USA,Credit Card,0
ORD001715,2024-09-09,CUST01024,Desk Lamp,Accessories,129.1,1,France,Debit Card,0
ORD000384,2024-10-10,CUST01001,Phone Stand,Accessories,37.16,3,UK,Debit Card,0
ORD001539,2024-01-16,CUST01008,HDMI Cable,Cables,33.45,2,Canada,Debit Card,10
ORD000212,2024-07-26,CUST01001,Headphones,Audio,95.28,4,UK,Unknown,0
ORD003389,2024-03-31,CUST01033,Mouse,Peripherals,18.31,4,Germany,Bank Transfer,0
ORD006442,2024-12-29,CUST01896,Desk Lamp,Accessories,80.23,3,Canada,PayPal,0
ORD001958,2024-05-12,CUST01001,Webcam,Video,89.01,3,Germany,Unknown,5
ORD005261,2024-03-11,CUST01001,Mouse,Peripherals,68.5,1,France,Credit Card,0
ORD002439,2024-01-22,CUST01096,Phone Stand,Accessories,33.06,2,UK,Debit Card,0
ORD002728,2024-07-17,CUST01026,Webcam,Video,96.42,2,Canada,Bank Transfer,0
ORD007324,2024-07-08,CUST01005,Webcam,Video,32.58,1,USA,Debit Card,5
ORD006114,2024-12-30,CUST01001,Desk Lamp,Accessories,55.05,1,Germany,Bank Transfer,0
ORD001350,2024-08-04,CUST01002,Monitor,Displays,463.14,1,Poland,Bank Transfer,0
ORD005041,2024-03-13,CUST01022,Mouse,Peripherals,25.23,4,Netherlands,Unknown,0
ORD003883,2024-09-04,CUST01254,Mouse,Peripherals,104.99,4,Poland,Debit Card,0
ORD003581,2024-12-13,CUST01054,Webcam,Video,113.02,4,Canada,PayPal,0
ORD006146,2024-01-12,CUST01001,Desk Lamp,Accessories,99.07,4,Poland,Credit Card,15
ORD000681,2024-04-28,CUST01002,HDMI Cable,Cables,43.67,1,Canada,Credit Card,15
ORD000181,2024-02-03,CUST01002,Phone Stand,Accessories,-8.49,2,Poland,Debit Card,5
ORD007633,2024-06-08,CUST01408,Laptop,Computers,1048.81,2,Canada,Credit Card,10
ORD007068,2024-08-20,CUST01002,Monitor,Displays,459.06,1,Germany,Unknown,0
ORD007412,2024-09-08,CUST01005,Headphones,Audio,181.12,2,UK,Bank Transfer,5
ORD004814,2024-05-23,CUST01001,Webcam,Video,53.6,1,Canada,Bank Transfer,0
ORD000279,2024-04-14,CUST01013,Keyboard,Peripherals,89.16,1,Germany,Credit Card,15
ORD006995,2024-05-07,CUST01001,USB Hub,Peripherals,-0.11,2,Poland,Debit Card,10
ORD003320,2024-09-01,CUST01030,Mouse,Peripherals,55.0,4,UK,Bank Transfer,0
ORD003253,2024-06-02,CUST01001,HDMI Cable,Cables,-11.4,1,France,PayPal,0
ORD002519,2024-01-04,CUST01003,Phone Stand,Accessories,66.9,3,France,Debit Card,0
ORD002481,2024-04-14,CUST01012,Webcam,Video,39.55,3,USA,Debit Card,0
ORD000290,2024-02-01,CUST01001,Keyboard,Peripherals,80.96,1,UK,Bank Transfer,5
ORD003076,2024-09-05,CUST01001,Mouse,Peripherals,102.56,1,USA,Unknown,10
ORD005005,2024-03-12,CUST01008,USB Hub,Peripherals,60.8,3,Netherlands,Debit Card,5
ORD004229,2024-09-13,CUST01016,Mouse,Peripherals,99.08,2,Germany,Unknown,0
ORD006432,2024-01-08,CUST01019,Keyboard,Peripherals,81.98,2,Poland,PayPal,5
ORD000994,2024-09-24,CUST01001,Desk Lamp,Accessories,98.1,1,Germany,PayPal,5
ORD003236,2024-03-03,CUST01003,Keyboard,Peripherals,79.82,3,France,PayPal,15
ORD002237,2024-01-24,CUST01007,Laptop,Computers,1085.71,3,UK,Unknown,0
ORD007487,2024-01-27,CUST01003,USB Hub,Peripherals,43.46,2,Netherlands,Debit Card,15
ORD000040,2024-03-08,CUST01003,Desk Lamp,Accessories,115.07,2,UK,PayPal,10
ORD007585,2024-02-12,CUST01002,Desk Lamp,Accessories,118.23,4,USA,Bank Transfer,5
ORD005433,2024-02-18,CUST01002,Keyboard,Peripherals,142.59,1,France,Bank Transfer,5
ORD005677,2024-07-01,CUST01002,Laptop,Computers,1107.74,3,Netherlands,PayPal,15
ORD002755,2024-02-19,CUST01017,Headphones,Audio,95.09,1,Poland,Credit Card,10
ORD007873,2024-07-19,CUST01001,Keyboard,Peripherals,79.52,1,UK,Credit Card,5
ORD003980,2024-11-13,CUST01001,USB Hub,Peripherals,-9.32,1,Germany,Credit Card,0
ORD000271,2024-11-20,CUST01001,Desk Lamp,Accessories,80.39,1,UK,Debit Card,0
ORD003904,2024-12-23,CUST01464,Headphones,Audio,93.18,1,USA,Bank Transfer,0
ORD002884,2024-08-26,CUST01004,Monitor,Displays,455.22,3,Germany,Bank Transfer,0
ORD006558,2024-07-23,CUST01001,Laptop,Computers,1049.44,2,France,Credit Card,15
ORD005181,2024-05-01,CUST01001,Mouse,Peripherals,6.63,2,Poland,PayPal,15
ORD007043,2024-12-05,CUST01029,Headphones,Audio,170.18,1,UK,Credit Card,0
ORD005782,2024-08-29,CUST01019,Monitor,Displays,481.6,3,France,PayPal,0
ORD004076,2024-01-22,CUST01001,USB Hub,Peripherals,9.52,2,USA,Credit Card,10
ORD006958,2024-05-12,CUST01052,Phone Stand,Accessories,69.72,3,Netherlands,Debit Card,0
ORD000112,2024-11-23,CUST01003,HDMI Cable,Cables,0.0,4,Germany,PayPal,0
ORD003219,2024-02-08,CUST01009,Phone Stand,Accessories,30.98,3,UK,Unknown,0
ORD001392,2024-03-02,CUST01007,Webcam,Video,121.94,4,Poland,PayPal,0
ORD002601,2024-11-02,CUST01001,Keyboard,Peripherals,113.78,1,France,PayPal,15
ORD000221,2024-10-17,CUST01002,Phone Stand,Accessories,12.55,4,Canada,Bank Transfer,15
ORD006628,2024-08-02,CUST01460,Phone Stand,Accessories,3.6,2,France,Bank Transfer,0
ORD004843,2024-10-09,CUST01008,USB Hub,Peripherals,59.22,2,Netherlands,Bank Transfer,5
ORD003986,2024-06-10,CUST01946,USB Hub,Peripherals,8.81,1,Poland,Credit Card,5
ORD004904,2024-03-12,CUST01011,Desk Lamp,Accessories,116.95,1,USA,Debit Card,15
ORD000084,2024-07-23,CUST01011,USB Hub,Peripherals,22.29,3,France,Bank Transfer,10
ORD000874,2024-02-07,CUST01002,USB Hub,Peripherals,33.03,4,Germany,Credit Card,0
ORD007433,2024-02-18,CUST01004,Phone Stand,Accessories,18.03,1,France,Credit Card,0
ORD007990,2024-02-08,CUST01001,Laptop,Computers,1059.41,1,UK,Bank Transfer,0
ORD000462,2024-12-20,CUST01002,Monitor,Displays,524.34,1,Canada,Unknown,0
ORD007229,2024-08-29,CUST01373,Keyboard,Peripherals,129.87,4,Canada,Bank Transfer,0
ORD004123,2024-08-29,CUST01009,USB Hub,Peripherals,58.57,3,Canada,Credit Card,0
ORD000552,2024-03-18,CUST01400,Desk Lamp,Accessories,119.96,3,Netherlands,Debit Card,0
ORD006684,2024-10-20,CUST01001,HDMI Cable,Cables,51.62,2,USA,Debit Card,15
ORD002375,2024-04-26,CUST01001,USB Hub,Peripherals,71.57,1,Canada,Bank Transfer,0
ORD006746,2024-06-13,CUST01001,Phone Stand,Accessories,-3.54,2,Netherlands,Bank Transfer,0
ORD007720,2024-07-16,CUST01004,USB Hub,Peripherals,-22.72,1,UK,Credit Card,10
ORD002247,2024-07-07,CUST01001,Desk Lamp,Accessories,57.28,2,UK,PayPal,10
ORD007551,2024-09-25,CUST01001,Webcam,Video,115.36,4,Germany,Credit Card,10
ORD002451,2024-12-28,CUST01028,Phone Stand,Accessories,73.43,1,Germany,Credit Card,15
ORD002330,2024-06-01,CUST01001,Headphones,Audio,120.89,1,USA,PayPal,5
ORD007233,2024-02-13,CUST01001,Phone Stand,Accessories,70.35,1,Poland,Credit Card,5
ORD002147,2024-02-21,CUST01001,Monitor,Displays,487.18,1,Poland,Bank Transfer,15
ORD004657,2024-02-08,CUST01001,Mouse,Peripherals,9.38,3,Canada,Bank Transfer,10
ORD007877,2024-03-17,CUST01375,Monitor,Displays,502.39,1,Poland,Unknown,0
ORD007083,2024-09-08,CUST01012,HDMI Cable,Cables,-26.55,2,UK,Credit Card,15
ORD000651,2024-05-09,CUST01001,Phone Stand,Accessories,43.51,3,UK,Debit Card,0
ORD007542,2024-05-29,CUST01004,Laptop,Computers,1036.29,2,Poland,Unknown,15
ORD000709,2024-02-15,CUST01002,Keyboard,Peripherals,124.68,4,Netherlands,Credit Card,0
ORD006860,2024-12-15,CUST01002,Laptop,Computers,1086.5,4,USA,Debit Card,0
ORD007705,2024-01-27,CUST01003,Phone Stand,Accessories,-15.17,1,Netherlands,Credit Card,10
ORD004383,2024-08-23,CUST01001,Webcam,Video,96.61,1,Germany,PayPal,0
ORD004202,2024-08-01,CUST01001,Webcam,Video,106.64,1,France,Debit Card,0
ORD003064,2024-04-08,CUST01011,USB Hub,Peripherals,-100.0,3,France,Credit Card,10
ORD006238,2024-10-18,CUST01002,Desk Lamp,Accessories,74.76,2,USA,PayPal,0
ORD003350,2024-08-28,CUST01001,Laptop,Computers,1032.44,3,France,PayPal,15
ORD001425,2024-02-20,CUST01004,Keyboard,Peripherals,147.79,1,Poland,Credit Card,0
ORD001217,2024-05-25,CUST01001,Webcam,Video,102.66,1,France,PayPal,0
ORD006132,2024-05-12,CUST01002,Headphones,Audio,150.13,4,Poland,Unknown,15
ORD001925,2024-09-03,CUST01012,USB Hub,Peripherals,-18.07,4,USA,Unknown,15
ORD000105,2024-08-19,CUST01157,USB Hub,Peripherals,1.57,4,Germany,Unknown,0
ORD001065,2024-12-26,CUST01001,Phone Stand,Accessories,72.93,2,France,Debit Card,0
ORD003787,2024-07-13,CUST01003,Laptop,Computers,0.0,2,UK,PayPal,10
ORD000315,2024-12-14,CUST01002,Laptop,Computers,1025.95,2,UK,Unknown,15
ORD001290,2024-09-14,CUST01003,Monitor,Displays,475.87,4,USA,Debit Card,0
ORD007077,2024-08-26,CUST01018,Laptop,Computers,1060.28,4,Canada,Debit Card,0
ORD001428,2024-09-14,CUST01023,USB Hub,Peripherals,24.88,4,UK,Debit Card,0
ORD007449,2024-03-23,CUST01001,Headphones,Audio,159.03,1,Germany,Credit Card,0
ORD006319,2024-06-19,CUST01012,Laptop,Computers,1093.88,1,Netherlands,PayPal,0
ORD003130,2024-01-25,CUST01002,USB Hub,Peripherals,23.98,3,Netherlands,Unknown,10
ORD004620,2024-07-05,CUST01003,Headphones,Audio,138.68,1,Germany,Unknown,0
ORD006495,2024-01-31,CUST01070,HDMI Cable,Cables,-13.43,3,Poland,PayPal,0
ORD003009,2024-01-25,CUST01002,USB Hub,Peripherals,-10.01,1,Netherlands,Debit Card,0
ORD007929,2024-05-11,CUST01003,Phone Stand,Accessories,-4.18,4,France,Bank Transfer,0
ORD001106,2024-07-30,CUST01001,Phone Stand,Accessories,-7.09,1,UK,Bank Transfer,0
ORD005702,2024-12-19,CUST01001,HDMI Cable,Cables,-5.29,2,Canada,Unknown,0
ORD005915,2024-03-30,CUST01003,Laptop,Computers,1040.04,4,Canada,Credit Card,0
ORD004948,2024-08-19,CUST01002,Headphones,Audio,92.64,2,Canada,Unknown,0
ORD005121,2024-07-23,CUST01001,Phone Stand,Accessories,21.57,2,Canada,PayPal,0
ORD004360,2024-03-08,CUST01002,USB Hub,Peripherals,11.05,4,UK,Bank Transfer,10
ORD000685,2024-02-11,CUST01001,Mouse,Peripherals,71.13,4,UK,Credit Card,0
ORD005888,2024-05-02,CUST01001,Keyboard,Peripherals,122.04,3,Netherlands,PayPal,10
ORD005175,2024-10-01,CUST01004,Desk Lamp,Accessories,129.63,1,Netherlands,Debit Card,5
ORD002766,2024-06-06,CUST01001,Keyboard,Peripherals,167.64,3,Poland,Debit Card,15
ORD006703,2024-09-15,CUST01001,USB Hub,Peripherals,-9.96,3,France,Credit Card,0
ORD006188,2024-11-03,CUST01001,Keyboard,Peripherals,111.71,3,France,Credit Card,0
ORD007464,2024-07-06,CUST01180,USB Hub,Peripherals,-27.48,3,UK,Bank Transfer,0
ORD003683,2024-10-09,CUST01001,Desk Lamp,Accessories,91.75,2,USA,Debit Card,0
ORD007351,2024-09-14,CUST01004,Keyboard,Peripherals,105.09,4,Poland,Unknown,15
ORD006966,2024-06-08,CUST01186,HDMI Cable,Cables,-0.24,4,Poland,PayPal,0
ORD006254,2024-12-21,CUST01012,Laptop,Computers,1065.09,3,Canada,Bank Transfer,10
ORD002452,2024-11-17,CUST01001,Desk Lamp,Accessories,117.95,2,Canada,Debit Card,15
ORD004120,2024-01-01,CUST01924,Mouse,Peripherals,82.95,1,Canada,Debit Card,5
ORD004348,2024-08-16,CUST01008,USB Hub,Peripherals,-13.84,3,Poland,PayPal,15
ORD003825,2024-06-16,CUST01028,Desk Lamp,Accessories,0.0,4,Germany,Unknown,5
ORD000327,2024-11-08,CUST01005,Laptop,Computers,1101.62,2,UK,Bank Transfer,0
ORD002653,2024-03-19,CUST01012,Phone Stand,Accessories,45.41,1,Germany,Credit Card,5
ORD006711,2024-10-08,CUST01009,Webcam,Video,109.71,2,Poland,Debit Card,0
ORD007763,2024-03-31,CUST01012,USB Hub,Peripherals,29.36,1,UK,Bank Transfer,0
ORD002177,2024-11-13,CUST01004,Laptop,Computers,1030.81,1,Netherlands,Unknown,0
ORD004419,2024-03-06,CUST01001,USB Hub,Peripherals,-24.07,1,USA,PayPal,0
ORD007573,2024-01-01,CUST01001,Headphones,Audio,147.27,3,Netherlands,PayPal,5
ORD006946,2024-05-11,CUST01039,Headphones,Audio,118.33,3,Netherlands,Bank Transfer,0
ORD003319,2024-02-21,CUST01002,Laptop,Computers,1068.67,4,Poland,Bank Transfer,5
ORD005548,2024-09-25,CUST01003,HDMI Cable,Cables,38.02,1,Poland,Credit Card,0
ORD006333,2024-08-25,CUST01001,Headphones,Audio,161.96,3,Germany,Debit Card,5
ORD004311,2024-07-30,CUST01093,HDMI Cable,Cables,52.5,1,Canada,Unknown,0
ORD002788,2024-08-15,CUST01001,Phone Stand,Accessories,46.08,1,Canada,Debit Card,15
ORD005477,2024-03-23,CUST01001,Mouse,Peripherals,42.18,4,Germany,Debit Card,0
ORD007049,2024-11-24,CUST01002,Monitor,Displays,481.78,1,Germany,Unknown,15
ORD001677,2024-12-02,CUST01001,Laptop,Computers,1029.43,4,France,Bank Transfer,0
ORD003948,2024-06-02,CUST01001,Monitor,Displays,469.19,1,USA,PayPal,15
ORD007273,2024-02-21,CUST01001,HDMI Cable,Cables,38.85,3,USA,Unknown,0
ORD000349,2024-12-09,CUST01008,Laptop,Computers,1064.84,1,Germany,Credit Card,10
ORD005867,2024-11-12,CUST01001,Headphones,Audio,100.25,1,Poland,Debit Card,10
ORD003227,2024-03-21,CUST01004,Monitor,Displays,450.67,1,Germany,Unknown,5
ORD004402,2024-01-02,CUST01003,Laptop,Computers,1025.8,3,Canada,Bank Transfer,0
ORD005114,2024-06-26,CUST01036,Headphones,Audio,150.9,1,Canada,Credit Card,10
ORD001627,2024-05-25,CUST01003,Monitor,Displays,447.8,1,Poland,Bank Transfer,15
ORD004900,2024-07-18,CUST01001,Desk Lamp,Accessories,126.66,1,France,Debit Card,0
ORD002504,2024-07-05,CUST01004,USB Hub,Peripherals,-26.29,3,UK,PayPal,0
ORD005800,2024-05-31,CUST01001,HDMI Cable,Cables,30.44,3,Germany,Debit Card,15
ORD002370,2024-10-18,CUST01001,Monitor,Displays,482.57,2,Canada,Credit Card,0
ORD000872,2024-09-02,CUST01001,Laptop,Computers,1069.73,4,Canada,Bank Transfer,0
ORD004718,2024-11-04,CUST01006,Webcam,Video,86.36,1,Netherlands,Unknown,0
ORD002218,2024-08-06,CUST01001,Phone Stand,Accessories,-0.98,1,France,Bank Transfer,0
ORD004199,2024-02-01,CUST01001,Laptop,Computers,1111.25,4,USA,Unknown,10
ORD002219,2024-04-18,CUST01229,Keyboard,Peripherals,101.81,2,USA,PayPal,10
ORD003327,2024-11-27,CUST01002,Phone Stand,Accessories,47.39,4,Poland,Unknown,0
ORD005332,2024-12-12,CUST01001,HDMI Cable,Cables,-7.6,2,France,Bank Transfer,0
ORD003584,2024-07-30,CUST01002,Mouse,Peripherals,61.94,2,Poland,PayPal,15
ORD006297,2024-05-17,CUST01004,Webcam,Video,115.72,2,Netherlands,PayPal,0
ORD007315,2024-01-25,CUST01026,Keyboard,Peripherals,149.17,1,Canada,Bank Transfer,10
ORD002122,2024-01-05,CUST01001,Desk Lamp,Accessories,84.61,1,UK,Unknown,0
ORD005073,2024-11-01,CUST01009,Webcam,Video,29.75,2,Poland,Credit Card,0
ORD000137,2024-08-10,CUST01002,Webcam,Video,45.99,1,France,PayPal,0
ORD007645,2024-10-01,CUST01015,Mouse,Peripherals,70.1,2,UK,Bank Transfer,15
ORD000086,2024-06-29,CUST01002,HDMI Cable,Cables,-8.0,3,UK,Debit Card,0
ORD004607,2024-10-22,CUST01001,Laptop,Computers,1057.4,1,USA,Bank Transfer,0
ORD001878,2024-03-31,CUST01002,Headphones,Audio,106.64,2,Germany,Unknown,0
ORD002802,2024-08-21,CUST01001,Monitor,Displays,534.02,4,USA,Credit Card,0
ORD003672,2024-02-15,CUST01824,Monitor,Displays,456.41,4,Germany,Credit Card,5
ORD004092,2024-06-04,CUST01004,Keyboard,Peripherals,131.47,2,France,Unknown,0
ORD006337,2024-04-09,CUST01001,USB Hub,Peripherals,-6.63,1,UK,Credit Card,15
ORD002641,2024-03-17,CUST01001,Webcam,Video,45.11,1,France,Unknown,0
ORD006871,2024-10-07,CUST01134,Desk Lamp,Accessories,49.59,3,France,PayPal,0
ORD007345,2024-03-02,CUST01001,Keyboard,Peripherals,85.45,2,Germany,PayPal,0
ORD002881,2024-05-01,CUST01006,Laptop,Computers,1088.33,3,Canada,Credit Card,5
ORD005314,2024-12-30,CUST01001,Phone Stand,Accessories,48.14,1,France,Bank Transfer,0
ORD000495,2024-09-06,CUST01048,Laptop,Computers,1039.68,2,Germany,Bank Transfer,10
ORD002020,2024-08-26,CUST01035,Keyboard,Peripherals,92.66,4,UK,Credit Card,0
ORD007818,2024-05-02,CUST01011,Webcam,Video,68.59,2,Poland,Debit Card,0
ORD002526,2024-10-31,CUST01023,Mouse,Peripherals,14.08,1,UK,PayPal,10
ORD004825,2024-07-18,CUST01001,Desk Lamp,Accessories,73.45,4,Germany,Credit Card,10
ORD004113,2024-09-11,CUST01005,Mouse,Peripherals,54.06,2,UK,Credit Card,0
ORD006209,2024-05-16,CUST01001,Keyboard,Peripherals,128.13,2,Germany,Unknown,0
ORD005922,2024-04-30,CUST01001,Laptop,Computers,1068.9,2,Germany,Debit Card,15
ORD001271,2024-08-13,CUST01011,HDMI Cable,Cables,29.74,2,Netherlands,Credit Card,0
ORD004472,2024-06-21,CUST01001,Phone Stand,Accessories,-14.95,4,Poland,Bank Transfer,15
ORD004542,2024-01-08,CUST01001,Webcam,Video,31.76,2,Canada,Bank Transfer,0
ORD002896,2024-01-20,CUST01001,Monitor,Displays,510.77,2,Canada,Debit Card,0
ORD007976,2024-10-12,CUST01030,Monitor,Displays,527.01,2,France,Bank Transfer,0
ORD006633,2024-06-29,CUST01001,Keyboard,Peripherals,118.16,3,UK,Unknown,15
ORD000619,2024-01-14,CUST01001,Headphones,Audio,147.72,2,USA,PayPal,5
ORD006869,2024-10-07,CUST01010,Mouse,Peripherals,102.1,3,USA,Bank Transfer,0
ORD003426,2024-05-22,CUST01001,Headphones,Audio,110.44,1,France,Unknown,0
ORD004450,2024-07-19,CUST01002,USB Hub,Peripherals,-17.53,3,Germany,Unknown,5
ORD004587,2024-09-29,CUST01001,Keyboard,Peripherals,128.63,1,Canada,Credit Card,0
ORD005917,2024-10-10,CUST01044,Monitor,Displays,455.59,1,USA,Bank Transfer,0
ORD006539,2024-02-22,CUST01003,Mouse,Peripherals,60.98,4,Poland,Credit Card,0
ORD004054,2024-04-02,CUST01001,Keyboard,Peripherals,109.64,2,UK,Credit Card,0
ORD007560,2024-01-14,CUST01003,Headphones,Audio,171.54,1,Germany,Credit Card,0
ORD001414,2024-02-24,CUST01094,Desk Lamp,Accessories,55.92,2,Netherlands,Debit Card,15
ORD002202,2024-10-20,CUST01011,Webcam,Video,56.31,2,USA,Unknown,5
ORD002002,2024-01-23,CUST01725,HDMI Cable,Cables,59.72,1,France,Debit Card,0
ORD007662,2024-07-23,CUST01001,Laptop,Computers,1097.05,1,Netherlands,Credit Card,15
ORD000870,2024-03-22,CUST01001,Laptop,Computers,1048.63,1,Canada,Credit Card,0
ORD002359,2024-05-05,CUST01055,Headphones,Audio,118.4,2,USA,PayPal,0
ORD002007,2024-05-06,CUST01002,Webcam,Video,41.85,4,USA,PayPal,0
ORD003091,2024-02-03,CUST01016,Mouse,Peripherals,95.98,2,Germany,PayPal,0
ORD002322,2024-01-22,CUST01001,USB Hub,Peripherals,27.23,2,Germany,Credit Card,0
ORD005574,2024-09-13,CUST01001,Headphones,Audio,162.6,1,USA,PayPal,5
ORD000357,2024-12-16,CUST01002,USB Hub,Peripherals,-21.29,3,UK,Bank Transfer,10
ORD001163,2024-08-18,CUST01001,Mouse,Peripherals,82.94,4,Netherlands,Unknown,0
ORD006105,2024-04-08,CUST01001,Phone Stand,Accessories,75.2,2,Germany,PayPal,10
ORD003065,2024-08-06,CUST01001,USB Hub,Peripherals,-15.0,3,Germany,PayPal,5
ORD006122,2024-10-03,CUST01002,Webcam,Video,89.81,1,USA,Unknown,0
ORD003162,2024-04-04,CUST01003,USB Hub,Peripherals,-11.45,3,Poland,Debit Card,0
ORD003771,2024-05-25,CUST01028,Monitor,Displays,435.72,4,UK,Credit Card,0
ORD005056,2024-01-14,CUST01040,Webcam,Video,110.49,2,Netherlands,PayPal,0
ORD005959,2024-12-07,CUST01002,Desk Lamp,Accessories,90.51,4,France,Debit Card,15
ORD002608,2024-04-08,CUST01001,Desk Lamp,Accessories,77.28,2,Germany,Unknown,15
ORD007907,2024-09-05,CUST01648,Phone Stand,Accessories,67.16,3,France,Unknown,10
ORD001891,2024-07-21,CUST01001,Webcam,Video,33.75,2,France,Credit Card,0
ORD000580,2024-02-25,CUST01001,Keyboard,Peripherals,98.07,1,Poland,Credit Card,0
ORD002320,2024-01-19,CUST01001,Phone Stand,Accessories,-17.64,2,Canada,PayPal,10
ORD004340,2024-08-18,CUST01001,HDMI Cable,Cables,64.31,3,Netherlands,Unknown,0
ORD006829,2024-02-28,CUST01001,Mouse,Peripherals,15.32,2,France,Unknown,0
ORD003564,2024-12-27,CUST01001,HDMI Cable,Cables,-27.08,2,UK,Debit Card,5
ORD001692,2024-06-06,CUST01106,Headphones,Audio,127.36,1,France,Unknown,0
ORD000863,2024-08-23,CUST01003,HDMI Cable,Cables,19.32,1,Netherlands,Bank Transfer,0
ORD005448,2024-05-22,CUST01001,Headphones,Audio,157.47,2,Canada,Unknown,0
ORD004959,2024-12-15,CUST01001,Phone Stand,Accessories,-9.76,1,Poland,Credit Card,5
ORD002381,2024-05-16,CUST01006,Desk Lamp,Accessories,113.9,1,Poland,PayPal,0
ORD002379,2024-09-14,CUST01350,Phone Stand,Accessories,2.02,1,Poland,Bank Transfer,0
ORD006963,2024-01-23,CUST01025,Desk Lamp,Accessories,109.08,3,USA,Debit Card,0
ORD003793,2024-10-25,CUST01115,Desk Lamp,Accessories,64.07,1,USA,Bank Transfer,10
ORD007515,2024-05-09,CUST01005,HDMI Cable,Cables,-9.22,1,Netherlands,Credit Card,10
ORD005674,2024-03-18,CUST01001,HDMI Cable,Cables,-21.9,3,France,Bank Transfer,0
ORD003307,2024-06-25,CUST01002,Phone Stand,Accessories,53.48,4,Canada,Unknown,0
ORD006221,2024-07-30,CUST01203,Monitor,Displays,470.56,3,Netherlands,PayPal,5
ORD003500,2024-01-23,CUST01020,Laptop,Computers,1038.09,2,Canada,Debit Card,10
ORD004405,2024-05-29,CUST01001,Laptop,Computers,1052.79,3,USA,Debit Card,15
ORD001542,2024-08-07,CUST01035,Laptop,Computers,1079.01,1,France,PayPal,15
ORD004558,2024-03-21,CUST01001,Webcam,Video,55.08,2,USA,PayPal,0
ORD006183,2024-10-12,CUST01001,Keyboard,Peripherals,123.43,3,Germany,Debit Card,15
ORD007381,2024-08-25,CUST01017,HDMI Cable,Cables,59.76,1,France,Debit Card,0
ORD006247,2024-08-14,CUST01020,Webcam,Video,40.69,2,UK,Credit Card,10
ORD005375,2024-08-24,CUST01001,Laptop,Computers,1027.25,3,Netherlands,Debit Card,10
ORD005431,2024-06-17,CUST01017,Headphones,Audio,113.57,3,Netherlands,Debit Card,0
ORD006409,2024-10-05,CUST01001,Headphones,Audio,97.02,2,Netherlands,Bank Transfer,0
ORD003662,2024-01-19,CUST01018,Laptop,Computers,1065.87,1,UK,Bank Transfer,15
ORD004214,2024-10-22,CUST01001,Keyboard,Peripherals,162.99,1,France,Bank Transfer,5
ORD005380,2024-11-11,CUST01001,Headphones,Audio,164.6,2,UK,PayPal,0
ORD005243,2024-09-11,CUST01001,Keyboard,Peripherals,80.34,4,France,Bank Transfer,5
ORD007856,2024-12-21,CUST01513,Headphones,Audio,-100.0,3,UK,Bank Transfer,0
ORD003366,2024-10-10,CUST01024,Monitor,Displays,480.87,4,Poland,Bank Transfer,0
ORD005817,2024-08-20,CUST01001,Monitor,Displays,450.72,2,USA,Debit Card,15
ORD007094,2024-08-11,CUST01001,Mouse,Peripherals,54.61,3,France,PayPal,0
ORD004514,2024-08-05,CUST01001,Keyboard,Peripherals,79.61,3,Canada,Debit Card,0
ORD007117,2024-01-26,CUST01004,Monitor,Displays,511.86,3,Canada,Credit Card,15
ORD007916,2024-04-05,CUST01135,USB Hub,Peripherals,20.06,1,Netherlands,PayPal,0
ORD007125,2024-06-26,CUST01002,USB Hub,Peripherals,62.35,1,France,Credit Card,0
ORD007889,2024-04-04,CUST01001,USB Hub,Peripherals,28.28,1,Canada,Debit Card,0
ORD003810,2024-06-23,CUST01001,Desk Lamp,Accessories,58.18,2,Netherlands,Debit Card,0
ORD004375,2024-11-16,CUST01005,Webcam,Video,29.55,3,Germany,Credit Card,0
ORD007697,2024-07-21,CUST01002,Monitor,Displays,435.76,1,Germany,PayPal,10
ORD006910,2024-05-30,CUST01004,HDMI Cable,Cables,61.14,1,France,Debit Card,0
ORD007642,2024-02-23,CUST01001,Mouse,Peripherals,38.17,3,France,Bank Transfer,0
ORD004272,2024-09-25,CUST01001,Mouse,Peripherals,90.32,3,Netherlands,Unknown,0
ORD004739,2024-05-23,CUST01094,Phone Stand,Accessories,27.77,1,Canada,Debit Card,5
ORD007242,2024-11-29,CUST01030,Keyboard,Peripherals,148.88,4,Germany,Bank Transfer,0
ORD005346,2024-05-28,CUST01005,Mouse,Peripherals,29.67,2,Poland,Credit Card,5
ORD007688,2024-09-08,CUST01001,Keyboard,Peripherals,102.95,1,UK,Credit Card,5
ORD003668,2024-05-18,CUST01004,HDMI Cable,Cables,-10.96,2,France,Debit Card,0
ORD002053,2024-10-21,CUST01002,Phone Stand,Accessories,39.41,4,Netherlands,Debit Card,0
ORD004268,2024-05-03,CUST01001,Mouse,Peripherals,78.78,4,Germany,PayPal,0
ORD001777,2024-08-20,CUST01003,Desk Lamp,Accessories,95.35,2,Netherlands,Unknown,0
ORD004332,2024-01-18,CUST01002,Headphones,Audio,87.25,3,USA,Unknown,15
ORD003314,2024-08-01,CUST01029,Webcam,Video,24.77,2,Germany,PayPal,0
ORD007224,2024-07-17,CUST01001,HDMI Cable,Cables,-21.84,1,Germany,Unknown,0
ORD004484,2024-10-17,CUST01003,Headphones,Audio,89.08,4,Poland,Bank Transfer,15
ORD001593,2024-03-23,CUST01002,Headphones,Audio,87.47,2,UK,PayPal,0
ORD001724,2024-06-04,CUST01002,Webcam,Video,28.75,3,Netherlands,Unknown,5
ORD006285,2024-11-12,CUST01001,Webcam,Video,91.78,4,Netherlands,Credit Card,0
ORD004181,2024-10-02,CUST01010,USB Hub,Peripherals,2.38,3,Canada,Credit Card,0
ORD005471,2024-10-23,CUST01029,Mouse,Peripherals,49.05,3,Germany,Credit Card,0
ORD000491,2024-09-11,CUST01001,Monitor,Displays,444.98,2,Canada,Credit Card,0
ORD007325,2024-05-08,CUST01007,Keyboard,Peripherals,78.5,3,Poland,Unknown,5
ORD003484,2024-11-18,CUST01007,Laptop,Computers,1095.63,3,France,Debit Card,10
ORD003432,2024-07-11,CUST01020,Mouse,Peripherals,35.75,3,France,Unknown,0
ORD006418,2024-10-06,CUST01001,Monitor,Displays,520.38,4,Poland,Unknown,10
ORD005076,2024-07-03,CUST01001,Desk Lamp,Accessories,53.36,1,Canada,Bank Transfer,0
ORD000026,2024-10-22,CUST01001,Headphones,Audio,124.73,1,UK,Bank Transfer,0
ORD007141,2024-10-08,CUST01024,HDMI Cable,Cables,-1.22,3,UK,Unknown,15
ORD002410,2024-05-21,CUST01260,Desk Lamp,Accessories,40.66,2,Germany,Unknown,0
ORD003271,2024-06-13,CUST01001,Keyboard,Peripherals,133.87,3,Poland,Unknown,5
ORD001553,2024-10-11,CUST01002,Headphones,Audio,105.27,3,Canada,PayPal,0
ORD006858,2024-03-06,CUST01001,Keyboard,Peripherals,144.47,2,UK,Unknown,15
ORD006006,2024-10-02,CUST01005,Webcam,Video,52.61,1,Netherlands,Credit Card,15
ORD003872,2024-09-23,CUST01001,Mouse,Peripherals,57.37,1,USA,Credit Card,10
ORD003403,2024-01-09,CUST01802,Webcam,Video,38.67,3,Netherlands,Debit Card,0
ORD000980,2024-10-25,CUST01001,Phone Stand,Accessories,57.34,4,France,Credit Card,0
ORD002656,2024-04-17,CUST01001,Desk Lamp,Accessories,136.66,3,USA,Debit Card,0
ORD001848,2024-06-17,CUST01002,Keyboard,Peripherals,108.88,4,Netherlands,Bank Transfer,0
ORD005242,2024-12-18,CUST01005,Webcam,Video,38.14,1,Canada,Unknown,0
ORD005517,2024-08-21,CUST01001,Monitor,Displays,521.84,3,USA,Debit Card,0
ORD005217,2024-07-31,CUST01001,Monitor,Displays,524.31,1,Netherlands,Debit Card,0
ORD005969,2024-07-15,CUST01002,Monitor,Displays,449.83,4,France,Credit Card,5
ORD006548,2024-01-20,CUST01001,Phone Stand,Accessories,31.17,4,USA,PayPal,15
ORD001103,2024-03-22,CUST01007,Monitor,Displays,518.17,4,UK,Bank Transfer,0
ORD003277,2024-05-21,CUST01001,HDMI Cable,Cables,-27.53,1,France,PayPal,0
ORD004869,2024-05-12,CUST01001,USB Hub,Peripherals,99999.0,1,Germany,Credit Card,0
ORD005964,2024-11-06,CUST01001,HDMI Cable,Cables,58.03,3,UK,Bank Transfer,0
ORD005591,2024-04-07,CUST01007,Desk Lamp,Accessories,76.98,4,Germany,PayPal,10
ORD003997,2024-05-11,CUST01104,Mouse,Peripherals,43.05,2,Germany,Bank Transfer,0
ORD000195,2024-08-09,CUST01033,Monitor,Displays,528.47,1,Poland,PayPal,10
ORD000644,2024-09-29,CUST01001,Webcam,Video,52.22,4,Poland,Debit Card,0
ORD003286,2024-01-25,CUST01002,Mouse,Peripherals,45.64,2,USA,Credit Card,0
ORD003117,2024-09-02,CUST01002,Webcam,Video,93.31,2,Canada,Bank Transfer,0
ORD003576,2024-04-29,CUST01010,Webcam,Video,26.68,1,France,PayPal,15
ORD006582,2024-04-20,CUST01002,USB Hub,Peripherals,4.32,3,Netherlands,Debit Card,15
ORD002208,2024-04-12,CUST01237,Laptop,Computers,1055.4,4,Canada,Credit Card,0
ORD003719,2024-02-29,CUST01001,Mouse,Peripherals,79.97,1,Poland,PayPal,0
ORD000973,2024-02-08,CUST01013,Headphones,Audio,164.91,3,France,Bank Transfer,5
ORD000720,2024-02-29,CUST01009,Monitor,Displays,485.14,1,France,PayPal,0
ORD007182,2024-06-26,CUST01002,USB Hub,Peripherals,17.19,4,Germany,Debit Card,5
ORD003897,2024-07-06,CUST01001,Mouse,Peripherals,97.87,3,USA,Bank Transfer,0
ORD002804,2024-02-29,CUST01001,Headphones,Audio,142.94,4,Canada,Debit Card,0
ORD002567,2024-12-23,CUST01001,Mouse,Peripherals,10.32,2,Netherlands,Bank Transfer,15
ORD004026,2024-12-26,CUST01002,Mouse,Peripherals,25.46,3,Germany,Bank Transfer,0
ORD000033,2024-01-13,CUST01002,Keyboard,Peripherals,99999.0,4,Netherlands,Bank Transfer,15
ORD006318,2024-05-29,CUST01001,Keyboard,Peripherals,0.0,3,Poland,Credit Card,5
ORD004064,2024-08-08,CUST01004,Desk Lamp,Accessories,94.55,3,Netherlands,PayPal,0
ORD006476,2024-06-28,CUST01188,Headphones,Audio,151.26,2,Netherlands,Credit Card,0
ORD001698,2024-03-19,CUST01009,Phone Stand,Accessories,77.87,2,USA,Credit Card,0
ORD002793,2024-12-10,CUST01009,Webcam,Video,60.83,3,USA,Debit Card,0
ORD002223,2024-11-25,CUST01001,HDMI Cable,Cables,21.14,2,UK,Debit Card,0
ORD003765,2024-08-28,CUST01001,Webcam,Video,45.5,1,Netherlands,Unknown,0
ORD003867,2024-03-02,CUST01002,Mouse,Peripherals,80.59,4,UK,PayPal,15
ORD006074,2024-04-04,CUST01001,Desk Lamp,Accessories,120.04,3,France,Credit Card,5
ORD006463,2024-08-24,CUST01001,Headphones,Audio,128.25,1,Poland,PayPal,5
ORD004411,2024-02-05,CUST01003,Headphones,Audio,82.18,3,Poland,Bank Transfer,0
ORD004680,2024-12-22,CUST01211,Keyboard,Peripherals,76.45,2,Germany,Credit Card,0
ORD003759,2024-03-01,CUST01008,HDMI Cable,Cables,26.11,1,Canada,PayPal,0
ORD007768,2024-10-20,CUST01025,Keyboard,Peripherals,127.19,2,UK,Bank Transfer,15
ORD003228,2024-12-16,CUST01001,Phone Stand,Accessories,77.32,2,Germany,Bank Transfer,10
ORD005639,2024-08-16,CUST01002,Webcam,Video,25.94,2,Netherlands,PayPal,10
ORD003905,2024-12-18,CUST01001,Laptop,Computers,1085.53,4,France,Credit Card,15
ORD002278,2024-04-30,CUST01001,Mouse,Peripherals,38.17,2,Canada,Unknown,5
ORD004505,2024-07-19,CUST01001,Laptop,Computers,1012.94,3,Canada,Bank Transfer,5
ORD001402,2024-02-10,CUST01329,Headphones,Audio,81.41,2,Germany,Unknown,0
ORD000740,2024-08-15,CUST01026,Headphones,Audio,133.99,4,Canada,Credit Card,0
ORD006687,2024-08-29,CUST01001,Headphones,Audio,131.74,3,UK,Debit Card,10
ORD007291,2024-02-17,CUST01001,Headphones,Audio,180.07,3,USA,Bank Transfer,10
ORD006026,2024-03-27,CUST01051,Desk Lamp,Accessories,88.44,2,France,Unknown,15
ORD005396,2024-11-22,CUST01106,HDMI Cable,Cables,43.0,4,Canada,Bank Transfer,0
ORD004292,2024-12-08,CUST01001,Mouse,Peripherals,6.38,1,UK,PayPal,0
ORD004529,2024-01-30,CUST01045,Laptop,Computers,1078.52,1,France,Bank Transfer,10
ORD000675,2024-12-05,CUST01007,Monitor,Displays,446.64,4,USA,Unknown,0
ORD004208,2024-06-30,CUST01001,Desk Lamp,Accessories,124.63,1,Canada,Bank Transfer,0
ORD003842,2024-02-12,CUST01002,USB Hub,Peripherals,-23.17,1,France,Unknown,10
ORD001816,2024-07-12,CUST01008,Phone Stand,Accessories,59.35,4,France,Debit Card,10
ORD005588,2024-09-06,CUST01002,Mouse,Peripherals,62.71,4,Poland,Bank Transfer,10
ORD007770,2024-07-08,CUST01002,Monitor,Displays,452.81,3,Netherlands,Unknown,10
ORD006863,2024-08-14,CUST01001,Laptop,Computers,1093.84,3,UK,Credit Card,0
ORD004826,2024-02-01,CUST01012,Webcam,Video,97.47,2,Germany,PayPal,15
ORD002101,2024-02-21,CUST01001,Webcam,Video,120.31,3,USA,PayPal,0
ORD006761,2024-02-11,CUST01003,Phone Stand,Accessories,25.49,1,UK,Debit Card,0
ORD002102,2024-03-14,CUST01005,Mouse,Peripherals,55.05,1,Germany,Bank Transfer,0
ORD004602,2024-01-23,CUST01003,USB Hub,Peripherals,31.36,4,Netherlands,PayPal,10
ORD001549,2024-11-02,CUST01001,USB Hub,Peripherals,9.03,4,France,Credit Card,10
ORD004231,2024-09-03,CUST01005,Headphones,Audio,104.67,2,France,Unknown,10
ORD003324,2024-03-12,CUST01001,Mouse,Peripherals,38.85,4,Canada,Unknown,0
ORD004794,2024-03-10,CUST01002,Webcam,Video,100.73,3,Netherlands,Bank Transfer,0
ORD000356,2024-05-20,CUST01007,Webcam,Video,99.76,1,Canada,PayPal,0
ORD001462,2024-09-26,CUST01008,HDMI Cable,Cables,31.27,4,Germany,PayPal,0
ORD007111,2024-11-27,CUST01005,Desk Lamp,Accessories,61.09,1,USA,Unknown,0
ORD003221,2024-07-08,CUST01009,HDMI Cable,Cables,-14.69,2,UK,Unknown,0
ORD005734,2024-12-27,CUST01001,Phone Stand,Accessories,72.78,3,Netherlands,Bank Transfer,0
ORD005191,2024-04-21,CUST01001,USB Hub,Peripherals,46.83,1,Germany,Credit Card,5
ORD001752,2024-11-04,CUST01001,Headphones,Audio,162.0,1,France,PayPal,5
ORD005270,2024-05-05,CUST01005,Keyboard,Peripherals,162.38,4,Canada,Unknown,0
ORD005004,2024-08-19,CUST01001,Phone Stand,Accessories,20.22,4,Netherlands,PayPal,0
ORD001773,2024-06-17,CUST01621,Keyboard,Peripherals,163.47,3,USA,Debit Card,10
ORD001197,2024-09-06,CUST01024,Monitor,Displays,512.4,4,USA,Debit Card,5
ORD001879,2024-09-22,CUST01431,USB Hub,Peripherals,47.43,1,Netherlands,Debit Card,5
ORD002669,2024-02-10,CUST01013,Desk Lamp,Accessories,114.6,4,Germany,PayPal,0
ORD007592,2024-03-05,CUST01021,Headphones,Audio,123.36,1,Netherlands,Debit Card,5
ORD002017,2024-09-23,CUST01001,Headphones,Audio,99.65,1,UK,Debit Card,5
ORD002006,2024-05-30,CUST01009,USB Hub,Peripherals,67.7,1,France,Debit Card,0
ORD003894,2024-04-01,CUST01001,HDMI Cable,Cables,50.16,4,USA,Debit Card,0
ORD003238,2024-05-30,CUST01001,HDMI Cable,Cables,14.89,4,USA,PayPal,0
ORD002079,2024-10-27,CUST01239,Monitor,Displays,446.82,2,UK,Credit Card,0
ORD000397,2024-05-22,CUST01001,Keyboard,Peripherals,100.45,4,Netherlands,Debit Card,0
ORD002789,2024-12-24,CUST01003,Headphones,Audio,180.81,4,USA,Unknown,10
ORD004717,2024-11-29,CUST01002,Headphones,Audio,112.57,1,Netherlands,Bank Transfer,5
ORD004073,2024-08-16,CUST01001,Mouse,Peripherals,100.21,1,Poland,Unknown,0
ORD005634,2024-05-07,CUST01001,Monitor,Displays,446.61,1,France,Credit Card,0
ORD006936,2024-10-05,CUST01083,Mouse,Peripherals,31.87,2,Netherlands,Unknown,15
ORD001520,2024-07-15,CUST01006,Phone Stand,Accessories,-9.16,1,France,Debit Card,10
ORD005385,2024-09-19,CUST01055,HDMI Cable,Cables,-14.24,2,UK,Bank Transfer,0
ORD001379,2024-12-19,CUST01017,USB Hub,Peripherals,37.02,2,France,Unknown,5
ORD001024,2024-02-14,CUST01001,Mouse,Peripherals,41.92,4,Canada,Bank Transfer,0
ORD002588,2024-06-30,CUST01001,Webcam,Video,121.1,3,UK,PayPal,5
ORD006575,2024-09-01,CUST01073,USB Hub,Peripherals,63.63,2,UK,Debit Card,10
ORD002858,2024-10-03,CUST01001,HDMI Cable,Cables,-9.08,1,UK,Debit Card,5
ORD007116,2024-06-24,CUST01002,Headphones,Audio,161.66,3,Netherlands,PayPal,0
ORD001630,2024-12-04,CUST01002,Desk Lamp,Accessories,110.77,3,UK,Credit Card,0
ORD003524,2024-04-19,CUST01018,Keyboard,Peripherals,75.84,3,Netherlands,Unknown,15
ORD005124,2024-01-06,CUST01400,Monitor,Displays,458.96,2,Netherlands,PayPal,0
ORD003608,2024-11-04,CUST01005,USB Hub,Peripherals,2.52,4,Poland,Debit Card,0
ORD007163,2024-05-18,CUST01001,Desk Lamp,Accessories,48.07,3,Netherlands,PayPal,5
ORD000235,2024-01-06,CUST01001,USB Hub,Peripherals,67.28,1,France,Unknown,10
ORD005107,2024-06-15,CUST01001,Desk Lamp,Accessories,51.1,1,Poland,Credit Card,0
ORD003797,2024-06-06,CUST01004,Desk Lamp,Accessories,117.1,3,Poland,Debit Card,0
ORD004119,2024-04-17,CUST01015,Phone Stand,Accessories,40.31,4,Canada,Unknown,0
ORD003801,2024-09-09,CUST01002,Desk Lamp,Accessories,125.75,4,Netherlands,Debit Card,15
ORD005055,2024-09-26,CUST01005,Phone Stand,Accessories,23.13,3,USA,PayPal,10
ORD005913,2024-03-04,CUST01149,Mouse,Peripherals,51.51,3,Poland,PayPal,0
ORD001949,2024-08-20,CUST01022,Phone Stand,Accessories,64.37,3,Canada,PayPal,5
ORD007129,2024-09-01,CUST01002,Keyboard,Peripherals,166.42,1,UK,Debit Card,0
ORD007623,2024-04-28,CUST01002,Phone Stand,Accessories,54.66,1,France,Debit Card,0
ORD003493,2024-12-29,CUST01003,Monitor,Displays,524.03,2,Poland,PayPal,0
ORD002672,2024-10-31,CUST01001,Headphones,Audio,85.16,2,UK,PayPal,5
ORD006681,2024-10-15,CUST01003,Phone Stand,Accessories,66.32,2,USA,Credit Card,10
ORD001107,2024-02-03,CUST01002,Monitor,Displays,454.77,3,Germany,Debit Card,0
ORD006616,2024-03-03,CUST01002,Monitor,Displays,459.22,1,UK,Debit Card,0
ORD000819,2024-09-26,CUST01001,Keyboard,Peripherals,138.72,1,UK,Unknown,15
ORD006253,2024-02-27,CUST01006,Mouse,Peripherals,85.37,4,Canada,Debit Card,5
ORD007867,2024-08-26,CUST01159,Phone Stand,Accessories,47.82,1,USA,Credit Card,0
ORD007120,2024-12-10,CUST01002,HDMI Cable,Cables,-11.98,4,UK,Unknown,5
ORD000889,2024-01-05,CUST01005,Laptop,Computers,1088.01,3,UK,PayPal,0
ORD002438,2024-03-12,CUST01003,USB Hub,Peripherals,30.17,2,UK,Debit Card,0
ORD000818,2024-05-06,CUST01002,Desk Lamp,Accessories,130.36,4,USA,PayPal,0
ORD003415,2024-11-01,CUST01001,Mouse,Peripherals,44.18,3,Germany,Unknown,0
ORD002342,2024-11-29,CUST01001,Desk Lamp,Accessories,83.28,2,USA,Debit Card,0
ORD006592,2024-08-05,CUST01196,Phone Stand,Accessories,61.83,1,Netherlands,Unknown,10
ORD003168,2024-11-17,CUST01507,Phone Stand,Accessories,39.92,1,Canada,Bank Transfer,0
ORD005932,2024-03-26,CUST01002,Keyboard,Peripherals,141.08,2,Canada,Debit Card,15
ORD005285,2024-10-09,CUST01001,Phone Stand,Accessories,55.96,3,Canada,PayPal,0
ORD001265,2024-06-24,CUST01019,Desk Lamp,Accessories,134.73,1,USA,Credit Card,0
ORD007400,2024-08-05,CUST01001,HDMI Cable,Cables,50.06,2,USA,Bank Transfer,0
ORD005794,2024-10-24,CUST01004,Keyboard,Peripherals,141.24,1,UK,Bank Transfer,0
ORD005655,2024-08-13,CUST01001,Laptop,Computers,1081.77,4,USA,Credit Card,0
ORD001229,2024-12-19,CUST01001,USB Hub,Peripherals,17.54,2,UK,Debit Card,15
ORD004802,2024-11-07,CUST01001,Laptop,Computers,1090.43,4,France,Bank Transfer,0
ORD000053,2024-10-29,CUST01001,Laptop,Computers,1083.45,1,Germany,Unknown,0
ORD006423,2024-11-17,CUST01214,Keyboard,Peripherals,100.06,3,Poland,Bank Transfer,0
ORD005670,2024-03-05,CUST01003,HDMI Cable,Cables,0.42,4,UK,Credit Card,5
ORD000160,2024-08-03,CUST01002,Desk Lamp,Accessories,45.11,3,France,Unknown,0
ORD004971,2024-12-22,CUST01001,Keyboard,Peripherals,113.8,4,France,Credit Card,15
ORD001588,2024-01-29,CUST01416,USB Hub,Peripherals,-25.15,1,UK,Debit Card,0
ORD005330,2024-01-03,CUST01001,Phone Stand,Accessories,4.61,4,UK,Unknown,15
ORD005439,2024-07-17,CUST01012,Webcam,Video,81.34,2,UK,PayPal,0
ORD005063,2024-06-26,CUST01003,Webcam,Video,110.85,2,UK,Unknown,0
ORD003859,2024-08-28,CUST01002,Keyboard,Peripherals,96.61,2,Germany,PayPal,5
ORD006520,2024-11-03,CUST01002,Desk Lamp,Accessories,120.48,3,Germany,Unknown,0
ORD002829,2024-10-04,CUST01004,HDMI Cable,Cables,-20.35,3,Poland,Credit Card,15
ORD000437,2024-12-25,CUST01001,HDMI Cable,Cables,-7.73,1,Germany,PayPal,10
ORD005364,2024-10-12,CUST01002,HDMI Cable,Cables,34.59,3,Netherlands,Credit Card,0
ORD003879,2024-08-17,CUST01002,USB Hub,Peripherals,22.08,2,USA,Unknown,0
ORD001589,2024-02-01,CUST01001,Monitor,Displays,453.74,2,USA,Unknown,5
ORD002781,2024-09-16,CUST01004,Phone Stand,Accessories,12.41,3,Poland,Debit Card,15
ORD006525,2024-01-28,CUST01002,Webcam,Video,90.37,4,Poland,Bank Transfer,0
ORD007489,2024-03-18,CUST01206,Webcam,Video,37.1,1,Poland,Bank Transfer,15
ORD005906,2024-01-31,CUST01290,Phone Stand,Accessories,68.87,3,France,Bank Transfer,15
ORD000974,2024-01-28,CUST01004,Laptop,Computers,1042.29,3,USA,PayPal,0
ORD001239,2024-12-02,CUST01007,Monitor,Displays,509.39,3,Germany,Credit Card,10
ORD002952,2024-05-06,CUST01014,USB Hub,Peripherals,-7.06,4,Germany,Debit Card,10
ORD002343,2024-08-11,CUST01004,Laptop,Computers,1105.57,3,USA,Unknown,5
ORD004824,2024-02-26,CUST01004,HDMI Cable,Cables,-26.8,1,Germany,Debit Card,0
ORD006855,2024-07-13,CUST01001,Webcam,Video,118.34,4,Canada,Credit Card,0
ORD001498,2024-07-13,CUST01015,HDMI Cable,Cables,18.1,2,Canada,Unknown,15
ORD004258,2024-01-23,CUST01001,Headphones,Audio,133.41,2,UK,Credit Card,0
ORD002423,2024-12-25,CUST01002,Laptop,Computers,1019.21,3,Poland,Debit Card,10
ORD007122,2024-06-17,CUST01015,HDMI Cable,Cables,-26.46,3,France,Debit Card,0
ORD005271,2024-12-26,CUST01015,Headphones,Audio,110.67,2,Poland,Unknown,0
ORD006912,2024-01-18,CUST01001,Phone Stand,Accessories,29.49,4,Germany,Debit Card,15
ORD002093,2024-02-27,CUST01001,Monitor,Displays,456.53,3,Canada,Credit Card,0
ORD002016,2024-04-04,CUST01002,Phone Stand,Accessories,54.24,3,Netherlands,Credit Card,0
ORD006639,2024-09-07,CUST01001,Mouse,Peripherals,67.93,1,USA,Bank Transfer,0
ORD007537,2024-10-11,CUST01065,Desk Lamp,Accessories,107.48,4,UK,Bank Transfer,0
ORD000188,2024-11-23,CUST01401,Webcam,Video,116.3,1,Poland,PayPal,0
ORD004538,2024-08-25,CUST01004,Keyboard,Peripherals,121.01,4,Germany,Debit Card,0
ORD003656,2024-06-08,CUST01003,Desk Lamp,Accessories,111.74,2,UK,Bank Transfer,10
ORD003427,2024-03-24,CUST01001,USB Hub,Peripherals,53.81,3,Canada,Bank Transfer,5
ORD004752,2024-12-26,CUST01001,Keyboard,Peripherals,113.73,1,USA,PayPal,0
ORD001382,2024-01-27,CUST01006,Phone Stand,Accessories,-3.32,3,Canada,PayPal,0
ORD004916,2024-04-03,CUST01002,HDMI Cable,Cables,-16.66,3,France,PayPal,15
ORD000414,2024-06-29,CUST01004,USB Hub,Peripherals,28.16,3,Canada,PayPal,0
ORD003337,2024-04-08,CUST01035,Laptop,Computers,1096.39,1,USA,Bank Transfer,0
ORD003607,2024-07-22,CUST01002,Phone Stand,Accessories,60.61,3,UK,Bank Transfer,0
ORD007519,2024-08-21,CUST01001,HDMI Cable,Cables,27.5,4,UK,Unknown,0
ORD005851,2024-06-15,CUST01001,Headphones,Audio,96.02,4,France,Bank Transfer,5
ORD005133,2024-07-31,CUST01001,Laptop,Computers,1104.01,1,UK,Bank Transfer,10
ORD000257,2024-09-11,CUST01005,HDMI Cable,Cables,-31.53,4,Canada,Credit Card,10
ORD004856,2024-08-20,CUST01001,Keyboard,Peripherals,123.23,1,Poland,Unknown,0
ORD007864,2024-11-21,CUST01008,Phone Stand,Accessories,18.17,3,USA,Bank Transfer,0
ORD002236,2024-07-09,CUST01235,Phone Stand,Accessories,-14.53,3,Netherlands,Credit Card,5
ORD001768,2024-06-08,CUST01014,USB Hub,Peripherals,8.09,3,UK,Bank Transfer,0
ORD004237,2024-04-01,CUST01001,Mouse,Peripherals,18.79,1,France,Debit Card,5
ORD005742,2024-10-18,CUST01001,HDMI Cable,Cables,-19.77,1,Poland,PayPal,0
ORD001573,2024-08-04,CUST01001,USB Hub,Peripherals,30.49,4,Poland,PayPal,5
ORD000025,2024-12-18,CUST01001,Desk Lamp,Accessories,69.59,4,France,Unknown,0
ORD006346,2024-12-19,CUST01974,HDMI Cable,Cables,24.27,1,France,Unknown,0
ORD001089,2024-10-11,CUST01002,Webcam,Video,97.2,3,Poland,Credit Card,15
ORD002695,2024-10-08,CUST01001,Mouse,Peripherals,66.7,2,Poland,Bank Transfer,0
ORD004994,2024-05-04,CUST01051,Phone Stand,Accessories,77.25,3,UK,PayPal,0
ORD003399,2024-03-29,CUST01002,HDMI Cable,Cables,6.42,4,Netherlands,Bank Transfer,0
ORD003560,2024-11-10,CUST01067,Keyboard,Peripherals,162.88,1,Canada,PayPal,5
ORD006781,2024-10-28,CUST01004,HDMI Cable,Cables,55.72,1,Germany,Bank Transfer,10
ORD002842,2024-03-28,CUST01001,Headphones,Audio,84.27,1,France,Bank Transfer,10
ORD002312,2024-09-17,CUST01010,Mouse,Peripherals,24.87,4,Germany,Debit Card,15
ORD005584,2024-12-20,CUST01002,Mouse,Peripherals,19.25,4,Netherlands,Unknown,10
ORD007619,2024-11-24,CUST01048,Webcam,Video,26.67,2,Netherlands,Unknown,0
ORD004153,2024-07-19,CUST01006,USB Hub,Peripherals,45.92,2,France,PayPal,0
ORD001310,2024-01-23,CUST01001,HDMI Cable,Cables,-7.97,1,USA,Debit Card,5
ORD000696,2024-12-27,CUST01001,Laptop,Computers,1109.73,1,France,Credit Card,0
ORD006473,2024-08-15,CUST01501,Mouse,Peripherals,28.63,3,France,PayPal,15
ORD003753,2024-07-12,CUST01001,Mouse,Peripherals,66.27,1,Poland,Credit Card,0
ORD001228,2024-06-21,CUST01003,USB Hub,Peripherals,59.72,3,USA,Unknown,10
ORD002000,2024-06-26,CUST01014,Headphones,Audio,86.94,2,Germany,Unknown,10
ORD000277,2024-06-18,CUST01004,Phone Stand,Accessories,41.07,4,Germany,Unknown,0
ORD004476,2024-09-27,CUST01031,Laptop,Computers,1098.58,3,USA,PayPal,10
ORD007070,2024-09-26,CUST01010,HDMI Cable,Cables,52.62,4,Poland,Unknown,0
ORD006362,2024-05-03,CUST01001,Headphones,Audio,102.22,1,Canada,Debit Card,0
ORD007132,2024-02-18,CUST01002,Webcam,Video,26.4,3,Netherlands,Bank Transfer,10
ORD005437,2024-05-06,CUST01001,USB Hub,Peripherals,1.87,3,France,Debit Card,10
ORD007557,2024-12-01,CUST01004,Keyboard,Peripherals,138.52,2,Poland,Bank Transfer,0
ORD007986,2024-04-09,CUST01114,USB Hub,Peripherals,-9.97,2,Netherlands,Unknown,0
ORD004646,2024-03-02,CUST01045,Desk Lamp,Accessories,44.92,4,UK,Credit Card,5
ORD001138,2024-08-28,CUST01001,Monitor,Displays,448.68,1,Poland,Credit Card,10
ORD002768,2024-03-01,CUST01002,Monitor,Displays,459.01,3,UK,Unknown,0
ORD005386,2024-05-15,CUST01026,USB Hub,Peripherals,2.99,4,Netherlands,Bank Transfer,0
ORD005072,2024-02-08,CUST01001,Headphones,Audio,114.7,3,France,Credit Card,0
ORD000943,2024-03-05,CUST01002,USB Hub,Peripherals,12.37,2,Canada,Credit Card,0
ORD006468,2024-02-12,CUST01001,Keyboard,Peripherals,126.02,4,Canada,Unknown,0
ORD003936,2024-01-07,CUST01218,Mouse,Peripherals,38.46,2,UK,Debit Card,0
ORD002385,2024-11-20,CUST01001,Phone Stand,Accessories,39.98,3,Netherlands,Debit Card,0
ORD000116,2024-06-04,CUST01001,Laptop,Computers,1023.23,1,USA,Debit Card,0
ORD007996,2024-05-12,CUST01282,HDMI Cable,Cables,21.12,1,Poland,Debit Card,0
ORD007979,2024-10-16,CUST01001,USB Hub,Peripherals,-12.62,1,USA,Debit Card,0
ORD003120,2024-11-02,CUST01002,Mouse,Peripherals,92.41,2,Canada,Credit Card,15
ORD004259,2024-10-24,CUST01007,Mouse,Peripherals,91.24,1,Poland,Unknown,0
ORD005009,2024-07-23,CUST01010,Desk Lamp,Accessories,92.29,1,USA,Credit Card,15
ORD005776,2024-11-27,CUST01001,Monitor,Displays,455.51,2,USA,Bank Transfer,0
ORD002820,2024-01-11,CUST01001,Monitor,Displays,487.19,4,Canada,Debit Card,5
ORD003823,2024-10-27,CUST01004,Keyboard,Peripherals,79.0,2,Canada,Debit Card,10
ORD006682,2024-03-20,CUST01010,Phone Stand,Accessories,36.63,4,France,PayPal,0
ORD006435,2024-08-05,CUST01002,Mouse,Peripherals,67.57,2,France,Credit Card,0
ORD003803,2024-03-23,CUST01003,Phone Stand,Accessories,52.69,3,Canada,Debit Card,10
ORD003537,2024-01-31,CUST01007,Headphones,Audio,174.21,1,Germany,Credit Card,10
ORD003826,2024-04-20,CUST01004,Phone Stand,Accessories,23.12,4,UK,Bank Transfer,0
ORD006048,2024-06-27,CUST01001,Desk Lamp,Accessories,124.56,4,Netherlands,Unknown,0
ORD001947,2024-08-22,CUST01015,Laptop,Computers,1111.12,3,Netherlands,Credit Card,0
ORD004928,2024-07-26,CUST01021,Monitor,Displays,443.35,1,USA,PayPal,5
ORD003489,2024-03-12,CUST01009,USB Hub,Peripherals,6.12,1,Germany,Debit Card,5
ORD001611,2024-06-18,CUST01002,HDMI Cable,Cables,25.24,1,UK,Unknown,0
ORD006235,2024-10-03,CUST01013,Mouse,Peripherals,37.02,3,USA,Bank Transfer,0
ORD002195,2024-09-27,CUST01001,Monitor,Displays,462.15,4,USA,Bank Transfer,0
ORD005264,2024-10-11,CUST01001,Phone Stand,Accessories,21.09,4,Canada,Unknown,0
ORD000558,2024-06-08,CUST01003,Phone Stand,Accessories,26.99,4,USA,Bank Transfer,5
ORD007194,2024-02-11,CUST01003,Phone Stand,Accessories,39.73,3,Canada,Credit Card,0
ORD001208,2024-09-05,CUST01001,Phone Stand,Accessories,-1.72,2,USA,Bank Transfer,15
ORD006822,2024-02-02,CUST01003,USB Hub,Peripherals,31.82,1,Germany,Debit Card,5
ORD006249,2024-11-01,CUST01002,Headphones,Audio,102.63,4,Canada,PayPal,0
ORD001511,2024-01-22,CUST01008,Monitor,Displays,520.3,1,UK,Unknown,15
ORD003830,2024-09-06,CUST01001,Headphones,Audio,146.97,2,UK,PayPal,0
ORD003733,2024-10-03,CUST01010,Webcam,Video,66.03,1,Netherlands,Credit Card,0
ORD005621,2024-10-03,CUST01004,USB Hub,Peripherals,30.93,2,USA,Bank Transfer,5
ORD003212,2024-02-28,CUST01038,Mouse,Peripherals,35.08,2,Germany,Bank Transfer,0
ORD003631,2024-03-27,CUST01010,Mouse,Peripherals,44.07,3,Canada,Credit Card,0
ORD005485,2024-06-22,CUST01019,USB Hub,Peripherals,60.76,3,UK,Debit Card,10
ORD005488,2024-11-20,CUST01042,HDMI Cable,Cables,19.39,1,Poland,Credit Card,0
ORD000267,2024-10-18,CUST01001,Keyboard,Peripherals,119.45,1,Canada,Credit Card,15
ORD001141,2024-09-15,CUST01001,USB Hub,Peripherals,42.39,4,Canada,Debit Card,10
ORD003163,2024-02-28,CUST01002,HDMI Cable,Cables,2.36,3,France,Unknown,10
ORD005707,2024-03-09,CUST01039,Mouse,Peripherals,84.14,3,Netherlands,Bank Transfer,10
ORD007371,2024-06-06,CUST01002,Phone Stand,Accessories,33.26,3,Netherlands,Debit Card,0
ORD001910,2024-05-30,CUST01283,HDMI Cable,Cables,47.61,2,UK,Bank Transfer,5
ORD006899,2024-11-06,CUST01001,Laptop,Computers,1111.04,2,Germany,Bank Transfer,0
ORD006846,2024-04-29,CUST01779,Mouse,Peripherals,85.78,2,Poland,Unknown,0
ORD000657,2024-03-30,CUST01004,Mouse,Peripherals,35.83,4,France,Unknown,0
ORD005687,2024-06-12,CUST01003,Monitor,Displays,454.86,1,Poland,Unknown,10
ORD005158,2024-02-17,CUST01001,Monitor,Displays,451.49,1,Netherlands,Bank Transfer,0
ORD000999,2024-04-01,CUST01003,Monitor,Displays,522.66,2,Poland,PayPal,5
ORD004895,2024-12-04,CUST01009,Headphones,Audio,99999.0,4,Canada,Bank Transfer,0
ORD002835,2024-07-29,CUST01001,Phone Stand,Accessories,31.85,2,USA,Bank Transfer,10
ORD006821,2024-12-06,CUST01004,Mouse,Peripherals,87.6,2,Canada,PayPal,5
ORD001238,2024-01-12,CUST01001,HDMI Cable,Cables,0.75,3,USA,Bank Transfer,0
ORD006685,2024-07-24,CUST01001,Desk Lamp,Accessories,129.28,2,Germany,Bank Transfer,0
ORD007424,2024-03-17,CUST01001,Headphones,Audio,130.63,2,UK,Unknown,0
ORD006134,2024-11-15,CUST01002,Desk Lamp,Accessories,107.99,3,Poland,Bank Transfer,5
ORD002187,2024-06-17,CUST01005,Webcam,Video,119.06,1,UK,Debit Card,0
ORD001135,2024-04-07,CUST01004,Headphones,Audio,163.46,4,UK,Debit Card,0
ORD001304,2024-10-25,CUST01001,Laptop,Computers,1083.85,4,UK,Bank Transfer,0
ORD001628,2024-02-25,CUST01001,Monitor,Displays,483.12,4,Germany,Credit Card,15
ORD006471,2024-08-04,CUST01017,Laptop,Computers,1075.83,3,Germany,Debit Card,0
ORD001523,2024-09-18,CUST01002,Laptop,Computers,1058.93,3,France,Credit Card,15
ORD000359,2024-03-12,CUST01001,Desk Lamp,Accessories,107.28,4,UK,Credit Card,0
ORD000139,2024-01-19,CUST01001,Keyboard,Peripherals,92.04,4,USA,Unknown,0
ORD000300,2024-04-08,CUST01008,Keyboard,Peripherals,152.06,4,Canada,Unknown,0
ORD001557,2024-08-31,CUST01001,USB Hub,Peripherals,-4.33,2,Germany,Bank Transfer,15
ORD000383,2024-05-15,CUST01011,Headphones,Audio,150.1,3,Poland,Debit Card,0
ORD005556,2024-01-09,CUST01008,Headphones,Audio,147.47,4,Poland,Debit Card,5
ORD004707,2024-08-05,CUST01234,Laptop,Computers,1103.58,3,UK,Credit Card,0
ORD006387,2024-06-30,CUST01001,Desk Lamp,Accessories,103.71,2,Canada,PayPal,10
ORD005834,2024-01-07,CUST01006,HDMI Cable,Cables,19.07,3,Canada,Bank Transfer,0
ORD004711,2024-05-05,CUST01001,Laptop,Computers,1022.27,3,France,PayPal,10
ORD007170,2024-07-02,CUST01003,Mouse,Peripherals,50.27,3,France,Credit Card,5
ORD005538,2024-01-18,CUST01001,Headphones,Audio,160.96,3,Netherlands,Bank Transfer,5
ORD007817,2024-12-10,CUST01010,Laptop,Computers,1081.93,2,Poland,Debit Card,5
ORD002722,2024-06-21,CUST01001,USB Hub,Peripherals,50.58,3,UK,Bank Transfer,5
ORD001933,2024-10-13,CUST01001,Webcam,Video,85.74,2,Canada,Unknown,10
ORD007798,2024-11-07,CUST01001,Laptop,Computers,1074.53,3,UK,Unknown,0
ORD007214,2024-04-20,CUST01009,Laptop,Computers,1017.42,4,Netherlands,Debit Card,0
ORD007257,2024-03-10,CUST01003,Keyboard,Peripherals,152.94,1,Canada,Debit Card,0
ORD004164,2024-07-13,CUST01003,USB Hub,Peripherals,-2.93,4,Germany,Debit Card,15
ORD006392,2024-11-18,CUST01001,Headphones,Audio,166.15,1,France,Unknown,0
ORD003808,2024-10-27,CUST01001,Headphones,Audio,167.16,3,Netherlands,Unknown,10
ORD006857,2024-05-23,CUST01003,USB Hub,Peripherals,9.45,3,UK,PayPal,0
ORD007055,2024-02-17,CUST01002,Mouse,Peripherals,91.09,3,Germany,Bank Transfer,10
ORD004155,2024-08-09,CUST01001,Webcam,Video,39.71,1,Germany,Debit Card,0
ORD004173,2024-09-05,CUST01033,HDMI Cable,Cables,10.32,3,France,PayPal,15
ORD000797,2024-12-07,CUST01141,HDMI Cable,Cables,8.58,1,Germany,PayPal,0
ORD002417,2024-02-12,CUST01001,Webcam,Video,57.26,2,Poland,Unknown,0
ORD000786,2024-11-14,CUST01059,Laptop,Computers,1106.67,1,France,Bank Transfer,5
ORD003159,2024-10-06,CUST01008,HDMI Cable,Cables,52.53,2,Netherlands,PayPal,15
ORD002173,2024-01-13,CUST01001,Desk Lamp,Accessories,83.67,4,UK,Bank Transfer,15
ORD007616,2024-08-25,CUST01022,USB Hub,Peripherals,11.24,1,Poland,Bank Transfer,0
ORD005752,2024-12-07,CUST01102,HDMI Cable,Cables,-100.0,3,UK,PayPal,5
ORD004341,2024-10-13,CUST01001,Laptop,Computers,1104.59,2,Germany,Debit Card,15
ORD000911,2024-11-12,CUST01001,Monitor,Displays,510.32,3,Poland,Debit Card,0
ORD002310,2024-05-30,CUST01001,USB Hub,Peripherals,24.59,3,Netherlands,Unknown,0
ORD007510,2024-01-21,CUST01002,Desk Lamp,Accessories,64.75,3,Poland,Unknown,0
ORD003635,2024-10-04,CUST01032,Monitor,Displays,480.88,1,Germany,Debit Card,0
ORD001258,2024-06-24,CUST01002,Headphones,Audio,121.83,1,UK,Bank Transfer,15
ORD004459,2024-12-12,CUST01001,USB Hub,Peripherals,56.99,3,France,Credit Card,0
ORD001179,2024-04-19,CUST01001,Headphones,Audio,169.75,3,Poland,PayPal,0
ORD003651,2024-07-05,CUST01774,Desk Lamp,Accessories,104.38,4,France,Bank Transfer,5
ORD007104,2024-03-10,CUST01001,Desk Lamp,Accessories,99.92,1,Canada,Bank Transfer,10
ORD001400,2024-11-12,CUST01001,HDMI Cable,Cables,-6.26,2,France,Debit Card,0
ORD001458,2024-05-28,CUST01001,Phone Stand,Accessories,74.68,3,USA,Unknown,10
ORD004954,2024-09-30,CUST01001,Keyboard,Peripherals,83.13,4,Germany,Debit Card,10
ORD001055,2024-06-02,CUST01002,Headphones,Audio,104.31,4,Canada,Debit Card,0
ORD003276,2024-01-28,CUST01013,Webcam,Video,32.18,3,Netherlands,Credit Card,0
ORD006161,2024-01-20,CUST01002,Keyboard,Peripherals,152.85,1,Germany,Debit Card,10
ORD003700,2024-12-17,CUST01007,Laptop,Computers,1097.88,1,Canada,Debit Card,10
ORD003760,2024-02-12,CUST01004,Mouse,Peripherals,13.01,2,Canada,PayPal,5
ORD000930,2024-07-29,CUST01001,Laptop,Computers,1086.05,1,USA,Bank Transfer,0
ORD005688,2024-05-27,CUST01001,Keyboard,Peripherals,115.36,2,Netherlands,PayPal,0
ORD001830,2024-03-22,CUST01001,Phone Stand,Accessories,32.41,1,UK,Bank Transfer,0
ORD007235,2024-04-13,CUST01001,USB Hub,Peripherals,33.56,4,Netherlands,Bank Transfer,0
ORD004222,2024-07-22,CUST01379,USB Hub,Peripherals,-15.04,4,Germany,Credit Card,0
ORD007356,2024-05-16,CUST01001,Webcam,Video,62.1,4,USA,Credit Card,0
ORD006741,2024-04-14,CUST01001,Desk Lamp,Accessories,47.18,2,UK,Credit Card,0
ORD007238,2024-11-10,CUST01001,Keyboard,Peripherals,146.81,1,Canada,Unknown,0
ORD002012,2024-07-23,CUST01014,Laptop,Computers,1084.36,4,Germany,Debit Card,0
ORD006090,2024-11-15,CUST01002,Laptop,Computers,1037.53,1,Germany,Debit Card,5
ORD005465,2024-01-04,CUST01006,Webcam,Video,111.98,2,Netherlands,PayPal,5
ORD007691,2024-12-29,CUST01002,Monitor,Displays,439.45,2,UK,Bank Transfer,5
ORD002607,2024-05-11,CUST01032,USB Hub,Peripherals,8.02,4,France,Debit Card,0
ORD003265,2024-11-01,CUST01001,Keyboard,Peripherals,128.37,1,Canada,Bank Transfer,0
ORD006072,2024-12-18,CUST01005,Keyboard,Peripherals,135.87,3,Canada,Bank Transfer,5
ORD005338,2024-04-04,CUST01032,Webcam,Video,70.94,3,Canada,Debit Card,0
ORD000007,2024-04-21,CUST01003,Laptop,Computers,1030.5,1,Netherlands,Bank Transfer,5
ORD002981,2024-03-06,CUST01002,HDMI Cable,Cables,5.75,3,Netherlands,Unknown,15
ORD003362,2024-08-05,CUST01001,Desk Lamp,Accessories,131.45,2,Netherlands,Bank Transfer,0
ORD001944,2024-09-25,CUST01003,Monitor,Displays,456.35,4,UK,Unknown,0
ORD004906,2024-11-30,CUST01001,Desk Lamp,Accessories,52.74,3,Germany,Debit Card,15
ORD007383,2024-10-22,CUST01001,Headphones,Audio,157.42,3,Germany,Credit Card,0
ORD006786,2024-04-14,CUST01002,Phone Stand,Accessories,53.01,4,Germany,Unknown,15
ORD006168,2024-03-03,CUST01210,Phone Stand,Accessories,51.71,2,Poland,Unknown,0
ORD005150,2024-03-23,CUST01002,Monitor,Displays,479.73,3,Poland,PayPal,5
ORD007379,2024-04-14,CUST01003,Keyboard,Peripherals,114.76,4,Poland,PayPal,10
ORD003135,2024-04-08,CUST01001,Desk Lamp,Accessories,49.43,2,Poland,Credit Card,0
ORD005111,2024-04-26,CUST01007,Phone Stand,Accessories,9.55,3,UK,Bank Transfer,0
ORD002243,2024-09-01,CUST01001,Mouse,Peripherals,61.25,1,France,Bank Transfer,0
ORD001475,2024-04-28,CUST01003,Desk Lamp,Accessories,140.46,3,Canada,Debit Card,10
ORD001890,2024-10-13,CUST01004,Laptop,Computers,1094.08,2,Poland,PayPal,0
ORD003436,2024-08-25,CUST01005,USB Hub,Peripherals,48.18,1,Germany,Unknown,15
ORD005002,2024-09-14,CUST01183,Monitor,Displays,530.13,1,Germany,Unknown,15
ORD003706,2024-04-23,CUST01001,Monitor,Displays,436.96,3,Poland,Unknown,15
ORD002022,2024-07-25,CUST01023,Laptop,Computers,1029.98,2,Germany,Bank Transfer,0
ORD004021,2024-09-02,CUST01003,Keyboard,Peripherals,99.72,3,Poland,Credit Card,5
ORD006790,2024-07-11,CUST01001,Phone Stand,Accessories,49.73,1,France,Credit Card,0
ORD007672,2024-07-12,CUST01006,Headphones,Audio,120.57,1,USA,Bank Transfer,10
ORD007591,2024-08-31,CUST01002,Webcam,Video,122.73,2,UK,PayPal,5
ORD002659,2024-09-26,CUST01001,Phone Stand,Accessories,38.02,2,Germany,PayPal,10
ORD001131,2024-10-28,CUST01002,USB Hub,Peripherals,33.46,4,Netherlands,PayPal,0
ORD004849,2024-11-30,CUST01003,Keyboard,Peripherals,76.78,2,Germany,Bank Transfer,15
ORD007265,2024-06-06,CUST01002,Phone Stand,Accessories,54.0,2,Germany,PayPal,15
ORD007490,2024-09-01,CUST01005,Mouse,Peripherals,105.4,2,Canada,Credit Card,0
ORD004319,2024-02-01,CUST01001,Keyboard,Peripherals,133.53,1,Germany,Bank Transfer,15
ORD007432,2024-01-28,CUST01106,USB Hub,Peripherals,-2.37,1,Canada,Unknown,0
ORD004145,2024-04-02,CUST01001,Headphones,Audio,148.07,3,Germany,Credit Card,15
ORD001237,2024-02-17,CUST01069,Desk Lamp,Accessories,98.87,1,Netherlands,Credit Card,0
ORD007765,2024-05-01,CUST01002,HDMI Cable,Cables,-25.81,3,UK,PayPal,0
ORD007208,2024-09-17,CUST01001,Laptop,Computers,1094.03,2,Germany,Bank Transfer,5
ORD002283,2024-03-16,CUST01012,Phone Stand,Accessories,26.24,4,Netherlands,Debit Card,0
ORD007964,2024-11-26,CUST01006,USB Hub,Peripherals,-16.41,3,Poland,Debit Card,15
ORD007020,2024-02-25,CUST01001,Desk Lamp,Accessories,112.0,2,Canada,PayPal,5
ORD004094,2024-03-04,CUST01005,Keyboard,Peripherals,155.92,1,UK,Unknown,5
ORD004668,2024-12-16,CUST01002,HDMI Cable,Cables,62.06,2,Poland,Unknown,10
ORD006825,2024-11-26,CUST01010,Mouse,Peripherals,12.28,2,Canada,PayPal,15
ORD000387,2024-11-09,CUST01001,Mouse,Peripherals,54.37,1,Netherlands,Credit Card,0
ORD001629,2024-12-28,CUST01001,HDMI Cable,Cables,62.29,1,USA,PayPal,0
ORD003586,2024-08-23,CUST01001,Mouse,Peripherals,56.43,4,France,Unknown,0
ORD002715,2024-05-25,CUST01002,Desk Lamp,Accessories,64.49,2,USA,Unknown,10
ORD004735,2024-03-25,CUST01216,USB Hub,Peripherals,63.06,2,UK,PayPal,0
ORD005736,2024-09-09,CUST01001,Keyboard,Peripherals,112.42,4,France,PayPal,5
ORD007022,2024-04-13,CUST01001,Monitor,Displays,496.01,4,Netherlands,Unknown,0
ORD003190,2024-05-23,CUST01001,Phone Stand,Accessories,-0.86,1,Netherlands,Bank Transfer,15
ORD004306,2024-03-05,CUST01001,Headphones,Audio,144.51,4,Germany,Debit Card,15
ORD000910,2024-02-21,CUST01002,Laptop,Computers,1055.29,1,Poland,Unknown,0
ORD006068,2024-07-17,CUST01001,HDMI Cable,Cables,-100.0,2,Poland,Debit Card,0
ORD001867,2024-08-03,CUST01018,Keyboard,Peripherals,158.19,4,Poland,Debit Card,10
ORD001843,2024-11-10,CUST01001,Keyboard,Peripherals,138.01,1,UK,Credit Card,0
ORD002498,2024-06-09,CUST01021,Phone Stand,Accessories,-7.02,4,USA,PayPal,0
ORD006570,2024-07-26,CUST01364,Headphones,Audio,160.76,2,Netherlands,Credit Card,0
ORD005207,2024-06-11,CUST01004,Monitor,Displays,447.43,2,Germany,Credit Card,0
ORD006246,2024-07-19,CUST01001,Monitor,Displays,441.16,4,Poland,Credit Card,0
ORD004007,2024-11-19,CUST01002,Desk Lamp,Accessories,77.33,4,Netherlands,Debit Card,10
ORD002703,2024-05-07,CUST01008,Mouse,Peripherals,76.72,4,Canada,PayPal,10
ORD006599,2024-12-07,CUST01007,Webcam,Video,92.29,4,Poland,Unknown,0
ORD000332,2024-06-21,CUST01001,Mouse,Peripherals,27.14,4,Germany,PayPal,5
ORD004715,2024-03-21,CUST01020,Mouse,Peripherals,93.62,1,Netherlands,Credit Card,0
ORD004740,2024-10-19,CUST01003,Mouse,Peripherals,87.67,3,Netherlands,Bank Transfer,0
ORD002460,2024-07-17,CUST01003,Keyboard,Peripherals,127.4,1,USA,Credit Card,0
ORD001775,2024-08-28,CUST01001,Mouse,Peripherals,73.23,4,UK,Credit Card,0
ORD005003,2024-07-14,CUST01001,HDMI Cable,Cables,29.07,4,UK,Bank Transfer,0
ORD005254,2024-01-20,CUST01001,Monitor,Displays,455.85,3,Canada,Debit Card,0
ORD002687,2024-09-04,CUST01001,Phone Stand,Accessories,17.91,1,Germany,Bank Transfer,10
ORD006827,2024-05-13,CUST01011,Monitor,Displays,521.55,4,UK,Debit Card,0
ORD006516,2024-12-30,CUST01009,Desk Lamp,Accessories,101.25,1,UK,PayPal,10
ORD007577,2024-06-01,CUST01002,Keyboard,Peripherals,105.42,1,Canada,Debit Card,0
ORD005904,2024-06-01,CUST01001,USB Hub,Peripherals,55.44,1,UK,Bank Transfer,0
ORD006184,2024-12-08,CUST01007,HDMI Cable,Cables,29.58,1,France,Unknown,5
ORD007740,2024-08-29,CUST01478,Phone Stand,Accessories,31.07,3,USA,Debit Card,5
ORD006207,2024-02-25,CUST01011,Mouse,Peripherals,82.49,3,Poland,Bank Transfer,0
ORD007105,2024-07-07,CUST01204,Mouse,Peripherals,25.97,1,Netherlands,Bank Transfer,0
ORD000174,2024-11-16,CUST01002,Headphones,Audio,90.63,4,Canada,Credit Card,5
ORD003322,2024-09-27,CUST01001,Mouse,Peripherals,18.53,2,UK,Credit Card,5
ORD004669,2024-09-04,CUST01002,Mouse,Peripherals,97.0,4,Germany,Unknown,0
ORD003373,2024-01-12,CUST01130,HDMI Cable,Cables,-29.97,3,Canada,PayPal,0
ORD003312,2024-01-25,CUST01001,Headphones,Audio,109.05,4,Netherlands,PayPal,0
ORD005472,2024-04-17,CUST01004,HDMI Cable,Cables,-100.0,4,UK,Debit Card,0
ORD007479,2024-08-06,CUST01014,Desk Lamp,Accessories,122.07,1,USA,Debit Card,0
ORD007073,2024-06-06,CUST01580,Desk Lamp,Accessories,115.53,3,UK,Credit Card,0
ORD003404,2024-05-11,CUST01003,HDMI Cable,Cables,10.85,4,Netherlands,Credit Card,5
ORD000019,2024-08-04,CUST01001,Keyboard,Peripherals,92.88,3,Germany,Debit Card,0
ORD003692,2024-09-04,CUST01006,Phone Stand,Accessories,9.56,2,France,Credit Card,0
ORD006062,2024-04-21,CUST01061,HDMI Cable,Cables,31.5,3,Germany,Debit Card,15
ORD004097,2024-12-18,CUST01003,Phone Stand,Accessories,24.18,3,France,Unknown,0
ORD003629,2024-04-16,CUST01001,Mouse,Peripherals,80.59,3,Canada,Unknown,0
ORD006355,2024-06-15,CUST01004,Mouse,Peripherals,100.89,2,USA,Credit Card,15
ORD002175,2024-08-26,CUST01001,Headphones,Audio,162.02,4,Netherlands,Debit Card,5
ORD001357,2024-09-18,CUST01006,Keyboard,Peripherals,151.91,2,France,Debit Card,0
ORD004871,2024-03-15,CUST01272,Webcam,Video,104.75,1,Canada,Bank Transfer,0
ORD007275,2024-03-16,CUST01034,Phone Stand,Accessories,71.24,4,Canada,Bank Transfer,0
ORD003113,2024-01-23,CUST01005,HDMI Cable,Cables,-10.35,4,France,Bank Transfer,10
ORD000183,2024-11-24,CUST01121,Laptop,Computers,1057.94,1,Netherlands,Unknown,15
ORD006271,2024-10-28,CUST01001,USB Hub,Peripherals,55.92,3,Canada,Unknown,15
ORD006348,2024-06-16,CUST01001,USB Hub,Peripherals,59.98,2,Germany,Credit Card,0
ORD001813,2024-08-12,CUST01012,HDMI Cable,Cables,44.15,2,Poland,Debit Card,10
ORD005186,2024-10-18,CUST01006,Laptop,Computers,1060.78,1,France,Bank Transfer,0
ORD001801,2024-08-29,CUST01125,Monitor,Displays,498.22,3,Germany,Unknown,0
ORD002430,2024-02-26,CUST01220,Keyboard,Peripherals,136.93,4,Poland,Credit Card,5
ORD006199,2024-05-26,CUST01009,Keyboard,Peripherals,165.26,3,UK,Bank Transfer,5
ORD004946,2024-09-30,CUST01001,Laptop,Computers,1040.08,2,Canada,Unknown,10
ORD006926,2024-06-22,CUST01001,HDMI Cable,Cables,46.43,4,Germany,Bank Transfer,0
ORD007629,2024-01-21,CUST01013,Mouse,Peripherals,10.4,3,Germany,Credit Card,15
ORD005345,2024-07-13,CUST01005,HDMI Cable,Cables,25.86,1,France,Credit Card,0
ORD007646,2024-10-01,CUST01016,Phone Stand,Accessories,73.55,1,Germany,Unknown,0
ORD001160,2024-04-14,CUST01001,Mouse,Peripherals,88.79,4,UK,Debit Card,0
ORD001214,2024-12-10,CUST01001,HDMI Cable,Cables,-0.92,3,USA,Debit Card,0
ORD001326,2024-08-25,CUST01039,Keyboard,Peripherals,138.11,1,Netherlands,Bank Transfer,0
ORD007262,2024-12-17,CUST01001,HDMI Cable,Cables,13.23,2,France,Debit Card,15
ORD001456,2024-01-18,CUST01055,Keyboard,Peripherals,129.67,4,UK,PayPal,0
ORD004709,2024-06-07,CUST01002,Mouse,Peripherals,95.89,3,Germany,Credit Card,10
ORD006143,2024-01-19,CUST01001,Keyboard,Peripherals,80.85,2,Poland,PayPal,0
ORD001645,2024-02-01,CUST01001,Mouse,Peripherals,56.67,2,Canada,Credit Card,0
ORD002141,2024-05-02,CUST01009,Keyboard,Peripherals,120.75,4,Netherlands,Debit Card,0
ORD004537,2024-01-06,CUST01173,Keyboard,Peripherals,99.47,3,UK,Credit Card,0
ORD004458,2024-02-27,CUST01001,Monitor,Displays,469.85,1,USA,PayPal,0
ORD006482,2024-04-19,CUST01001,Phone Stand,Accessories,60.45,4,Germany,PayPal,0
ORD004379,2024-02-05,CUST01011,Phone Stand,Accessories,31.91,1,UK,PayPal,15
ORD000730,2024-05-17,CUST01001,Keyboard,Peripherals,93.83,2,Netherlands,PayPal,0
ORD001937,2024-06-09,CUST01013,Laptop,Computers,1035.41,2,UK,Debit Card,0
ORD003794,2024-12-25,CUST01417,Headphones,Audio,146.75,3,Canada,Unknown,0
ORD007484,2024-07-26,CUST01003,Webcam,Video,32.59,4,France,Bank Transfer,0
ORD006919,2024-09-11,CUST01001,Phone Stand,Accessories,-100.0,4,USA,Bank Transfer,0
ORD005729,2024-01-15,CUST01001,Phone Stand,Accessories,-2.87,4,France,PayPal,0
ORD001111,2024-11-20,CUST01023,Mouse,Peripherals,60.47,3,Netherlands,Debit Card,10
ORD006519,2024-05-13,CUST01001,HDMI Cable,Cables,65.21,1,Poland,Credit Card,5
ORD002999,2024-09-03,CUST01538,Headphones,Audio,169.21,4,Poland,Unknown,0
ORD002395,2024-09-04,CUST01702,Webcam,Video,66.78,3,Poland,Debit Card,10
ORD001186,2024-11-14,CUST01001,Monitor,Displays,478.46,2,Poland,Debit Card,0
ORD002008,2024-11-24,CUST01004,Mouse,Peripherals,38.38,3,France,Unknown,0
ORD000194,2024-11-23,CUST01001,Monitor,Displays,474.61,3,Canada,Credit Card,0
ORD006413,2024-01-22,CUST01001,Desk Lamp,Accessories,117.02,2,Poland,Unknown,10
ORD000579,2024-02-16,CUST01002,Headphones,Audio,147.45,3,France,Credit Card,10
ORD000772,2024-07-17,CUST01084,Desk Lamp,Accessories,117.68,2,Netherlands,Unknown,0
ORD002396,2024-08-09,CUST01001,HDMI Cable,Cables,-29.74,1,Netherlands,Credit Card,5
ORD007940,2024-04-11,CUST01001,Phone Stand,Accessories,19.1,4,Germany,Debit Card,0
ORD001847,2024-10-02,CUST01002,Headphones,Audio,147.8,4,UK,Unknown,0
ORD006712,2024-01-28,CUST01001,Monitor,Displays,484.3,3,Netherlands,Bank Transfer,5
ORD004275,2024-07-20,CUST01008,Webcam,Video,81.51,4,France,PayPal,10
ORD003741,2024-11-22,CUST01004,Laptop,Computers,1055.31,1,Netherlands,Credit Card,10
ORD004601,2024-05-03,CUST01001,USB Hub,Peripherals,34.86,4,Germany,Debit Card,0
ORD005334,2024-02-28,CUST01001,USB Hub,Peripherals,35.45,2,Germany,Bank Transfer,0
ORD002074,2024-11-27,CUST01003,Monitor,Displays,437.66,1,Canada,Debit Card,10
ORD001897,2024-12-15,CUST01017,Monitor,Displays,523.88,1,Canada,PayPal,15
ORD005910,2024-08-01,CUST01002,Keyboard,Peripherals,125.95,3,Canada,Credit Card,15
ORD003660,2024-06-12,CUST01009,Phone Stand,Accessories,-11.37,3,Canada,Bank Transfer,0
ORD002380,2024-09-08,CUST01005,Mouse,Peripherals,62.46,2,France,Credit Card,0
ORD001448,2024-09-03,CUST01002,Phone Stand,Accessories,58.91,4,Netherlands,Unknown,0
ORD000343,2024-08-28,CUST01001,Phone Stand,Accessories,-19.73,3,Poland,Unknown,0
ORD007076,2024-01-07,CUST01002,Mouse,Peripherals,62.33,1,UK,Bank Transfer,10
ORD002528,2024-02-22,CUST01001,Monitor,Displays,533.2,2,Canada,Debit Card,5
ORD000728,2024-10-25,CUST01022,Laptop,Computers,1043.88,3,UK,PayPal,0
ORD004578,2024-02-17,CUST01001,Headphones,Audio,97.09,1,Canada,PayPal,10
ORD000977,2024-09-08,CUST01001,Keyboard,Peripherals,96.4,3,UK,Debit Card,0
ORD005663,2024-08-21,CUST01002,Webcam,Video,26.15,2,Germany,Credit Card,10
ORD003517,2024-12-21,CUST01003,Laptop,Computers,1063.32,3,USA,Debit Card,0
ORD005248,2024-07-19,CUST01033,Headphones,Audio,108.21,2,UK,Debit Card,0
ORD007694,2024-05-09,CUST01002,Webcam,Video,31.03,2,France,Bank Transfer,0
ORD003941,2024-01-09,CUST01001,Keyboard,Peripherals,167.21,4,Netherlands,PayPal,0
ORD001300,2024-10-24,CUST01001,Headphones,Audio,100.46,1,UK,PayPal,15
ORD007366,2024-01-29,CUST01001,Laptop,Computers,1077.99,2,Poland,Credit Card,5
ORD000661,2024-03-04,CUST01002,Webcam,Video,66.51,3,Germany,Unknown,15
ORD001493,2024-01-10,CUST01002,Laptop,Computers,1064.33,3,UK,Unknown,0
ORD005406,2024-05-20,CUST01002,USB Hub,Peripherals,67.19,2,UK,Debit Card,0
ORD005587,2024-05-09,CUST01002,Keyboard,Peripherals,171.05,3,Poland,Credit Card,0
ORD006131,2024-06-19,CUST01001,HDMI Cable,Cables,31.83,4,Germany,Debit Card,0
ORD002316,2024-12-14,CUST01002,Laptop,Computers,1050.62,2,UK,PayPal,0
ORD007446,2024-12-30,CUST01001,USB Hub,Peripherals,56.6,2,Canada,Unknown,0
ORD007842,2024-09-11,CUST01001,USB Hub,Peripherals,55.79,4,Poland,Credit Card,0
ORD001086,2024-03-05,CUST01002,HDMI Cable,Cables,20.24,2,UK,Credit Card,0
ORD007565,2024-01-04,CUST01001,USB Hub,Peripherals,27.67,1,France,Bank Transfer,0
ORD003199,2024-06-09,CUST01001,Mouse,Peripherals,99999.0,2,Germany,PayPal,0
ORD005435,2024-01-27,CUST01005,Mouse,Peripherals,67.11,4,Netherlands,Unknown,10
ORD005449,2024-12-22,CUST01001,Mouse,Peripherals,15.25,4,UK,Unknown,0
ORD000068,2024-01-28,CUST01613,USB Hub,Peripherals,-18.11,3,USA,Unknown,0
ORD006378,2024-09-28,CUST01004,Webcam,Video,89.36,2,UK,Debit Card,0
ORD002270,2024-01-26,CUST01046,HDMI Cable,Cables,-2.16,2,Poland,Bank Transfer,0
ORD005669,2024-09-16,CUST01005,Phone Stand,Accessories,22.36,1,Canada,Credit Card,10
ORD004841,2024-12-24,CUST01001,Laptop,Computers,1053.72,3,Germany,PayPal,5
ORD006324,2024-07-04,CUST01001,Keyboard,Peripherals,101.53,2,USA,Credit Card,0
ORD003448,2024-09-09,CUST01001,USB Hub,Peripherals,57.6,1,Canada,PayPal,10
ORD002368,2024-10-14,CUST01001,Monitor,Displays,467.12,2,USA,Credit Card,10
ORD004776,2024-05-17,CUST01003,Phone Stand,Accessories,27.86,1,Poland,Bank Transfer,5
ORD005363,2024-06-06,CUST01003,HDMI Cable,Cables,24.03,3,Netherlands,PayPal,0
ORD002513,2024-04-19,CUST01001,Monitor,Displays,452.14,4,Netherlands,Unknown,10
ORD002724,2024-12-15,CUST01002,Monitor,Displays,503.58,3,UK,Credit Card,0
ORD006833,2024-02-14,CUST01001,Monitor,Displays,511.66,2,Germany,PayPal,0
ORD005940,2024-10-28,CUST01003,Laptop,Computers,1108.66,2,France,Unknown,0
ORD001144,2024-09-05,CUST01001,Headphones,Audio,0.0,2,USA,Unknown,0
ORD007611,2024-11-10,CUST01015,Desk Lamp,Accessories,106.05,4,UK,PayPal,5
ORD004772,2024-03-09,CUST01015,HDMI Cable,Cables,-100.0,3,Poland,Unknown,0
ORD006880,2024-07-05,CUST01524,Keyboard,Peripherals,132.95,1,UK,PayPal,15
ORD006888,2024-01-02,CUST01003,Monitor,Displays,508.2,4,UK,PayPal,5
ORD003790,2024-07-26,CUST01001,Monitor,Displays,525.9,3,Netherlands,PayPal,0
ORD002221,2024-09-28,CUST01001,Webcam,Video,45.15,3,UK,Credit Card,15
ORD002332,2024-01-26,CUST01002,Mouse,Peripherals,79.07,4,Canada,PayPal,0
ORD004899,2024-09-27,CUST01001,Headphones,Audio,-100.0,4,Poland,PayPal,0
ORD005304,2024-12-17,CUST01007,Headphones,Audio,149.37,3,France,Credit Card,0
ORD007044,2024-06-25,CUST01005,Headphones,Audio,110.61,2,Netherlands,PayPal,0
ORD004089,2024-04-04,CUST01001,Headphones,Audio,137.91,1,France,Debit Card,0
ORD001968,2024-06-05,CUST01002,Desk Lamp,Accessories,105.77,1,Netherlands,PayPal,10
ORD007865,2024-07-14,CUST01001,Monitor,Displays,469.3,2,UK,Bank Transfer,5
ORD007407,2024-04-21,CUST01115,Webcam,Video,107.53,3,Germany,Unknown,0
ORD004366,2024-06-25,CUST01004,Phone Stand,Accessories,44.77,4,Germany,PayPal,0
ORD000424,2024-02-06,CUST01006,Monitor,Displays,501.65,3,France,Unknown,0
ORD006998,2024-01-01,CUST01060,Phone Stand,Accessories,20.65,3,Netherlands,PayPal,10
ORD001905,2024-06-12,CUST01002,Headphones,Audio,105.68,1,Canada,PayPal,0
ORD007279,2024-12-12,CUST01001,Keyboard,Peripherals,99999.0,1,Canada,Credit Card,15
ORD003918,2024-08-28,CUST01001,Laptop,Computers,1093.4,2,Poland,Bank Transfer,10
ORD003619,2024-10-16,CUST01007,Monitor,Displays,450.56,2,UK,Debit Card,0
ORD000840,2024-08-05,CUST01002,Mouse,Peripherals,7.98,2,Poland,Unknown,10
ORD004597,2024-11-04,CUST01005,Laptop,Computers,1023.25,4,Poland,Bank Transfer,10
ORD004937,2024-08-15,CUST01011,Headphones,Audio,173.27,4,USA,PayPal,0
ORD000142,2024-03-28,CUST01409,HDMI Cable,Cables,34.55,3,France,Bank Transfer,0
ORD006626,2024-05-03,CUST01011,Mouse,Peripherals,43.27,2,Netherlands,Credit Card,0
ORD001378,2024-02-17,CUST01013,Headphones,Audio,171.82,1,UK,Debit Card,15
ORD003675,2024-09-04,CUST01006,USB Hub,Peripherals,49.59,4,France,PayPal,5
ORD006241,2024-06-18,CUST01010,Desk Lamp,Accessories,63.61,3,Netherlands,Debit Card,15
ORD007857,2024-03-11,CUST01002,Headphones,Audio,137.78,1,UK,Debit Card,0
ORD003809,2024-10-26,CUST01013,Keyboard,Peripherals,113.87,1,France,Debit Card,5
ORD001139,2024-11-06,CUST01108,Headphones,Audio,159.66,4,Germany,Debit Card,0
ORD002258,2024-09-13,CUST01001,Laptop,Computers,1092.07,4,UK,PayPal,15
ORD001788,2024-01-27,CUST01002,HDMI Cable,Cables,-18.23,1,France,Debit Card,0
ORD003939,2024-02-29,CUST01001,Headphones,Audio,115.35,2,Germany,Credit Card,0
ORD005361,2024-05-20,CUST01002,Monitor,Displays,464.91,1,Netherlands,Unknown,0
ORD007384,2024-07-14,CUST01001,Keyboard,Peripherals,113.88,4,Canada,PayPal,0
ORD000460,2024-12-17,CUST01002,Desk Lamp,Accessories,136.78,2,Germany,Bank Transfer,0
ORD007334,2024-06-27,CUST01062,Phone Stand,Accessories,13.05,1,France,Credit Card,10
ORD000949,2024-03-01,CUST01002,Mouse,Peripherals,87.67,3,Netherlands,Unknown,5
ORD003701,2024-01-04,CUST01003,USB Hub,Peripherals,26.41,2,UK,Bank Transfer,0
ORD001337,2024-05-06,CUST01956,Headphones,Audio,92.79,2,Netherlands,Debit Card,10
ORD004629,2024-10-01,CUST01001,Headphones,Audio,131.9,2,France,Credit Card,0
ORD006389,2024-06-09,CUST01949,Webcam,Video,110.81,3,Poland,Unknown,0
ORD001603,2024-07-13,CUST01120,Webcam,Video,113.91,2,USA,Unknown,5
ORD000640,2024-06-30,CUST01002,Laptop,Computers,1038.21,4,Netherlands,Credit Card,0
ORD007738,2024-09-27,CUST01004,Webcam,Video,85.78,4,Germany,Bank Transfer,0
ORD003831,2024-07-13,CUST01001,Keyboard,Peripherals,133.59,4,Canada,Debit Card,0
ORD006220,2024-05-22,CUST01001,Headphones,Audio,162.87,2,UK,Bank Transfer,0
ORD005551,2024-05-04,CUST01019,Mouse,Peripherals,27.62,4,USA,Unknown,5
ORD007174,2024-10-08,CUST01001,Keyboard,Peripherals,108.78,3,UK,PayPal,5
ORD001071,2024-10-14,CUST01001,Mouse,Peripherals,58.06,1,France,Debit Card,0
ORD000156,2024-10-31,CUST01024,Mouse,Peripherals,51.33,2,Germany,Debit Card,5
ORD002296,2024-05-24,CUST01049,Laptop,Computers,1075.43,4,USA,Bank Transfer,0
ORD005120,2024-11-06,CUST01001,HDMI Cable,Cables,44.36,1,Germany,Unknown,15
ORD004579,2024-09-02,CUST01003,Webcam,Video,78.77,1,Netherlands,Debit Card,0
ORD001090,2024-05-07,CUST01002,HDMI Cable,Cables,-23.81,2,Netherlands,Credit Card,15
ORD002941,2024-10-29,CUST01035,Laptop,Computers,1052.13,1,Netherlands,PayPal,10
ORD006784,2024-04-25,CUST01001,Webcam,Video,122.08,4,USA,PayPal,0
ORD004385,2024-12-11,CUST01004,Laptop,Computers,1039.27,2,France,Unknown,5
ORD000931,2024-04-10,CUST01001,Laptop,Computers,1017.24,3,Germany,Credit Card,0
ORD002910,2024-04-20,CUST01814,USB Hub,Peripherals,54.47,2,Canada,Credit Card,0
ORD005168,2024-02-01,CUST01078,Desk Lamp,Accessories,93.35,4,Germany,Bank Transfer,10
ORD007358,2024-07-30,CUST01002,Monitor,Displays,478.66,4,Canada,Credit Card,10
ORD003248,2024-03-16,CUST01001,Phone Stand,Accessories,1.73,2,USA,Unknown,0
ORD007287,2024-02-27,CUST01003,HDMI Cable,Cables,46.56,1,Netherlands,Debit Card,0
ORD005963,2024-10-20,CUST01271,HDMI Cable,Cables,26.2,4,Poland,PayPal,15
ORD005885,2024-06-18,CUST01001,Monitor,Displays,445.04,2,Netherlands,Unknown,0
ORD007108,2024-01-25,CUST01001,Monitor,Displays,471.48,1,USA,PayPal,0
ORD006927,2024-04-25,CUST01006,Desk Lamp,Accessories,48.33,4,Poland,PayPal,0
ORD007475,2024-05-27,CUST01021,Mouse,Peripherals,16.75,4,Poland,Unknown,15
ORD001699,2024-08-14,CUST01001,Phone Stand,Accessories,69.56,2,Poland,Bank Transfer,0
ORD007546,2024-06-13,CUST01001,Phone Stand,Accessories,-5.89,3,Canada,Credit Card,10
ORD007972,2024-03-18,CUST01001,Desk Lamp,Accessories,135.07,2,Poland,Bank Transfer,0
ORD005429,2024-01-12,CUST01001,Desk Lamp,Accessories,112.63,2,Germany,Debit Card,0
ORD003832,2024-01-12,CUST01017,Mouse,Peripherals,31.7,3,USA,Debit Card,0
ORD007310,2024-12-12,CUST01024,Laptop,Computers,1105.86,4,USA,Credit Card,15
ORD007299,2024-10-15,CUST01040,Monitor,Displays,470.41,4,Poland,Credit Card,10
ORD001822,2024-08-07,CUST01501,Headphones,Audio,177.83,1,UK,Unknown,10
ORD007054,2024-10-11,CUST01002,Laptop,Computers,1043.95,3,Canada,Debit Card,10
ORD000588,2024-03-03,CUST01006,Mouse,Peripherals,41.8,1,Canada,PayPal,0
ORD007647,2024-09-18,CUST01008,Keyboard,Peripherals,96.59,1,Poland,PayPal,0
ORD005573,2024-10-28,CUST01010,Desk Lamp,Accessories,-100.0,3,USA,Unknown,0
ORD007304,2024-05-12,CUST01002,Keyboard,Peripherals,105.67,1,Germany,Unknown,5
ORD007967,2024-12-02,CUST01013,Keyboard,Peripherals,142.64,2,UK,Credit Card,5
ORD005100,2024-12-18,CUST01001,Desk Lamp,Accessories,52.84,1,France,Unknown,0
ORD006369,2024-12-19,CUST01004,Mouse,Peripherals,92.11,2,Canada,Credit Card,5
ORD001396,2024-06-22,CUST01012,Phone Stand,Accessories,3.69,4,UK,Bank Transfer,5
ORD000265,2024-07-05,CUST01002,Mouse,Peripherals,64.83,1,UK,Bank Transfer,0
ORD003548,2024-06-27,CUST01002,Keyboard,Peripherals,159.28,1,USA,Debit Card,0
ORD007101,2024-09-19,CUST01001,Webcam,Video,35.93,2,Germany,Debit Card,0
ORD005671,2024-03-26,CUST01006,Mouse,Peripherals,95.37,3,USA,Credit Card,0
ORD003865,2024-01-16,CUST01001,Monitor,Displays,470.2,2,France,Unknown,0
ORD006660,2024-02-17,CUST01002,Monitor,Displays,493.93,3,Netherlands,Bank Transfer,0
ORD002401,2024-09-08,CUST01003,Headphones,Audio,94.24,1,UK,PayPal,0
ORD005804,2024-04-12,CUST01001,Mouse,Peripherals,11.52,1,Netherlands,Bank Transfer,0
ORD003712,2024-10-31,CUST01001,Phone Stand,Accessories,62.02,4,UK,PayPal,10
ORD000247,2024-12-07,CUST01004,Monitor,Displays,486.46,2,UK,Bank Transfer,5
ORD001595,2024-01-26,CUST01002,Monitor,Displays,459.81,4,Poland,PayPal,0
ORD007792,2024-02-14,CUST01026,Mouse,Peripherals,59.16,1,UK,Bank Transfer,0
ORD005428,2024-11-03,CUST01001,USB Hub,Peripherals,33.54,4,USA,Debit Card,0
ORD000924,2024-07-10,CUST01002,Keyboard,Peripherals,112.79,2,USA,Credit Card,5
ORD006552,2024-04-28,CUST01001,Headphones,Audio,100.77,2,Poland,Debit Card,15
ORD007450,2024-04-03,CUST01001,Phone Stand,Accessories,66.05,3,Germany,Bank Transfer,0
ORD000670,2024-11-11,CUST01001,Monitor,Displays,461.79,4,Netherlands,Bank Transfer,0
ORD003605,2024-05-14,CUST01001,Laptop,Computers,1014.81,2,France,PayPal,5
ORD001911,2024-09-10,CUST01001,Headphones,Audio,167.61,1,Netherlands,PayPal,15
ORD005598,2024-11-21,CUST01003,Keyboard,Peripherals,113.97,1,Netherlands,Bank Transfer,0
ORD003959,2024-08-02,CUST01173,Phone Stand,Accessories,9.39,4,France,Credit Card,15
ORD002697,2024-02-13,CUST01010,Webcam,Video,27.96,1,UK,PayPal,0
ORD002592,2024-01-20,CUST01001,Desk Lamp,Accessories,66.16,1,UK,Debit Card,0
ORD001782,2024-09-26,CUST01020,Webcam,Video,83.96,1,Poland,Unknown,0
ORD003014,2024-05-01,CUST01001,Mouse,Peripherals,67.39,4,Netherlands,PayPal,0
ORD002308,2024-05-24,CUST01001,Monitor,Displays,528.84,3,Netherlands,Bank Transfer,0
ORD006163,2024-01-20,CUST01012,Phone Stand,Accessories,77.3,4,France,Credit Card,5
ORD003691,2024-08-11,CUST01001,Phone Stand,Accessories,62.54,1,USA,Unknown,15
ORD000688,2024-07-31,CUST01001,Keyboard,Peripherals,150.24,4,Netherlands,Bank Transfer,5
ORD000613,2024-05-15,CUST01001,HDMI Cable,Cables,20.72,1,Netherlands,Bank Transfer,15
ORD003201,2024-02-28,CUST01009,Mouse,Peripherals,102.9,4,UK,Debit Card,0
ORD002268,2024-07-03,CUST01016,Webcam,Video,99.96,3,USA,Debit Card,0
ORD007686,2024-09-04,CUST01001,HDMI Cable,Cables,39.81,1,USA,Unknown,0
ORD006101,2024-12-22,CUST01001,Desk Lamp,Accessories,130.99,4,USA,Bank Transfer,0
ORD001899,2024-04-29,CUST01001,Mouse,Peripherals,52.5,4,UK,Unknown,5
ORD005081,2024-01-14,CUST01001,Mouse,Peripherals,66.99,2,France,PayPal,0
ORD000259,2024-05-11,CUST01001,HDMI Cable,Cables,54.99,1,Netherlands,Debit Card,0
ORD002925,2024-09-15,CUST01003,Headphones,Audio,126.01,4,France,Bank Transfer,5
ORD002823,2024-02-13,CUST01001,HDMI Cable,Cables,16.14,4,Netherlands,Debit Card,10
ORD003340,2024-03-29,CUST01017,Monitor,Displays,453.76,2,Germany,PayPal,0
ORD003526,2024-02-17,CUST01005,Laptop,Computers,1064.13,3,USA,Bank Transfer,0
ORD004564,2024-10-03,CUST01003,Keyboard,Peripherals,109.69,1,France,Bank Transfer,0
ORD002286,2024-01-03,CUST01001,Mouse,Peripherals,12.5,4,Canada,PayPal,5
ORD006779,2024-11-06,CUST01001,HDMI Cable,Cables,-20.76,3,Netherlands,Credit Card,0
ORD000485,2024-06-18,CUST01014,Phone Stand,Accessories,-21.4,2,USA,Bank Transfer,0
ORD002212,2024-07-16,CUST01002,USB Hub,Peripherals,1.85,2,USA,Bank Transfer,15
ORD004980,2024-10-07,CUST01002,USB Hub,Peripherals,-0.24,4,Canada,Bank Transfer,0
ORD002556,2024-04-17,CUST01005,Headphones,Audio,180.91,1,Germany,Credit Card,0
ORD000008,2024-07-10,CUST01001,Mouse,Peripherals,22.9,1,Netherlands,Credit Card,0
ORD003658,2024-02-28,CUST01001,Keyboard,Peripherals,147.4,1,Germany,Unknown,0
ORD007451,2024-06-24,CUST01011,Desk Lamp,Accessories,117.96,2,USA,Debit Card,10
ORD004403,2024-09-01,CUST01001,Headphones,Audio,161.94,4,UK,PayPal,10
ORD002427,2024-05-20,CUST01014,Webcam,Video,117.8,2,Netherlands,Debit Card,10
ORD001815,2024-08-23,CUST01163,Monitor,Displays,445.93,2,Poland,PayPal,0
ORD002275,2024-02-21,CUST01014,Headphones,Audio,142.14,3,Germany,Bank Transfer,10
ORD001012,2024-04-18,CUST01001,Webcam,Video,31.47,4,Netherlands,PayPal,0
ORD005436,2024-03-13,CUST01001,Phone Stand,Accessories,30.03,1,USA,Bank Transfer,0
ORD001068,2024-09-05,CUST01001,USB Hub,Peripherals,30.52,4,Canada,Debit Card,10
ORD001992,2024-03-31,CUST01002,Laptop,Computers,1100.1,2,Canada,Credit Card,0
ORD003971,2024-10-30,CUST01001,Mouse,Peripherals,72.59,1,France,Debit Card,15
ORD005710,2024-02-22,CUST01003,Headphones,Audio,181.09,3,Germany,Bank Transfer,15
ORD006992,2024-03-09,CUST01001,HDMI Cable,Cables,6.5,3,Poland,Unknown,0
ORD003868,2024-11-16,CUST01007,Keyboard,Peripherals,100.25,1,UK,Bank Transfer,0
ORD007654,2024-07-01,CUST01005,USB Hub,Peripherals,54.54,3,USA,Bank Transfer,0
ORD003049,2024-01-28,CUST01001,HDMI Cable,Cables,19.23,1,Poland,Credit Card,0
ORD000782,2024-08-01,CUST01001,HDMI Cable,Cables,2.62,2,Germany,Debit Card,15
ORD007780,2024-07-31,CUST01004,Desk Lamp,Accessories,85.77,4,Poland,Credit Card,0
ORD001750,2024-07-19,CUST01004,Laptop,Computers,1047.7,3,USA,Bank Transfer,5
ORD002792,2024-11-27,CUST01002,Phone Stand,Accessories,-15.38,4,Netherlands,Credit Card,0
ORD001092,2024-12-19,CUST01008,Phone Stand,Accessories,40.57,1,Canada,Bank Transfer,0
ORD005549,2024-04-10,CUST01002,USB Hub,Peripherals,-11.13,1,Poland,Unknown,5
ORD006782,2024-04-20,CUST01003,Headphones,Audio,93.4,2,Canada,Credit Card,0
ORD006831,2024-11-29,CUST01001,Phone Stand,Accessories,76.87,4,UK,Unknown,15
ORD006510,2024-02-26,CUST01013,Monitor,Displays,533.06,1,Canada,Bank Transfer,15
ORD002609,2024-11-03,CUST01036,Headphones,Audio,169.28,4,Netherlands,Debit Card,15
ORD006579,2024-03-10,CUST01001,Headphones,Audio,157.17,4,UK,Debit Card,0
ORD002291,2024-10-19,CUST01001,Laptop,Computers,1090.32,4,Poland,PayPal,0
ORD001728,2024-03-12,CUST01001,HDMI Cable,Cables,1.38,1,Germany,PayPal,0
ORD000611,2024-03-08,CUST01003,USB Hub,Peripherals,61.94,3,France,PayPal,0
ORD004667,2024-01-18,CUST01174,Keyboard,Peripherals,121.7,3,Germany,Credit Card,0
ORD000344,2024-02-29,CUST01001,USB Hub,Peripherals,45.11,4,Canada,Credit Card,15
ORD005614,2024-10-04,CUST01001,Mouse,Peripherals,17.44,2,France,Bank Transfer,0
ORD006259,2024-04-20,CUST01001,Desk Lamp,Accessories,139.56,2,Netherlands,Bank Transfer,0
ORD003751,2024-02-13,CUST01024,Mouse,Peripherals,98.34,1,Netherlands,Debit Card,0
ORD005747,2024-08-18,CUST01001,Laptop,Computers,1037.75,3,Netherlands,PayPal,0
ORD007002,2024-10-21,CUST01001,USB Hub,Peripherals,-25.53,3,Canada,Unknown,0
ORD003216,2024-11-21,CUST01001,Webcam,Video,50.98,3,USA,Credit Card,0
ORD000098,2024-10-02,CUST01008,HDMI Cable,Cables,-2.43,1,Netherlands,Unknown,0
ORD005494,2024-06-28,CUST01030,HDMI Cable,Cables,-24.04,4,UK,Credit Card,0
ORD001538,2024-07-19,CUST01001,HDMI Cable,Cables,60.35,1,Netherlands,PayPal,5
ORD003589,2024-05-15,CUST01008,Headphones,Audio,115.96,3,France,Credit Card,0
ORD003649,2024-08-12,CUST01001,Webcam,Video,30.65,4,USA,Bank Transfer,0
ORD006386,2024-04-11,CUST01001,Headphones,Audio,160.29,3,UK,Bank Transfer,0
ORD007081,2024-02-03,CUST01001,Mouse,Peripherals,86.77,4,Netherlands,Unknown,0
ORD001518,2024-04-22,CUST01199,Webcam,Video,32.6,4,Canada,Bank Transfer,0
ORD007061,2024-05-13,CUST01001,Desk Lamp,Accessories,112.16,1,Canada,Unknown,5
ORD004625,2024-02-20,CUST01005,Desk Lamp,Accessories,136.21,2,USA,PayPal,0
ORD004273,2024-03-17,CUST01003,HDMI Cable,Cables,35.92,3,Poland,Unknown,0
ORD003670,2024-05-23,CUST01119,Phone Stand,Accessories,36.57,4,Poland,PayPal,15
ORD002091,2024-11-30,CUST01008,Phone Stand,Accessories,57.43,3,Canada,Debit Card,0
ORD000573,2024-06-28,CUST01001,USB Hub,Peripherals,19.15,2,Canada,Unknown,0
ORD007294,2024-11-20,CUST01001,Keyboard,Peripherals,111.05,1,Netherlands,Bank Transfer,0
ORD006081,2024-06-01,CUST01003,Mouse,Peripherals,47.23,3,France,Bank Transfer,0
ORD006662,2024-10-21,CUST01050,USB Hub,Peripherals,25.98,2,Canada,Credit Card,10
ORD003063,2024-04-24,CUST01004,Keyboard,Peripherals,154.24,3,Netherlands,Credit Card,0
ORD005091,2024-06-12,CUST01031,Webcam,Video,76.73,1,Germany,Debit Card,0
ORD005813,2024-09-15,CUST01522,HDMI Cable,Cables,-6.42,1,Netherlands,Unknown,0
ORD005220,2024-08-06,CUST01001,USB Hub,Peripherals,46.02,1,USA,Unknown,0
ORD005203,2024-04-29,CUST01007,Headphones,Audio,149.43,3,Germany,Debit Card,0
ORD006661,2024-05-06,CUST01001,Mouse,Peripherals,51.0,4,Canada,Bank Transfer,0
ORD004480,2024-07-24,CUST01001,Keyboard,Peripherals,107.14,4,Canada,Credit Card,10
ORD000371,2024-02-13,CUST01008,Desk Lamp,Accessories,94.45,4,France,Credit Card,5
ORD001939,2024-04-29,CUST01001,HDMI Cable,Cables,-15.04,3,USA,PayPal,10
ORD005682,2024-02-27,CUST01001,HDMI Cable,Cables,-9.35,4,France,Credit Card,0
ORD006924,2024-02-16,CUST01010,Mouse,Peripherals,69.49,1,UK,Credit Card,0
ORD003671,2024-10-01,CUST01001,HDMI Cable,Cables,39.85,3,Canada,Debit Card,0
ORD003653,2024-01-19,CUST01023,USB Hub,Peripherals,21.64,2,Netherlands,Credit Card,10
ORD002362,2024-11-04,CUST01005,HDMI Cable,Cables,-24.39,3,UK,Bank Transfer,5
ORD004261,2024-08-24,CUST01001,Phone Stand,Accessories,-17.54,4,Netherlands,Credit Card,0
ORD005007,2024-01-16,CUST01019,Keyboard,Peripherals,153.89,2,France,PayPal,0
ORD007230,2024-06-07,CUST01005,Mouse,Peripherals,97.25,1,Canada,PayPal,0
ORD003738,2024-05-30,CUST01001,Mouse,Peripherals,96.11,4,Netherlands,PayPal,5
ORD004951,2024-07-18,CUST01001,Keyboard,Peripherals,147.5,2,Germany,Debit Card,0
ORD005539,2024-04-03,CUST01002,Headphones,Audio,139.54,1,UK,Bank Transfer,0
ORD005572,2024-05-12,CUST01191,Phone Stand,Accessories,8.21,1,USA,Bank Transfer,15
ORD001172,2024-05-04,CUST01004,Monitor,Displays,507.61,1,Poland,Credit Card,15
ORD005230,2024-05-14,CUST01001,Webcam,Video,94.43,2,Poland,PayPal,0
ORD001423,2024-06-27,CUST01001,Keyboard,Peripherals,156.33,3,Poland,PayPal,5
ORD007199,2024-05-19,CUST01015,Headphones,Audio,154.81,4,Netherlands,PayPal,0
ORD007062,2024-06-06,CUST01012,Desk Lamp,Accessories,92.69,3,Netherlands,Credit Card,0
ORD005510,2024-08-23,CUST01005,Laptop,Computers,1095.34,2,UK,Debit Card,0
ORD000875,2024-10-18,CUST01003,Phone Stand,Accessories,-14.6,3,Canada,Bank Transfer,0
ORD002298,2024-08-13,CUST01001,Desk Lamp,Accessories,46.3,4,Germany,Credit Card,15
ORD002644,2024-01-20,CUST01008,USB Hub,Peripherals,-14.99,3,Poland,PayPal,15
ORD006951,2024-07-12,CUST01001,HDMI Cable,Cables,-2.37,2,Poland,Bank Transfer,0
ORD000582,2024-08-21,CUST01001,Desk Lamp,Accessories,50.74,1,Germany,Debit Card,0
ORD000205,2024-09-16,CUST01003,Headphones,Audio,114.23,2,Germany,Unknown,0
ORD001642,2024-04-20,CUST01001,Mouse,Peripherals,34.31,1,Netherlands,Unknown,0
ORD002015,2024-06-01,CUST01004,Headphones,Audio,112.23,3,Netherlands,PayPal,15
ORD003254,2024-01-07,CUST01375,Headphones,Audio,115.22,4,Poland,PayPal,10
ORD004963,2024-07-10,CUST01008,Webcam,Video,102.26,1,Poland,Debit Card,0
ORD000906,2024-06-08,CUST01049,Laptop,Computers,1107.27,3,Netherlands,Credit Card,15
ORD000632,2024-04-27,CUST01337,Monitor,Displays,477.82,3,France,Bank Transfer,10
ORD006354,2024-06-20,CUST01001,Webcam,Video,69.52,2,Netherlands,Bank Transfer,0
ORD005154,2024-06-20,CUST01009,Phone Stand,Accessories,69.89,1,Canada,Credit Card,0
ORD001975,2024-02-18,CUST01029,Mouse,Peripherals,105.81,3,Poland,Bank Transfer,5
ORD000163,2024-07-05,CUST01001,Desk Lamp,Accessories,58.58,4,USA,Debit Card,5
ORD005481,2024-02-27,CUST01001,Mouse,Peripherals,29.83,2,UK,Credit Card,5
ORD007790,2024-04-06,CUST01001,Headphones,Audio,149.94,3,UK,Credit Card,0
ORD005112,2024-12-03,CUST01002,Headphones,Audio,129.14,1,Germany,Bank Transfer,10
ORD004714,2024-06-01,CUST01001,Desk Lamp,Accessories,115.97,4,Netherlands,Debit Card,0
ORD000876,2024-03-06,CUST01022,Phone Stand,Accessories,-14.56,4,Germany,PayPal,0
ORD001432,2024-02-04,CUST01001,Laptop,Computers,1087.35,4,USA,Bank Transfer,15
ORD004644,2024-11-05,CUST01005,Laptop,Computers,1017.83,4,UK,Credit Card,5
ORD006756,2024-11-26,CUST01001,HDMI Cable,Cables,-21.04,1,Netherlands,Credit Card,10
ORD005018,2024-01-20,CUST01010,Keyboard,Peripherals,90.77,2,Canada,Bank Transfer,10
ORD005109,2024-10-03,CUST01007,Headphones,Audio,110.61,2,USA,Credit Card,0
ORD002857,2024-07-07,CUST01025,Webcam,Video,81.48,1,UK,PayPal,0
ORD001862,2024-03-18,CUST01010,Keyboard,Peripherals,91.57,4,Canada,PayPal,0
ORD002660,2024-04-25,CUST01049,Laptop,Computers,1042.73,1,Canada,Credit Card,10
ORD003385,2024-11-24,CUST01001,USB Hub,Peripherals,39.45,3,Netherlands,Bank Transfer,0
ORD007363,2024-02-06,CUST01001,Webcam,Video,54.11,1,Poland,PayPal,15
ORD007680,2024-11-01,CUST01025,Laptop,Computers,1111.19,3,France,Debit Card,5
ORD005313,2024-05-27,CUST01001,HDMI Cable,Cables,-13.95,4,France,Bank Transfer,0
ORD004734,2024-12-28,CUST01001,Laptop,Computers,1069.45,3,Poland,Bank Transfer,5
ORD003332,2024-07-30,CUST01003,HDMI Cable,Cables,29.92,4,Canada,Unknown,15
ORD006562,2024-01-03,CUST01149,USB Hub,Peripherals,-3.29,4,Netherlands,Unknown,10
ORD006762,2024-11-13,CUST01003,Webcam,Video,113.25,4,France,Debit Card,0
ORD005599,2024-06-12,CUST01001,Keyboard,Peripherals,108.78,1,USA,Credit Card,0
ORD002097,2024-11-08,CUST01002,HDMI Cable,Cables,55.67,3,USA,PayPal,0
ORD002004,2024-02-20,CUST01079,Webcam,Video,53.57,1,Germany,Unknown,5
ORD005460,2024-05-11,CUST01001,Monitor,Displays,506.91,1,Germany,Unknown,10
ORD000547,2024-02-18,CUST01003,Webcam,Video,112.19,2,UK,Credit Card,0
ORD001450,2024-08-28,CUST01001,Monitor,Displays,492.05,1,Canada,Unknown,5
ORD007831,2024-07-26,CUST01001,Webcam,Video,51.95,3,Germany,Debit Card,15
ORD002611,2024-10-14,CUST01001,Mouse,Peripherals,47.27,2,USA,Credit Card,0
ORD001901,2024-04-21,CUST01001,Monitor,Displays,525.1,2,Netherlands,Bank Transfer,0
ORD006323,2024-07-15,CUST01002,Laptop,Computers,1082.59,3,Netherlands,PayPal,10
ORD002758,2024-03-29,CUST01025,Mouse,Peripherals,55.27,1,Poland,Debit Card,0
ORD001886,2024-09-24,CUST01003,USB Hub,Peripherals,65.8,1,France,Unknown,15
ORD007747,2024-04-05,CUST01204,HDMI Cable,Cables,45.37,2,Canada,Credit Card,0
ORD002098,2024-11-26,CUST01003,Mouse,Peripherals,74.64,1,France,Unknown,0
ORD006979,2024-02-27,CUST01002,USB Hub,Peripherals,21.29,3,France,PayPal,0
ORD007206,2024-08-11,CUST01002,Headphones,Audio,152.28,3,Poland,Credit Card,0
ORD000837,2024-02-01,CUST01005,Mouse,Peripherals,99.05,3,Germany,PayPal,0
ORD003472,2024-07-28,CUST01001,Headphones,Audio,100.69,4,USA,PayPal,5
ORD004698,2024-03-12,CUST01001,Laptop,Computers,1017.12,1,UK,Credit Card,10
ORD006383,2024-09-30,CUST01005,Phone Stand,Accessories,-1.99,2,USA,Unknown,5
ORD002172,2024-03-18,CUST01001,HDMI Cable,Cables,-6.43,1,Netherlands,Debit Card,0
ORD006895,2024-04-05,CUST01002,Keyboard,Peripherals,122.84,3,France,Credit Card,0
ORD006830,2024-12-19,CUST01020,Headphones,Audio,120.15,2,UK,Credit Card,15
ORD000399,2024-11-26,CUST01398,Desk Lamp,Accessories,93.51,4,France,Bank Transfer,0
ORD002011,2024-12-17,CUST01014,Webcam,Video,93.5,2,Canada,Unknown,5
ORD007700,2024-11-02,CUST01005,HDMI Cable,Cables,52.02,3,USA,Unknown,0
ORD001284,2024-09-08,CUST01003,Mouse,Peripherals,43.96,3,France,Bank Transfer,0
ORD005662,2024-04-14,CUST01005,Desk Lamp,Accessories,42.81,1,France,PayPal,5
ORD005868,2024-09-01,CUST01068,Desk Lamp,Accessories,95.3,2,Poland,Credit Card,10
ORD004257,2024-08-24,CUST01001,USB Hub,Peripherals,23.52,1,UK,Credit Card,5
ORD001837,2024-02-14,CUST01001,Mouse,Peripherals,49.22,3,USA,Unknown,0
ORD001020,2024-10-29,CUST01001,USB Hub,Peripherals,-6.89,4,Poland,Unknown,10
ORD001327,2024-03-13,CUST01001,Mouse,Peripherals,86.37,4,Poland,Credit Card,0
ORD007258,2024-05-20,CUST01007,Monitor,Displays,475.92,1,UK,Debit Card,0
ORD000476,2024-11-24,CUST01010,Phone Stand,Accessories,43.24,2,Germany,Bank Transfer,0
ORD002811,2024-12-04,CUST01031,Desk Lamp,Accessories,63.97,4,Poland,Debit Card,0
ORD006028,2024-11-14,CUST01086,USB Hub,Peripherals,-17.28,3,Germany,Unknown,5
ORD001652,2024-07-07,CUST01010,Laptop,Computers,1060.33,1,USA,Unknown,15
ORD007442,2024-06-08,CUST01001,Monitor,Displays,528.96,3,Germany,Credit Card,15
ORD006856,2024-04-20,CUST01027,Desk Lamp,Accessories,84.41,1,Germany,Credit Card,0
ORD002529,2024-10-02,CUST01049,Desk Lamp,Accessories,96.42,4,France,Bank Transfer,0
ORD001207,2024-01-31,CUST01002,Mouse,Peripherals,77.07,3,Canada,Unknown,0
ORD005221,2024-08-30,CUST01001,Laptop,Computers,1056.5,2,Germany,Bank Transfer,0
ORD007107,2024-10-20,CUST01001,Phone Stand,Accessories,3.89,2,Poland,PayPal,5
ORD006175,2024-01-09,CUST01007,Webcam,Video,119.98,3,Canada,Debit Card,0
ORD005066,2024-07-08,CUST01001,Phone Stand,Accessories,40.39,3,France,PayPal,15
ORD000868,2024-08-28,CUST01001,Laptop,Computers,1064.09,3,Germany,Debit Card,0
ORD002975,2024-07-18,CUST01002,Desk Lamp,Accessories,63.41,2,France,Bank Transfer,0
ORD000542,2024-11-07,CUST01534,Laptop,Computers,1043.63,2,USA,Bank Transfer,0
ORD001133,2024-09-04,CUST01001,Phone Stand,Accessories,25.0,3,Netherlands,Unknown,5
ORD007766,2024-01-10,CUST01002,Monitor,Displays,443.58,2,USA,Bank Transfer,15
ORD006329,2024-06-17,CUST01002,Webcam,Video,64.3,3,Netherlands,Credit Card,15
ORD003391,2024-01-25,CUST01002,HDMI Cable,Cables,26.51,4,Germany,Credit Card,10
ORD005774,2024-02-09,CUST01001,Headphones,Audio,121.83,2,UK,Debit Card,0
ORD002963,2024-10-13,CUST01001,USB Hub,Peripherals,3.56,3,Canada,PayPal,15
ORD004156,2024-05-21,CUST01001,Webcam,Video,27.75,1,France,Bank Transfer,10
ORD003260,2024-09-08,CUST01004,Keyboard,Peripherals,75.69,2,USA,Unknown,0
ORD005215,2024-05-25,CUST01043,USB Hub,Peripherals,22.2,2,Netherlands,Debit Card,0
ORD007917,2024-11-07,CUST01034,Mouse,Peripherals,45.07,3,France,Debit Card,0
ORD002584,2024-07-08,CUST01001,Desk Lamp,Accessories,69.06,3,UK,PayPal,10
ORD002814,2024-03-22,CUST01016,USB Hub,Peripherals,33.85,2,Netherlands,Credit Card,10
ORD006227,2024-08-23,CUST01001,Mouse,Peripherals,81.29,3,Germany,Unknown,0
ORD006952,2024-05-25,CUST01022,Phone Stand,Accessories,74.8,2,UK,Unknown,10
ORD005529,2024-07-11,CUST01002,Laptop,Computers,1098.3,2,Poland,Bank Transfer,5
ORD003587,2024-03-24,CUST01009,USB Hub,Peripherals,31.75,3,Poland,Unknown,0
ORD006891,2024-03-24,CUST01001,Monitor,Displays,523.48,3,USA,Debit Card,0
ORD005256,2024-07-06,CUST01109,Monitor,Displays,457.29,1,France,Credit Card,10
ORD006826,2024-02-27,CUST01001,Webcam,Video,-100.0,2,Netherlands,Unknown,0
ORD002631,2024-04-18,CUST01005,Mouse,Peripherals,41.08,3,USA,Debit Card,0
ORD006426,2024-07-24,CUST01009,Desk Lamp,Accessories,86.5,4,France,Unknown,0
ORD001081,2024-12-10,CUST01002,Mouse,Peripherals,12.2,4,UK,Credit Card,5
ORD004284,2024-11-27,CUST01001,USB Hub,Peripherals,-100.0,2,Netherlands,Credit Card,10
ORD002086,2024-10-16,CUST01131,Webcam,Video,81.38,4,USA,Credit Card,0
ORD002453,2024-08-15,CUST01001,Headphones,Audio,109.04,2,France,Credit Card,0
ORD004967,2024-02-15,CUST01001,Phone Stand,Accessories,38.85,2,UK,Unknown,0
ORD002024,2024-12-20,CUST01001,USB Hub,Peripherals,-23.73,4,UK,Bank Transfer,5
ORD007244,2024-11-25,CUST01005,Webcam,Video,109.79,1,Germany,PayPal,15
ORD006623,2024-08-31,CUST01030,Phone Stand,Accessories,65.63,3,UK,Unknown,0
ORD000227,2024-04-12,CUST01229,Phone Stand,Accessories,35.35,1,Canada,Bank Transfer,0
ORD001014,2024-12-20,CUST01001,Webcam,Video,23.92,4,UK,Unknown,15
ORD001930,2024-01-29,CUST01001,USB Hub,Peripherals,22.82,4,France,Credit Card,0
ORD005666,2024-01-13,CUST01001,USB Hub,Peripherals,10.65,1,Poland,Bank Transfer,0
ORD001405,2024-07-12,CUST01001,Headphones,Audio,96.06,3,Poland,PayPal,10
ORD002180,2024-08-30,CUST01001,Headphones,Audio,120.84,2,Germany,PayPal,10
ORD000698,2024-10-22,CUST01001,USB Hub,Peripherals,22.68,1,Poland,PayPal,0
ORD001125,2024-09-06,CUST01094,Desk Lamp,Accessories,93.65,1,USA,Credit Card,0
ORD003896,2024-06-25,CUST01024,Monitor,Displays,514.65,4,USA,Bank Transfer,0
ORD001779,2024-01-25,CUST01007,Keyboard,Peripherals,137.44,2,Canada,Debit Card,5
ORD005982,2024-07-16,CUST01335,USB Hub,Peripherals,0.52,3,Germany,PayPal,0
ORD002635,2024-01-18,CUST01063,Headphones,Audio,160.34,4,Canada,Debit Card,0
ORD003490,2024-09-26,CUST01217,Monitor,Displays,455.65,3,Netherlands,Unknown,15
ORD001038,2024-01-09,CUST01003,Phone Stand,Accessories,0.97,2,France,Unknown,10
ORD002257,2024-08-03,CUST01001,Webcam,Video,35.44,4,UK,Bank Transfer,0
ORD005376,2024-07-05,CUST01005,USB Hub,Peripherals,57.96,1,Germany,Credit Card,0
ORD007925,2024-04-05,CUST01001,Keyboard,Peripherals,124.55,4,Poland,Debit Card,0
ORD000314,2024-04-12,CUST01007,Desk Lamp,Accessories,0.0,4,UK,Debit Card,5
ORD002650,2024-08-27,CUST01002,Mouse,Peripherals,45.75,3,Netherlands,Debit Card,5
ORD002282,2024-04-12,CUST01375,Keyboard,Peripherals,105.7,1,Germany,Bank Transfer,10
ORD007498,2024-04-29,CUST01001,Keyboard,Peripherals,97.42,4,France,Unknown,15
ORD002548,2024-04-19,CUST01050,Keyboard,Peripherals,125.68,2,Poland,PayPal,0
ORD002160,2024-04-28,CUST01002,Mouse,Peripherals,43.59,1,UK,PayPal,10
ORD003138,2024-08-31,CUST01001,HDMI Cable,Cables,6.73,4,Canada,Credit Card,0
ORD007812,2024-05-19,CUST01001,Webcam,Video,112.24,2,USA,Unknown,15
ORD003968,2024-07-19,CUST01005,HDMI Cable,Cables,-13.31,1,Netherlands,Debit Card,0
ORD001429,2024-03-14,CUST01001,Phone Stand,Accessories,44.25,3,Netherlands,Unknown,0
ORD005699,2024-08-27,CUST01001,Monitor,Displays,442.82,4,UK,Debit Card,0
ORD002521,2024-09-04,CUST01004,Laptop,Computers,1031.52,3,USA,Unknown,0
ORD005163,2024-01-08,CUST01030,Phone Stand,Accessories,32.6,4,Netherlands,Credit Card,0
ORD005810,2024-06-30,CUST01002,Mouse,Peripherals,67.76,4,Poland,Unknown,0
ORD005936,2024-05-04,CUST01001,Phone Stand,Accessories,23.45,1,Canada,Credit Card,5
ORD000449,2024-01-21,CUST01006,Webcam,Video,57.36,3,UK,Debit Card,10
ORD006082,2024-10-10,CUST01001,Laptop,Computers,1068.09,4,UK,PayPal,0
ORD001285,2024-10-19,CUST01127,Phone Stand,Accessories,60.58,3,Canada,Unknown,10
ORD003728,2024-10-01,CUST01001,Webcam,Video,102.28,4,UK,Debit Card,0
ORD000362,2024-01-07,CUST01057,Mouse,Peripherals,46.09,4,Poland,Bank Transfer,0
ORD006464,2024-12-19,CUST01028,Desk Lamp,Accessories,67.03,3,Canada,PayPal,15
ORD006395,2024-01-22,CUST01003,Laptop,Computers,1056.88,4,Canada,Credit Card,0
ORD002461,2024-03-24,CUST01001,Laptop,Computers,1099.65,2,Netherlands,PayPal,10
ORD000023,2024-01-24,CUST01001,Keyboard,Peripherals,107.24,4,France,Unknown,0
ORD002067,2024-03-28,CUST01156,HDMI Cable,Cables,22.95,3,UK,Bank Transfer,10
ORD001654,2024-06-30,CUST01020,Phone Stand,Accessories,8.94,2,UK,Credit Card,10
ORD000703,2024-06-21,CUST01001,Mouse,Peripherals,10.55,3,USA,PayPal,5
ORD006904,2024-03-19,CUST01052,Mouse,Peripherals,37.88,3,France,PayPal,0
ORD002744,2024-05-05,CUST01005,USB Hub,Peripherals,35.0,4,France,Debit Card,5
ORD001377,2024-10-09,CUST01082,Keyboard,Peripherals,139.35,2,Canada,Unknown,0
ORD006522,2024-11-25,CUST01003,Monitor,Displays,444.12,4,Germany,Debit Card,0
ORD002469,2024-02-15,CUST01011,Laptop,Computers,1013.94,2,Poland,Credit Card,0
ORD003755,2024-06-28,CUST01001,Mouse,Peripherals,76.91,2,Netherlands,Credit Card,0
ORD002326,2024-05-20,CUST01001,Headphones,Audio,153.67,4,Poland,Debit Card,5
ORD000461,2024-01-05,CUST01008,Monitor,Displays,505.28,2,USA,Debit Card,0
ORD004184,2024-09-23,CUST01001,Mouse,Peripherals,6.17,2,USA,Debit Card,10
ORD004083,2024-06-23,CUST01014,USB Hub,Peripherals,-5.24,3,Germany,Debit Card,0
ORD001487,2024-08-14,CUST01004,Desk Lamp,Accessories,74.3,4,USA,Bank Transfer,15
ORD003679,2024-01-25,CUST01002,Webcam,Video,34.53,4,Germany,Debit Card,5
ORD000283,2024-10-27,CUST01001,Keyboard,Peripherals,115.11,1,France,Bank Transfer,0
ORD004559,2024-02-20,CUST01001,Webcam,Video,96.43,2,Poland,Bank Transfer,0
ORD004309,2024-05-27,CUST01006,Desk Lamp,Accessories,91.09,1,Canada,Debit Card,5
ORD004866,2024-08-22,CUST01001,HDMI Cable,Cables,19.36,3,France,Unknown,5
ORD003538,2024-06-25,CUST01196,Mouse,Peripherals,73.21,4,Netherlands,Debit Card,0
ORD006574,2024-02-01,CUST01001,Headphones,Audio,90.79,1,UK,Bank Transfer,0
ORD002582,2024-10-20,CUST01001,HDMI Cable,Cables,7.94,4,USA,Bank Transfer,0
ORD001369,2024-05-11,CUST01001,Webcam,Video,100.58,2,France,Unknown,0
ORD007236,2024-01-18,CUST01002,Phone Stand,Accessories,74.06,2,Canada,Bank Transfer,0
ORD005390,2024-11-12,CUST01001,Desk Lamp,Accessories,132.38,4,France,Bank Transfer,15
ORD000598,2024-05-12,CUST01001,Desk Lamp,Accessories,54.33,1,USA,PayPal,15
ORD004352,2024-08-08,CUST01002,Desk Lamp,Accessories,117.49,4,France,Bank Transfer,0
ORD006518,2024-10-31,CUST01001,Phone Stand,Accessories,-14.6,2,Canada,Credit Card,15
ORD004759,2024-09-14,CUST01001,Laptop,Computers,1058.3,4,Canada,Bank Transfer,0
ORD007959,2024-06-02,CUST01004,Keyboard,Peripherals,108.81,4,Canada,Unknown,10
ORD007750,2024-03-12,CUST01589,HDMI Cable,Cables,53.7,2,UK,Credit Card,15
ORD007161,2024-06-25,CUST01005,Phone Stand,Accessories,0.0,2,France,Credit Card,15
ORD003469,2024-06-27,CUST01001,USB Hub,Peripherals,71.25,3,USA,Credit Card,0
ORD005134,2024-10-06,CUST01406,Monitor,Displays,459.12,3,Germany,Unknown,5
ORD002991,2024-09-02,CUST01001,Phone Stand,Accessories,64.4,3,France,Credit Card,5
ORD007139,2024-06-10,CUST01002,HDMI Cable,Cables,-27.78,3,UK,Unknown,5
ORD007862,2024-01-12,CUST01005,Phone Stand,Accessories,39.57,3,Poland,Debit Card,0
ORD002545,2024-01-27,CUST01002,Keyboard,Peripherals,81.17,2,Canada,Debit Card,0
ORD005968,2024-02-24,CUST01001,Mouse,Peripherals,-100.0,2,USA,Unknown,15
ORD005880,2024-06-13,CUST01001,Desk Lamp,Accessories,78.64,3,Netherlands,Debit Card,0
ORD004067,2024-06-05,CUST01020,Phone Stand,Accessories,42.4,1,France,PayPal,0
ORD003989,2024-07-12,CUST01003,Phone Stand,Accessories,70.25,3,France,Bank Transfer,15
ORD007829,2024-05-19,CUST01002,Laptop,Computers,1026.41,4,Netherlands,Bank Transfer,5
ORD000686,2024-08-10,CUST01282,Phone Stand,Accessories,75.03,1,UK,PayPal,0
ORD007065,2024-07-02,CUST01001,Laptop,Computers,1079.43,4,UK,Unknown,0
ORD003244,2024-02-12,CUST01001,Monitor,Displays,467.93,4,UK,PayPal,10
ORD006978,2024-06-20,CUST01001,HDMI Cable,Cables,25.82,2,UK,Debit Card,0
ORD004084,2024-12-05,CUST01220,USB Hub,Peripherals,64.45,1,UK,Bank Transfer,0
ORD002838,2024-04-01,CUST01001,Keyboard,Peripherals,101.63,2,UK,Debit Card,0
ORD003698,2024-04-11,CUST01001,USB Hub,Peripherals,-22.31,1,Netherlands,PayPal,15
ORD004942,2024-01-19,CUST01001,Headphones,Audio,112.36,1,France,Credit Card,0
ORD007033,2024-08-23,CUST01001,Webcam,Video,121.61,2,Poland,Bank Transfer,0
ORD004041,2024-12-07,CUST01019,Laptop,Computers,1059.76,2,Poland,PayPal,0
ORD002231,2024-10-17,CUST01001,Webcam,Video,63.09,4,Canada,PayPal,15
ORD005859,2024-10-23,CUST01137,Webcam,Video,76.28,1,Poland,Unknown,0
ORD002321,2024-04-04,CUST01002,USB Hub,Peripherals,41.91,4,UK,PayPal,0
ORD004879,2024-01-10,CUST01002,Monitor,Displays,510.8,1,Germany,Bank Transfer,0
ORD000522,2024-12-30,CUST01002,Keyboard,Peripherals,107.19,1,USA,PayPal,0
ORD000523,2024-12-29,CUST01001,Monitor,Displays,464.92,1,Canada,PayPal,15
ORD007478,2024-12-16,CUST01001,USB Hub,Peripherals,18.7,2,USA,Credit Card,0
ORD006455,2024-10-23,CUST01002,Keyboard,Peripherals,99.48,2,Netherlands,Bank Transfer,0
ORD006057,2024-06-26,CUST01002,Mouse,Peripherals,101.23,4,Poland,Credit Card,0
ORD000781,2024-02-25,CUST01001,HDMI Cable,Cables,-12.75,1,USA,Credit Card,0
ORD006277,2024-11-12,CUST01003,Keyboard,Peripherals,94.66,3,Poland,Debit Card,0
ORD005441,2024-04-15,CUST01001,Keyboard,Peripherals,147.55,3,Netherlands,Debit Card,0
ORD000652,2024-12-26,CUST01001,Phone Stand,Accessories,14.21,4,Netherlands,Bank Transfer,0
ORD005988,2024-10-06,CUST01001,Monitor,Displays,453.8,4,Netherlands,PayPal,10
ORD002197,2024-04-12,CUST01001,HDMI Cable,Cables,65.36,2,USA,Bank Transfer,10
ORD000370,2024-04-12,CUST01003,Desk Lamp,Accessories,55.92,1,Netherlands,Credit Card,0
ORD005266,2024-03-24,CUST01004,Phone Stand,Accessories,21.96,4,Poland,Debit Card,0
ORD004215,2024-07-31,CUST01004,Headphones,Audio,105.94,3,Germany,Unknown,0
ORD000378,2024-03-05,CUST01050,Phone Stand,Accessories,-18.7,3,UK,PayPal,15
ORD007467,2024-08-31,CUST01010,HDMI Cable,Cables,5.29,2,Poland,Unknown,5
ORD002217,2024-04-19,CUST01008,Phone Stand,Accessories,-18.59,3,UK,PayPal,10
ORD006111,2024-01-19,CUST01004,HDMI Cable,Cables,-16.17,1,France,PayPal,0
ORD001614,2024-12-15,CUST01071,Phone Stand,Accessories,34.66,2,UK,Unknown,15
ORD007200,2024-10-17,CUST01982,Monitor,Displays,457.18,2,Poland,Credit Card,5
ORD003633,2024-06-19,CUST01009,Desk Lamp,Accessories,89.9,3,Germany,Credit Card,0
ORD000963,2024-09-24,CUST01299,Phone Stand,Accessories,27.99,2,France,PayPal,0
ORD007220,2024-06-03,CUST01003,Webcam,Video,43.17,1,Netherlands,Bank Transfer,0
ORD007525,2024-11-02,CUST01004,HDMI Cable,Cables,35.05,1,France,Unknown,5
ORD006117,2024-07-05,CUST01016,Monitor,Displays,474.2,3,UK,Bank Transfer,0
ORD005442,2024-03-28,CUST01002,Headphones,Audio,169.56,2,USA,Debit Card,5
ORD000360,2024-01-26,CUST01045,Webcam,Video,57.7,1,Poland,Unknown,0
ORD003840,2024-01-25,CUST01002,Webcam,Video,87.95,4,France,Debit Card,0
ORD001247,2024-03-14,CUST01046,Laptop,Computers,1013.94,1,USA,Unknown,15
ORD005602,2024-09-01,CUST01001,HDMI Cable,Cables,5.19,4,Germany,Bank Transfer,0
ORD003695,2024-12-11,CUST01001,Mouse,Peripherals,14.41,1,UK,Unknown,10
ORD006774,2024-04-25,CUST01001,Desk Lamp,Accessories,84.06,4,Canada,Bank Transfer,0
ORD002568,2024-08-08,CUST01019,Webcam,Video,83.35,2,Canada,Bank Transfer,0
ORD003424,2024-06-10,CUST01001,Phone Stand,Accessories,73.21,3,France,PayPal,5
ORD002038,2024-09-15,CUST01002,Webcam,Video,42.4,1,Poland,Debit Card,10
ORD000773,2024-04-01,CUST01001,Monitor,Displays,467.67,4,France,Bank Transfer,0
ORD007370,2024-02-02,CUST01001,Desk Lamp,Accessories,81.56,2,Canada,Debit Card,5
ORD003563,2024-11-02,CUST01047,Webcam,Video,116.28,2,UK,PayPal,0
ORD007588,2024-01-05,CUST01005,Keyboard,Peripherals,88.41,3,Canada,Credit Card,0
ORD007332,2024-05-24,CUST01011,Headphones,Audio,81.97,2,France,Bank Transfer,15
ORD005315,2024-01-21,CUST01098,USB Hub,Peripherals,-18.38,2,Germany,Debit Card,0
ORD004532,2024-07-08,CUST01003,Mouse,Peripherals,16.12,2,Canada,Debit Card,10
ORD001675,2024-02-18,CUST01015,Desk Lamp,Accessories,76.68,1,Canada,Credit Card,5
ORD000366,2024-04-26,CUST01003,Monitor,Displays,487.72,4,Netherlands,Credit Card,0
ORD005275,2024-06-17,CUST01010,Headphones,Audio,87.88,4,USA,Debit Card,15
ORD006925,2024-12-11,CUST01004,Mouse,Peripherals,105.78,2,Canada,Credit Card,10
ORD004328,2024-11-25,CUST01001,Mouse,Peripherals,63.06,1,Germany,Unknown,5
ORD000148,2024-10-04,CUST01001,Headphones,Audio,158.27,1,UK,Debit Card,10
ORD007051,2024-12-10,CUST01014,Keyboard,Peripherals,134.68,2,Poland,Unknown,0
ORD003089,2024-01-04,CUST01003,Mouse,Peripherals,23.34,3,France,PayPal,5
ORD006331,2024-03-31,CUST01033,HDMI Cable,Cables,4.29,4,USA,Unknown,0
ORD000408,2024-04-29,CUST01036,HDMI Cable,Cables,29.63,2,Germany,Unknown,0
ORD007419,2024-08-30,CUST01001,HDMI Cable,Cables,38.14,4,Germany,PayPal,0
ORD003457,2024-06-15,CUST01001,Phone Stand,Accessories,19.72,2,Netherlands,Debit Card,0
ORD004183,2024-07-01,CUST01003,Monitor,Displays,485.94,2,Canada,Unknown,0
ORD003577,2024-06-14,CUST01001,Desk Lamp,Accessories,139.72,1,Germany,Bank Transfer,0
ORD003272,2024-03-07,CUST01011,Keyboard,Peripherals,89.8,1,USA,Unknown,5
ORD004941,2024-05-24,CUST01001,Monitor,Displays,476.41,4,USA,Bank Transfer,15
ORD001032,2024-10-15,CUST01002,Phone Stand,Accessories,15.94,1,Germany,Credit Card,0
ORD005260,2024-04-21,CUST01001,Headphones,Audio,155.34,1,Poland,Debit Card,0
ORD000856,2024-07-23,CUST01025,Phone Stand,Accessories,32.18,2,Poland,PayPal,15
ORD003927,2024-06-01,CUST01014,Laptop,Computers,1083.02,4,USA,Credit Card,0
ORD000079,2024-11-19,CUST01002,Keyboard,Peripherals,153.24,2,France,Bank Transfer,10
ORD002248,2024-06-06,CUST01036,Webcam,Video,71.0,3,Netherlands,Debit Card,15
ORD005947,2024-04-22,CUST01010,Mouse,Peripherals,44.35,3,Netherlands,Bank Transfer,10
ORD007326,2024-03-26,CUST01001,Laptop,Computers,1044.17,4,UK,Bank Transfer,0
ORD007374,2024-07-23,CUST01001,USB Hub,Peripherals,23.7,1,Canada,Bank Transfer,5
ORD006211,2024-10-18,CUST01001,Keyboard,Peripherals,117.82,3,Netherlands,Debit Card,0
ORD006933,2024-09-02,CUST01001,Webcam,Video,24.66,1,Poland,Bank Transfer,0
ORD000789,2024-09-11,CUST01001,Desk Lamp,Accessories,70.25,1,UK,PayPal,5
ORD002280,2024-03-12,CUST01006,Headphones,Audio,177.5,3,Canada,Bank Transfer,5
ORD004096,2024-08-30,CUST01003,Headphones,Audio,143.68,2,Netherlands,PayPal,15
ORD003898,2024-04-22,CUST01003,Monitor,Displays,458.8,1,France,Unknown,0
ORD006496,2024-10-21,CUST01001,Keyboard,Peripherals,169.9,1,UK,Unknown,0
ORD006665,2024-02-18,CUST01001,USB Hub,Peripherals,53.3,1,UK,Bank Transfer,15
ORD003632,2024-11-27,CUST01002,Mouse,Peripherals,74.2,4,UK,Debit Card,0
ORD006205,2024-10-09,CUST01004,Keyboard,Peripherals,147.35,1,Poland,Debit Card,0
ORD000425,2024-01-31,CUST01001,Phone Stand,Accessories,41.6,3,Poland,Debit Card,0
ORD000393,2024-07-03,CUST01752,USB Hub,Peripherals,25.56,4,Netherlands,Bank Transfer,0
ORD005994,2024-08-11,CUST01005,Phone Stand,Accessories,50.53,2,France,Debit Card,0
ORD007569,2024-11-30,CUST01035,Mouse,Peripherals,84.94,2,France,Credit Card,5
ORD004201,2024-02-08,CUST01003,Headphones,Audio,165.88,3,Germany,Debit Card,0
ORD002673,2024-01-06,CUST01001,Laptop,Computers,1029.47,3,USA,Unknown,15
ORD007337,2024-06-15,CUST01459,Laptop,Computers,1038.13,3,France,PayPal,0
ORD005427,2024-03-18,CUST01356,HDMI Cable,Cables,21.11,2,Germany,Credit Card,0
ORD003494,2024-01-11,CUST01001,Keyboard,Peripherals,117.88,1,UK,Credit Card,10
ORD001460,2024-10-12,CUST01001,Monitor,Displays,449.09,4,France,Bank Transfer,5
ORD007875,2024-02-08,CUST01024,HDMI Cable,Cables,8.81,3,Netherlands,Credit Card,10
ORD005423,2024-09-04,CUST01001,Desk Lamp,Accessories,76.15,3,Canada,Unknown,5
ORD005325,2024-12-18,CUST01002,Monitor,Displays,510.23,1,Canada,Unknown,15
ORD003836,2024-08-27,CUST01001,Desk Lamp,Accessories,132.7,4,UK,Unknown,0
ORD007454,2024-05-14,CUST01007,Webcam,Video,46.51,2,Germany,Credit Card,10
ORD006214,2024-05-13,CUST01004,Webcam,Video,118.09,2,Poland,Bank Transfer,0
ORD007909,2024-02-11,CUST01001,Keyboard,Peripherals,91.54,1,Poland,PayPal,0
ORD004725,2024-06-06,CUST01001,Webcam,Video,105.7,2,Poland,Debit Card,10
ORD006867,2024-03-11,CUST01001,Headphones,Audio,124.83,4,USA,PayPal,15
ORD002356,2024-01-16,CUST01001,HDMI Cable,Cables,15.77,3,UK,Credit Card,0
ORD007921,2024-10-26,CUST01055,Desk Lamp,Accessories,111.72,3,France,Unknown,0
ORD002443,2024-07-22,CUST01001,Webcam,Video,95.14,4,UK,Credit Card,0
ORD006889,2024-04-26,CUST01001,Keyboard,Peripherals,148.33,4,Netherlands,Credit Card,15
ORD007359,2024-03-10,CUST01001,Monitor,Displays,442.98,3,USA,Debit Card,0
ORD007561,2024-05-14,CUST01821,Desk Lamp,Accessories,99.49,4,USA,Debit Card,0
ORD000465,2024-07-11,CUST01075,USB Hub,Peripherals,18.73,4,France,Unknown,5
ORD000164,2024-03-23,CUST01363,Headphones,Audio,152.04,1,Germany,PayPal,0
ORD006944,2024-01-03,CUST01004,Webcam,Video,80.95,4,Canada,Unknown,0
ORD007186,2024-07-16,CUST01004,Mouse,Peripherals,19.48,3,Canada,Unknown,0
ORD007682,2024-11-17,CUST01316,Laptop,Computers,1093.04,1,France,Unknown,10
ORD007950,2024-01-15,CUST01001,Webcam,Video,57.16,1,France,Unknown,5
ORD002010,2024-08-30,CUST01001,Monitor,Displays,458.44,3,France,Unknown,10
ORD003085,2024-03-09,CUST01008,Laptop,Computers,1081.14,3,Canada,Debit Card,0
ORD000901,2024-08-03,CUST01001,Mouse,Peripherals,61.39,4,UK,Debit Card,15
ORD006281,2024-02-22,CUST01001,Mouse,Peripherals,86.71,1,Germany,Debit Card,0
ORD004838,2024-02-21,CUST01007,USB Hub,Peripherals,71.17,4,Germany,Credit Card,0
ORD002294,2024-04-17,CUST01004,USB Hub,Peripherals,68.78,1,USA,Unknown,0
ORD004482,2024-09-10,CUST01001,Monitor,Displays,463.76,4,USA,Unknown,0
ORD004606,2024-04-25,CUST01001,Mouse,Peripherals,54.6,3,Poland,PayPal,0
ORD003717,2024-01-23,CUST01001,HDMI Cable,Cables,14.41,3,France,PayPal,0
ORD006659,2024-02-25,CUST01007,HDMI Cable,Cables,38.52,4,USA,Debit Card,5
ORD001765,2024-10-14,CUST01031,Keyboard,Peripherals,142.51,2,Canada,Unknown,5
ORD001550,2024-11-24,CUST01003,Headphones,Audio,142.02,4,Netherlands,Debit Card,0
ORD003030,2024-07-08,CUST01001,Webcam,Video,43.62,4,Germany,Bank Transfer,15
ORD006061,2024-12-12,CUST01016,Webcam,Video,106.69,1,Germany,Unknown,0
ORD002045,2024-11-06,CUST01049,Keyboard,Peripherals,168.98,2,Canada,Debit Card,0
ORD000768,2024-09-20,CUST01001,Keyboard,Peripherals,80.95,2,Poland,Credit Card,5
ORD001509,2024-03-29,CUST01001,Webcam,Video,44.5,4,UK,Unknown,0
ORD007788,2024-03-01,CUST01003,USB Hub,Peripherals,-21.4,2,Canada,PayPal,5
ORD004518,2024-11-29,CUST01001,USB Hub,Peripherals,55.42,1,USA,PayPal,5
ORD004220,2024-03-10,CUST01002,Keyboard,Peripherals,89.86,1,Poland,Unknown,0
ORD006668,2024-04-02,CUST01011,Webcam,Video,91.35,1,Canada,Debit Card,0
ORD006733,2024-07-27,CUST01003,USB Hub,Peripherals,15.63,4,Canada,Bank Transfer,0
ORD003293,2024-07-23,CUST01001,Headphones,Audio,172.9,1,UK,Credit Card,0
ORD000820,2024-06-14,CUST01077,Headphones,Audio,163.68,4,Poland,Debit Card,0
ORD001404,2024-01-21,CUST01001,Keyboard,Peripherals,156.78,4,France,Unknown,15
ORD001383,2024-03-02,CUST01122,Laptop,Computers,1061.08,1,UK,PayPal,15
ORD002149,2024-06-13,CUST01005,Webcam,Video,89.84,3,Canada,Credit Card,0
ORD001639,2024-10-12,CUST01003,Desk Lamp,Accessories,51.84,2,France,Bank Transfer,0
ORD007708,2024-12-02,CUST01001,Laptop,Computers,1090.85,3,USA,Bank Transfer,0
ORD000400,2024-02-03,CUST01007,Headphones,Audio,83.02,2,Germany,PayPal,15
ORD000883,2024-10-30,CUST01728,Laptop,Computers,1084.66,4,Poland,Unknown,0
ORD003566,2024-05-15,CUST01001,Monitor,Displays,446.74,1,France,Unknown,10
ORD007169,2024-03-17,CUST01232,Webcam,Video,71.16,2,Netherlands,Bank Transfer,0
ORD001180,2024-09-15,CUST01002,Headphones,Audio,178.14,4,Netherlands,Bank Transfer,5
ORD004245,2024-02-29,CUST01006,Headphones,Audio,163.13,3,UK,Unknown,0
ORD005219,2024-02-25,CUST01003,Keyboard,Peripherals,76.24,1,Netherlands,Debit Card,5
ORD006521,2024-07-21,CUST01014,Keyboard,Peripherals,166.63,3,France,Bank Transfer,0
ORD002131,2024-10-25,CUST01002,Monitor,Displays,439.3,1,Germany,Unknown,0
ORD005079,2024-07-29,CUST01001,Mouse,Peripherals,102.11,3,USA,PayPal,0
ORD000457,2024-04-14,CUST01002,USB Hub,Peripherals,47.76,2,Poland,Debit Card,0
ORD006917,2024-05-27,CUST01017,Monitor,Displays,493.41,2,France,Credit Card,5
ORD001951,2024-02-13,CUST01002,Keyboard,Peripherals,140.06,2,Poland,Credit Card,10
ORD000690,2024-06-24,CUST01001,Mouse,Peripherals,20.0,2,Canada,Debit Card,10
ORD006341,2024-01-03,CUST01001,Headphones,Audio,125.24,3,UK,Debit Card,5
ORD007741,2024-02-27,CUST01003,Laptop,Computers,1108.25,4,Canada,Debit Card,5
ORD001954,2024-05-20,CUST01001,Desk Lamp,Accessories,80.26,2,UK,Bank Transfer,0
ORD002711,2024-11-23,CUST01003,Headphones,Audio,87.08,2,USA,Bank Transfer,5
ORD005927,2024-09-06,CUST01012,Monitor,Displays,444.39,4,USA,Debit Card,15
ORD005961,2024-10-15,CUST01002,Laptop,Computers,1108.81,3,Poland,PayPal,0
ORD004350,2024-03-08,CUST01044,Laptop,Computers,1023.54,2,UK,Credit Card,0
ORD006964,2024-05-30,CUST01001,Laptop,Computers,1053.99,2,Canada,Bank Transfer,0
ORD006045,2024-11-05,CUST01003,HDMI Cable,Cables,30.26,1,Canada,Bank Transfer,5
ORD007403,2024-04-02,CUST01003,HDMI Cable,Cables,52.44,2,Netherlands,Credit Card,0
ORD002495,2024-03-14,CUST01002,Desk Lamp,Accessories,69.36,3,Canada,Unknown,10
ORD003037,2024-06-03,CUST01015,Laptop,Computers,1099.88,2,Canada,Bank Transfer,0
ORD003604,2024-10-18,CUST01001,USB Hub,Peripherals,-17.91,4,Netherlands,Unknown,0
ORD000846,2024-03-10,CUST01002,Desk Lamp,Accessories,70.87,3,Poland,PayPal,0
ORD000543,2024-07-20,CUST01020,Headphones,Audio,124.88,4,USA,PayPal,0
ORD003725,2024-03-31,CUST01002,Mouse,Peripherals,99999.0,2,USA,Debit Card,5
ORD004188,2024-04-13,CUST01357,Mouse,Peripherals,84.75,3,Netherlands,Unknown,0
ORD003680,2024-01-07,CUST01001,Mouse,Peripherals,81.02,1,France,Credit Card,5
ORD006406,2024-06-04,CUST01002,Webcam,Video,92.96,3,USA,PayPal,0
ORD006563,2024-01-29,CUST01001,Phone Stand,Accessories,6.71,4,Poland,Debit Card,0
ORD005516,2024-01-13,CUST01001,Laptop,Computers,1075.65,3,USA,Credit Card,0
ORD002965,2024-05-20,CUST01002,Keyboard,Peripherals,94.43,3,USA,PayPal,15
ORD002530,2024-10-07,CUST01050,Laptop,Computers,1087.82,1,Poland,Bank Transfer,0
ORD001049,2024-06-24,CUST01002,Laptop,Computers,1043.92,2,UK,Credit Card,10
ORD001961,2024-01-09,CUST01001,Mouse,Peripherals,70.82,2,Poland,Unknown,0
ORD002531,2024-08-28,CUST01013,Webcam,Video,119.59,1,USA,PayPal,10
ORD005911,2024-02-09,CUST01002,HDMI Cable,Cables,28.31,1,Netherlands,Unknown,0
ORD000238,2024-12-18,CUST01014,USB Hub,Peripherals,9.55,1,UK,Unknown,0
ORD004918,2024-03-23,CUST01001,Desk Lamp,Accessories,43.52,3,Canada,Credit Card,0
ORD001134,2024-07-25,CUST01004,Mouse,Peripherals,100.09,3,Poland,PayPal,0
ORD006637,2024-11-23,CUST01002,Phone Stand,Accessories,28.08,3,Canada,Bank Transfer,10
ORD004260,2024-12-09,CUST01001,Webcam,Video,110.38,4,UK,Unknown,0
ORD005934,2024-11-16,CUST01001,Laptop,Computers,1073.01,3,Netherlands,Bank Transfer,10
ORD006190,2024-01-27,CUST01001,Mouse,Peripherals,66.15,2,Poland,Debit Card,0
ORD002979,2024-09-19,CUST01001,Mouse,Peripherals,44.62,1,Netherlands,PayPal,0
ORD006353,2024-03-28,CUST01003,Phone Stand,Accessories,33.57,2,Germany,Credit Card,0
ORD007584,2024-11-22,CUST01002,Desk Lamp,Accessories,75.48,3,Germany,Debit Card,15
ORD005803,2024-10-26,CUST01005,Webcam,Video,39.27,4,Netherlands,Unknown,0
ORD006699,2024-08-29,CUST01053,Phone Stand,Accessories,52.33,4,Canada,PayPal,0
ORD003920,2024-02-13,CUST01001,Keyboard,Peripherals,157.03,1,Canada,Credit Card,5
ORD003139,2024-10-14,CUST01001,Mouse,Peripherals,63.59,2,Netherlands,Bank Transfer,10
ORD007160,2024-03-29,CUST01043,Mouse,Peripherals,45.84,4,France,Credit Card,0
ORD004074,2024-09-29,CUST01006,Keyboard,Peripherals,79.59,1,Poland,PayPal,0
ORD007593,2024-07-30,CUST01002,Monitor,Displays,523.19,3,France,Debit Card,15
ORD003230,2024-07-22,CUST01003,Keyboard,Peripherals,157.0,2,Netherlands,Credit Card,15
ORD001827,2024-02-16,CUST01001,Webcam,Video,115.2,3,USA,Unknown,0
ORD000594,2024-02-02,CUST01001,HDMI Cable,Cables,-12.54,2,France,Bank Transfer,15
ORD002726,2024-10-13,CUST01001,Keyboard,Peripherals,155.06,1,Netherlands,Bank Transfer,0
ORD004138,2024-05-26,CUST01003,Keyboard,Peripherals,97.84,3,Canada,PayPal,0
ORD000561,2024-07-06,CUST01069,Keyboard,Peripherals,141.75,3,Netherlands,Bank Transfer,0
ORD007669,2024-01-27,CUST01001,Laptop,Computers,1095.99,2,USA,Debit Card,0
ORD005654,2024-07-30,CUST01002,Phone Stand,Accessories,-11.88,4,Germany,Unknown,15
ORD000244,2024-04-25,CUST01002,Monitor,Displays,518.74,3,Netherlands,PayPal,0
ORD004438,2024-10-18,CUST01082,Laptop,Computers,1088.03,1,USA,PayPal,0
ORD006676,2024-01-06,CUST01002,Mouse,Peripherals,24.75,4,UK,Credit Card,5
ORD000406,2024-06-12,CUST01005,Laptop,Computers,1106.54,2,France,Debit Card,15
ORD001443,2024-11-13,CUST01001,Phone Stand,Accessories,10.32,3,Netherlands,Unknown,0
ORD000262,2024-10-22,CUST01001,Webcam,Video,97.69,3,Canada,Debit Card,0
ORD005383,2024-11-12,CUST01001,Monitor,Displays,534.65,2,UK,Debit Card,5
ORD007317,2024-03-19,CUST01001,USB Hub,Peripherals,99999.0,2,Germany,Bank Transfer,0
ORD001690,2024-07-19,CUST01131,Headphones,Audio,136.44,4,UK,Debit Card,10
ORD001726,2024-11-19,CUST01006,Headphones,Audio,99.73,3,UK,Credit Card,0
ORD007012,2024-10-25,CUST01005,Headphones,Audio,120.82,2,Germany,Debit Card,0
ORD004931,2024-05-04,CUST01004,Monitor,Displays,534.71,4,USA,Debit Card,0
ORD002497,2024-11-07,CUST01007,Webcam,Video,115.04,3,UK,Debit Card,0
ORD005397,2024-12-18,CUST01007,Desk Lamp,Accessories,60.5,2,Netherlands,Credit Card,15
ORD000341,2024-07-02,CUST01024,Webcam,Video,46.01,1,Poland,Bank Transfer,0
ORD005604,2024-03-30,CUST01001,Keyboard,Peripherals,106.94,1,France,Unknown,0
ORD001602,2024-08-25,CUST01001,HDMI Cable,Cables,4.92,3,Poland,Unknown,10
ORD004577,2024-05-23,CUST01012,Mouse,Peripherals,63.03,3,Germany,Bank Transfer,0
ORD003726,2024-06-20,CUST01022,Webcam,Video,105.61,2,UK,PayPal,0
ORD007938,2024-09-23,CUST01001,Keyboard,Peripherals,123.09,1,USA,Bank Transfer,5
ORD002786,2024-08-04,CUST01004,Phone Stand,Accessories,-0.41,1,France,Debit Card,10
ORD001524,2024-04-09,CUST01381,Mouse,Peripherals,48.38,1,Germany,Credit Card,0
ORD005983,2024-06-16,CUST01569,Laptop,Computers,1054.56,1,Canada,PayPal,0
ORD007124,2024-02-29,CUST01001,Desk Lamp,Accessories,50.21,3,France,Unknown,0
ORD006268,2024-05-13,CUST01003,HDMI Cable,Cables,38.15,1,Canada,Credit Card,10
ORD006487,2024-05-15,CUST01003,Mouse,Peripherals,98.31,2,Netherlands,Unknown,0
ORD001767,2024-09-08,CUST01053,Desk Lamp,Accessories,136.2,3,Canada,Unknown,0
ORD007910,2024-05-30,CUST01012,USB Hub,Peripherals,7.03,2,Netherlands,PayPal,10
ORD004038,2024-07-24,CUST01002,Desk Lamp,Accessories,71.66,4,Netherlands,PayPal,15
ORD005492,2024-01-19,CUST01007,Keyboard,Peripherals,162.6,2,Germany,Debit Card,0
ORD006342,2024-07-08,CUST01001,Keyboard,Peripherals,110.17,3,Germany,Credit Card,0
ORD006504,2024-10-18,CUST01006,Desk Lamp,Accessories,103.29,2,France,Credit Card,0
ORD007500,2024-12-05,CUST01004,Phone Stand,Accessories,99999.0,4,France,Debit Card,0
ORD000364,2024-09-06,CUST01011,Desk Lamp,Accessories,69.34,1,Netherlands,Debit Card,15
ORD007930,2024-06-22,CUST01001,Phone Stand,Accessories,25.83,1,France,PayPal,0
ORD007859,2024-05-10,CUST01001,Phone Stand,Accessories,6.49,1,Poland,PayPal,0
ORD004726,2024-02-13,CUST01001,Webcam,Video,84.74,1,USA,PayPal,10
ORD004444,2024-10-20,CUST01001,Monitor,Displays,495.65,3,Poland,Debit Card,15
ORD006396,2024-11-20,CUST01004,Monitor,Displays,521.05,3,Germany,Unknown,0
ORD007406,2024-07-17,CUST01001,Headphones,Audio,106.68,1,UK,Bank Transfer,0
ORD002563,2024-04-27,CUST01086,Desk Lamp,Accessories,50.25,3,USA,Debit Card,0
ORD007902,2024-05-30,CUST01002,Headphones,Audio,94.19,1,Poland,Bank Transfer,5
ORD007353,2024-07-16,CUST01098,Mouse,Peripherals,38.9,1,Netherlands,Debit Card,10
ORD007444,2024-08-08,CUST01012,Laptop,Computers,1101.69,3,Poland,Credit Card,0
ORD003084,2024-11-02,CUST01001,Desk Lamp,Accessories,102.44,2,France,Bank Transfer,0
ORD007389,2024-09-07,CUST01002,HDMI Cable,Cables,52.92,3,Netherlands,Debit Card,0
ORD002103,2024-03-08,CUST01026,Desk Lamp,Accessories,136.32,3,USA,Unknown,15
ORD000633,2024-03-18,CUST01001,Webcam,Video,86.67,4,UK,Debit Card,5
ORD002494,2024-12-14,CUST01001,Webcam,Video,109.42,2,USA,PayPal,5
ORD002666,2024-04-14,CUST01002,Laptop,Computers,1078.24,3,Canada,PayPal,0
ORD005819,2024-05-11,CUST01001,Laptop,Computers,1051.66,2,Netherlands,Debit Card,0
ORD004407,2024-05-31,CUST01001,Monitor,Displays,483.66,4,Canada,PayPal,0
ORD005900,2024-03-01,CUST01001,Mouse,Peripherals,41.1,1,Netherlands,PayPal,15
ORD005701,2024-03-02,CUST01003,Phone Stand,Accessories,-16.16,1,Canada,Credit Card,0
ORD002335,2024-12-09,CUST01001,Mouse,Peripherals,23.91,2,USA,Unknown,0
ORD006156,2024-06-27,CUST01006,Webcam,Video,72.27,2,France,PayPal,5
ORD003620,2024-08-16,CUST01008,Keyboard,Peripherals,103.36,4,Germany,Debit Card,5
ORD003884,2024-06-05,CUST01002,Monitor,Displays,451.35,2,USA,Debit Card,0
ORD005453,2024-01-25,CUST01012,Keyboard,Peripherals,99.22,3,France,Bank Transfer,0
ORD004212,2024-08-11,CUST01001,Phone Stand,Accessories,42.03,1,Germany,Bank Transfer,0
ORD001495,2024-05-18,CUST01001,USB Hub,Peripherals,4.57,2,Netherlands,PayPal,0
ORD002402,2024-02-21,CUST01003,Mouse,Peripherals,65.73,2,USA,PayPal,15
ORD003875,2024-11-19,CUST01006,Mouse,Peripherals,88.38,3,France,Unknown,10
ORD001233,2024-10-08,CUST01066,Phone Stand,Accessories,-20.09,1,France,Debit Card,0
ORD002662,2024-05-24,CUST01003,Webcam,Video,35.32,1,France,Unknown,0
ORD002818,2024-02-04,CUST01058,Keyboard,Peripherals,127.87,1,USA,PayPal,0
ORD005486,2024-05-01,CUST01913,Mouse,Peripherals,52.88,2,France,Credit Card,5
ORD007329,2024-08-26,CUST01305,Desk Lamp,Accessories,96.45,1,UK,Debit Card,0
ORD007732,2024-02-29,CUST01008,Laptop,Computers,1093.01,2,Canada,Unknown,0
ORD006649,2024-02-19,CUST01002,Webcam,Video,122.96,2,USA,Bank Transfer,0
ORD004154,2024-05-18,CUST01033,Monitor,Displays,514.87,1,Canada,Bank Transfer,0
ORD005984,2024-07-01,CUST01059,Monitor,Displays,515.45,2,Poland,Bank Transfer,5
ORD003062,2024-08-10,CUST01001,Webcam,Video,113.43,1,Canada,Credit Card,10
ORD006859,2024-07-29,CUST01022,Mouse,Peripherals,99999.0,2,Canada,Bank Transfer,0
ORD007931,2024-05-12,CUST01001,USB Hub,Peripherals,6.99,4,France,PayPal,0
ORD001736,2024-06-24,CUST01002,Laptop,Computers,1022.63,3,Poland,Debit Card,0
ORD002824,2024-04-15,CUST01001,Phone Stand,Accessories,61.67,4,UK,Credit Card,0
ORD006540,2024-06-10,CUST01006,Laptop,Computers,1066.72,2,Canada,Credit Card,5
ORD005874,2024-12-29,CUST01101,Laptop,Computers,1040.3,1,Germany,Unknown,0
ORD002476,2024-12-24,CUST01001,Mouse,Peripherals,104.05,3,UK,Unknown,0
ORD002565,2024-03-23,CUST01001,Headphones,Audio,107.77,2,USA,Debit Card,5
ORD007991,2024-09-19,CUST01001,Keyboard,Peripherals,135.92,1,Poland,PayPal,0
ORD007847,2024-05-29,CUST01180,Desk Lamp,Accessories,42.99,1,Netherlands,Unknown,0
ORD006210,2024-02-25,CUST01007,Phone Stand,Accessories,-14.75,3,UK,Credit Card,5
ORD000708,2024-12-18,CUST01001,Desk Lamp,Accessories,111.05,1,Netherlands,Unknown,5
ORD003047,2024-08-08,CUST01015,Monitor,Displays,489.45,4,France,Unknown,0
ORD006847,2024-08-17,CUST01001,HDMI Cable,Cables,0.0,1,Netherlands,PayPal,10
ORD005190,2024-04-13,CUST01005,USB Hub,Peripherals,19.4,4,Poland,Bank Transfer,0
ORD006129,2024-08-20,CUST01001,Headphones,Audio,96.6,1,France,PayPal,0
ORD000073,2024-04-30,CUST01017,Phone Stand,Accessories,-20.1,1,Netherlands,Debit Card,0
ORD004449,2024-05-31,CUST01003,Webcam,Video,40.53,3,Germany,PayPal,0
ORD004840,2024-02-09,CUST01001,HDMI Cable,Cables,12.13,3,Germany,Bank Transfer,0
ORD007503,2024-01-09,CUST01002,Laptop,Computers,1024.11,1,UK,Bank Transfer,10
ORD005102,2024-11-11,CUST01002,Phone Stand,Accessories,-18.97,2,USA,Bank Transfer,0
ORD001191,2024-10-03,CUST01001,Keyboard,Peripherals,74.6,1,France,Credit Card,5
ORD002602,2024-01-02,CUST01005,Keyboard,Peripherals,122.75,2,UK,Credit Card,0
ORD001126,2024-01-28,CUST01011,Phone Stand,Accessories,46.79,1,Poland,Credit Card,15
ORD001242,2024-06-24,CUST01002,USB Hub,Peripherals,44.74,4,Germany,Unknown,10
ORD007189,2024-12-06,CUST01001,Keyboard,Peripherals,106.0,3,UK,Unknown,5
ORD007179,2024-07-02,CUST01001,HDMI Cable,Cables,52.47,4,UK,PayPal,5
ORD006024,2024-03-26,CUST01011,HDMI Cable,Cables,-2.51,3,USA,Credit Card,5
ORD003352,2024-04-09,CUST01018,USB Hub,Peripherals,-24.15,4,Germany,Unknown,15
ORD005095,2024-04-25,CUST01003,Monitor,Displays,470.99,1,Germany,Credit Card,0
ORD004009,2024-04-18,CUST01001,Headphones,Audio,159.38,2,USA,PayPal,10
ORD001578,2024-05-27,CUST01002,Desk Lamp,Accessories,54.3,4,Netherlands,PayPal,10
ORD003907,2024-09-22,CUST01002,USB Hub,Peripherals,22.78,1,Poland,Bank Transfer,10
ORD003730,2024-07-29,CUST01006,Desk Lamp,Accessories,135.91,4,USA,Debit Card,0
ORD004359,2024-02-29,CUST01004,Mouse,Peripherals,87.69,4,Canada,Debit Card,0
ORD001344,2024-09-21,CUST01001,HDMI Cable,Cables,50.83,3,USA,Credit Card,0
ORD007998,2024-04-03,CUST01001,Webcam,Video,55.12,4,USA,Bank Transfer,0
ORD006106,2024-09-13,CUST01004,HDMI Cable,Cables,28.8,1,Poland,Bank Transfer,5
ORD000441,2024-10-10,CUST01001,Phone Stand,Accessories,17.36,2,Netherlands,Credit Card,10
ORD001101,2024-10-24,CUST01001,Keyboard,Peripherals,149.66,2,Canada,PayPal,0
ORD002638,2024-07-01,CUST01001,HDMI Cable,Cables,-12.0,3,Germany,Credit Card,0
ORD006437,2024-12-19,CUST01009,Laptop,Computers,1067.84,1,UK,Credit Card,0
ORD000650,2024-07-27,CUST01001,Laptop,Computers,1064.74,3,UK,Unknown,5
ORD001547,2024-08-11,CUST01001,Monitor,Displays,481.6,1,Poland,PayPal,0
ORD006108,2024-12-27,CUST01012,Mouse,Peripherals,96.97,1,Poland,Debit Card,0
ORD006128,2024-12-06,CUST01026,Headphones,Audio,149.81,4,Netherlands,PayPal,5
ORD002853,2024-12-12,CUST01002,Monitor,Displays,448.38,3,Poland,Unknown,5
ORD003504,2024-10-25,CUST01001,HDMI Cable,Cables,-13.4,4,Netherlands,Debit Card,0
ORD005787,2024-02-19,CUST01005,Monitor,Displays,466.7,1,USA,PayPal,5
ORD000631,2024-01-08,CUST01001,HDMI Cable,Cables,38.21,3,France,PayPal,5
ORD004769,2024-03-29,CUST01001,Headphones,Audio,123.63,3,USA,PayPal,10
ORD001250,2024-07-31,CUST01001,Laptop,Computers,1033.01,2,Poland,Unknown,15
ORD005499,2024-04-04,CUST01005,Webcam,Video,52.0,4,Germany,Debit Card,0
ORD000483,2024-04-11,CUST01001,Monitor,Displays,533.89,2,France,PayPal,15
ORD001585,2024-09-21,CUST01001,HDMI Cable,Cables,-20.82,1,France,Credit Card,0
ORD004677,2024-02-20,CUST01011,Keyboard,Peripherals,156.44,3,Germany,Credit Card,0
ORD001463,2024-11-16,CUST01002,Monitor,Displays,524.15,3,Poland,Credit Card,5
ORD003041,2024-03-15,CUST01001,Desk Lamp,Accessories,129.69,4,UK,Bank Transfer,0
ORD005011,2024-08-31,CUST01024,USB Hub,Peripherals,12.97,4,UK,Credit Card,0
ORD006851,2024-01-27,CUST01002,Webcam,Video,45.57,3,Canada,Debit Card,0
ORD003274,2024-11-18,CUST01001,Webcam,Video,72.72,1,Poland,Credit Card,10
ORD003684,2024-03-26,CUST01004,Desk Lamp,Accessories,129.16,1,Germany,PayPal,15
ORD004146,2024-01-05,CUST01004,Phone Stand,Accessories,10.98,2,Canada,Unknown,0
ORD005667,2024-07-30,CUST01019,Phone Stand,Accessories,43.04,4,Canada,Debit Card,15
ORD004955,2024-06-25,CUST01052,Phone Stand,Accessories,61.62,2,Canada,PayPal,0
ORD003226,2024-03-26,CUST01001,Webcam,Video,41.47,1,France,Unknown,0
ORD001073,2024-06-01,CUST01002,HDMI Cable,Cables,58.16,3,Germany,PayPal,0
ORD004816,2024-02-28,CUST01001,USB Hub,Peripherals,-7.5,1,UK,Bank Transfer,0
ORD002632,2024-02-08,CUST01088,USB Hub,Peripherals,-1.54,4,Netherlands,PayPal,15
ORD002426,2024-05-22,CUST01001,Mouse,Peripherals,13.74,1,Netherlands,Bank Transfer,10
ORD005080,2024-02-13,CUST01004,Desk Lamp,Accessories,98.64,1,Netherlands,PayPal,0
ORD006764,2024-03-01,CUST01010,Headphones,Audio,111.09,2,Canada,Unknown,0
ORD006469,2024-07-11,CUST01001,Phone Stand,Accessories,3.3,1,France,PayPal,10
ORD003098,2024-01-04,CUST01001,Headphones,Audio,145.8,2,UK,Credit Card,0
ORD003977,2024-02-04,CUST01011,Mouse,Peripherals,88.85,4,Canada,Credit Card,0
ORD007183,2024-07-03,CUST01001,USB Hub,Peripherals,38.85,3,Netherlands,Debit Card,0
ORD007610,2024-06-08,CUST01010,USB Hub,Peripherals,68.72,4,USA,Credit Card,15
ORD007091,2024-01-04,CUST01002,HDMI Cable,Cables,53.32,1,France,Debit Card,0
ORD005482,2024-10-01,CUST01004,HDMI Cable,Cables,41.17,1,Netherlands,Unknown,15
ORD007286,2024-12-23,CUST01001,Desk Lamp,Accessories,84.42,2,UK,Credit Card,5
ORD005292,2024-01-04,CUST01040,Phone Stand,Accessories,48.16,1,Germany,Credit Card,0
ORD001409,2024-06-14,CUST01007,HDMI Cable,Cables,5.1,1,UK,Bank Transfer,5
ORD001846,2024-04-02,CUST01440,USB Hub,Peripherals,42.94,3,UK,Credit Card,0
ORD001799,2024-03-04,CUST01001,Keyboard,Peripherals,103.69,3,Netherlands,PayPal,0
ORD003958,2024-01-15,CUST01001,HDMI Cable,Cables,42.96,4,UK,Credit Card,0
ORD001476,2024-05-13,CUST01002,Headphones,Audio,118.29,4,UK,Bank Transfer,10
ORD005820,2024-07-14,CUST01012,Headphones,Audio,129.73,4,Canada,Credit Card,0
ORD000036,2024-08-29,CUST01001,HDMI Cable,Cables,55.37,1,France,Bank Transfer,5
ORD006110,2024-09-02,CUST01040,Laptop,Computers,1020.37,4,Poland,Bank Transfer,0
ORD000445,2024-02-10,CUST01021,HDMI Cable,Cables,26.61,3,USA,Bank Transfer,5
ORD002360,2024-09-23,CUST01001,Desk Lamp,Accessories,76.94,1,Netherlands,Debit Card,15
ORD003655,2024-07-20,CUST01010,Phone Stand,Accessories,76.94,3,Poland,Credit Card,15
ORD006307,2024-09-21,CUST01001,Webcam,Video,97.26,2,Netherlands,Credit Card,0
ORD003180,2024-10-15,CUST01001,USB Hub,Peripherals,2.72,3,Poland,PayPal,10
ORD001287,2024-03-02,CUST01005,Keyboard,Peripherals,99999.0,4,Netherlands,Unknown,5
ORD005956,2024-11-23,CUST01015,Headphones,Audio,101.06,4,France,Unknown,0
ORD004446,2024-01-22,CUST01001,HDMI Cable,Cables,60.42,1,Poland,Debit Card,0
ORD003417,2024-07-24,CUST01004,Webcam,Video,52.8,4,Germany,Debit Card,0
ORD002138,2024-05-10,CUST01001,Desk Lamp,Accessories,129.61,2,Canada,PayPal,0
ORD002637,2024-12-15,CUST01002,Mouse,Peripherals,93.1,4,France,Unknown,0
ORD004017,2024-05-24,CUST01001,Phone Stand,Accessories,41.52,3,France,Bank Transfer,10
ORD007742,2024-09-08,CUST01001,USB Hub,Peripherals,58.02,3,France,Credit Card,0
ORD001682,2024-07-02,CUST01001,USB Hub,Peripherals,-5.21,1,Poland,Bank Transfer,15
ORD005845,2024-05-28,CUST01001,Desk Lamp,Accessories,93.45,4,USA,Unknown,5
ORD005276,2024-09-16,CUST01001,Phone Stand,Accessories,36.09,2,Canada,Unknown,0
ORD001693,2024-04-23,CUST01122,Desk Lamp,Accessories,63.9,1,Netherlands,Unknown,0
ORD005929,2024-03-28,CUST01002,Phone Stand,Accessories,69.61,4,Canada,Bank Transfer,5
ORD007725,2024-02-01,CUST01001,Desk Lamp,Accessories,79.03,3,Canada,PayPal,0
ORD003636,2024-02-26,CUST01001,Desk Lamp,Accessories,135.61,1,UK,Bank Transfer,0
ORD000373,2024-08-17,CUST01003,Monitor,Displays,488.78,2,Poland,PayPal,15
ORD006170,2024-04-26,CUST01001,Keyboard,Peripherals,119.63,3,UK,PayPal,0
ORD005454,2024-04-25,CUST01001,Laptop,Computers,1019.36,4,Canada,Debit Card,0
ORD004883,2024-08-10,CUST01001,Monitor,Displays,472.57,4,UK,Unknown,0
ORD007939,2024-12-06,CUST01001,Headphones,Audio,157.66,1,Poland,Bank Transfer,5
ORD000141,2024-11-27,CUST01003,Desk Lamp,Accessories,65.69,1,France,Credit Card,15
ORD004885,2024-05-21,CUST01001,Laptop,Computers,1103.03,1,Canada,Bank Transfer,0
ORD004420,2024-10-18,CUST01005,Keyboard,Peripherals,114.17,2,UK,Unknown,5
ORD007472,2024-02-20,CUST01245,Headphones,Audio,120.96,1,France,Credit Card,0
ORD006596,2024-02-12,CUST01001,HDMI Cable,Cables,51.3,2,France,Unknown,0
ORD000715,2024-07-28,CUST01001,Laptop,Computers,1049.99,3,Canada,Unknown,0
ORD005244,2024-01-31,CUST01002,USB Hub,Peripherals,-100.0,2,France,Unknown,0
ORD003189,2024-02-07,CUST01001,Keyboard,Peripherals,100.75,2,USA,Unknown,0
ORD007087,2024-10-31,CUST01001,Keyboard,Peripherals,87.9,4,Germany,Bank Transfer,0
ORD004432,2024-10-30,CUST01001,Headphones,Audio,133.9,1,Netherlands,PayPal,0
ORD005629,2024-01-07,CUST01002,USB Hub,Peripherals,33.58,3,Canada,PayPal,0
ORD000407,2024-04-17,CUST01007,Phone Stand,Accessories,50.41,1,UK,Debit Card,0
ORD000021,2024-08-09,CUST01025,Keyboard,Peripherals,135.13,4,Netherlands,Bank Transfer,0
ORD001005,2024-09-14,CUST01022,Laptop,Computers,1058.36,1,Poland,Bank Transfer,0
ORD004987,2024-02-13,CUST01001,Monitor,Displays,461.12,2,Poland,Unknown,10
ORD002412,2024-01-09,CUST01005,Desk Lamp,Accessories,62.04,1,Canada,Unknown,0
ORD002546,2024-12-14,CUST01001,Webcam,Video,35.66,2,UK,Debit Card,0
ORD007822,2024-05-30,CUST01002,USB Hub,Peripherals,13.66,4,Poland,Credit Card,0
ORD002391,2024-05-04,CUST01001,Phone Stand,Accessories,9.26,1,Canada,PayPal,0
ORD006448,2024-05-28,CUST01018,Phone Stand,Accessories,68.37,3,UK,Debit Card,10
ORD000043,2024-12-08,CUST01036,Headphones,Audio,86.13,1,USA,Unknown,10
ORD002831,2024-05-23,CUST01002,Desk Lamp,Accessories,76.87,4,Poland,Credit Card,0
ORD003372,2024-06-06,CUST01014,Laptop,Computers,1039.94,1,Poland,Credit Card,0
ORD003023,2024-10-01,CUST01001,Webcam,Video,72.73,2,Germany,Bank Transfer,0
ORD003365,2024-10-24,CUST01001,Webcam,Video,72.37,3,Canada,PayPal,0
ORD004400,2024-07-21,CUST01002,Phone Stand,Accessories,42.11,3,Canada,Unknown,10
ORD005253,2024-07-22,CUST01760,Headphones,Audio,94.88,3,Germany,Credit Card,0
ORD000012,2024-02-20,CUST01001,Webcam,Video,55.42,3,Poland,Credit Card,5
ORD004761,2024-01-03,CUST01002,Mouse,Peripherals,13.13,2,UK,Unknown,10
ORD001178,2024-01-25,CUST01001,Laptop,Computers,1027.64,2,UK,Debit Card,0
ORD001948,2024-06-02,CUST01103,Laptop,Computers,1106.83,2,UK,Bank Transfer,0
ORD002502,2024-11-18,CUST01001,HDMI Cable,Cables,32.84,1,Netherlands,Bank Transfer,0
ORD002864,2024-06-02,CUST01015,Keyboard,Peripherals,144.43,2,USA,Debit Card,5
ORD003866,2024-06-02,CUST01001,Headphones,Audio,166.02,3,Canada,PayPal,5
ORD001027,2024-05-04,CUST01064,Keyboard,Peripherals,135.27,3,Canada,Credit Card,0
ORD003849,2024-05-27,CUST01001,Laptop,Computers,1095.42,4,USA,PayPal,0
ORD002990,2024-11-14,CUST01083,Monitor,Displays,521.81,2,France,Credit Card,0
ORD000962,2024-12-07,CUST01003,Webcam,Video,80.45,1,USA,Bank Transfer,0
ORD002890,2024-01-14,CUST01003,HDMI Cable,Cables,10.13,1,Canada,Debit Card,15
ORD003016,2024-05-16,CUST01001,Laptop,Computers,1029.87,2,Netherlands,Debit Card,10
ORD003339,2024-04-24,CUST01004,Keyboard,Peripherals,122.76,1,USA,Unknown,10
ORD005681,2024-03-26,CUST01001,Desk Lamp,Accessories,57.9,3,Canada,Bank Transfer,5
ORD000736,2024-11-24,CUST01002,Keyboard,Peripherals,74.57,2,Netherlands,Credit Card,0
ORD004401,2024-01-29,CUST01001,Desk Lamp,Accessories,122.73,2,France,PayPal,0
ORD001441,2024-06-30,CUST01002,Desk Lamp,Accessories,119.27,3,Germany,Debit Card,0
ORD002876,2024-12-09,CUST01004,Keyboard,Peripherals,91.49,3,Poland,Unknown,0
ORD003987,2024-05-02,CUST01007,USB Hub,Peripherals,63.42,4,Poland,Debit Card,0
ORD000917,2024-04-08,CUST01001,Phone Stand,Accessories,68.85,4,UK,Unknown,15
ORD006696,2024-10-25,CUST01001,Keyboard,Peripherals,78.01,3,Netherlands,Unknown,5
ORD006263,2024-01-24,CUST01001,Monitor,Displays,456.92,4,Poland,Credit Card,0
ORD004090,2024-01-11,CUST01001,Mouse,Peripherals,54.35,2,UK,Credit Card,15
ORD007408,2024-03-07,CUST01001,Keyboard,Peripherals,150.91,3,Germany,Debit Card,0
ORD006272,2024-07-24,CUST01003,USB Hub,Peripherals,25.41,4,Netherlands,Bank Transfer,0
ORD002773,2024-12-24,CUST01002,Keyboard,Peripherals,144.14,4,UK,Bank Transfer,10
ORD001625,2024-12-04,CUST01060,Keyboard,Peripherals,150.54,3,Germany,Unknown,0
ORD006363,2024-12-07,CUST01052,USB Hub,Peripherals,13.96,4,Germany,Debit Card,0
ORD000822,2024-06-14,CUST01001,USB Hub,Peripherals,64.56,2,Canada,PayPal,5
ORD001368,2024-07-06,CUST01016,Keyboard,Peripherals,141.37,3,USA,PayPal,0
ORD003713,2024-12-07,CUST01001,Phone Stand,Accessories,46.41,4,Poland,Credit Card,0
ORD007794,2024-04-25,CUST01007,Phone Stand,Accessories,46.87,3,UK,PayPal,0
ORD007891,2024-07-29,CUST01002,Laptop,Computers,1065.43,1,Poland,Credit Card,0
ORD000851,2024-10-10,CUST01001,Headphones,Audio,94.38,3,UK,Bank Transfer,0
ORD001001,2024-03-21,CUST01002,USB Hub,Peripherals,-9.63,1,UK,Debit Card,0
ORD005973,2024-12-16,CUST01003,Keyboard,Peripherals,83.15,2,UK,PayPal,15
ORD004115,2024-10-16,CUST01001,Webcam,Video,98.38,3,USA,Bank Transfer,0
ORD001638,2024-10-28,CUST01002,USB Hub,Peripherals,27.09,4,Poland,Credit Card,15
ORD001668,2024-05-27,CUST01090,Monitor,Displays,451.65,2,UK,Debit Card,0
ORD004590,2024-04-08,CUST01015,Webcam,Video,66.07,4,UK,Debit Card,5
ORD003174,2024-04-01,CUST01021,Keyboard,Peripherals,84.27,2,USA,Bank Transfer,15
ORD006113,2024-01-02,CUST01001,Keyboard,Peripherals,113.84,3,Canada,Credit Card,0
ORD001348,2024-06-02,CUST01017,Monitor,Displays,499.37,4,Germany,Debit Card,5
ORD006269,2024-11-03,CUST01001,Phone Stand,Accessories,-14.93,2,UK,Debit Card,15
ORD003231,2024-05-31,CUST01002,Headphones,Audio,83.41,4,Germany,Debit Card,0
ORD005660,2024-09-29,CUST01955,Keyboard,Peripherals,101.17,3,France,Credit Card,10
ORD006172,2024-03-17,CUST01001,Keyboard,Peripherals,117.74,1,UK,PayPal,0
ORD004784,2024-04-18,CUST01006,Laptop,Computers,1094.13,1,USA,PayPal,0
ORD006274,2024-09-17,CUST01002,Mouse,Peripherals,53.7,2,Poland,PayPal,15
ORD003233,2024-07-16,CUST01002,Laptop,Computers,1025.92,4,Netherlands,PayPal,10
ORD006565,2024-01-29,CUST01009,Monitor,Displays,491.19,3,USA,Bank Transfer,10
ORD000704,2024-05-30,CUST01011,Mouse,Peripherals,30.26,2,Germany,Debit Card,5
ORD005106,2024-08-18,CUST01001,Laptop,Computers,0.0,4,Germany,Debit Card,0
ORD007985,2024-02-12,CUST01003,Webcam,Video,76.89,3,Netherlands,Unknown,15
ORD003292,2024-12-29,CUST01001,Headphones,Audio,154.1,2,USA,Unknown,0
ORD003674,2024-03-27,CUST01007,Headphones,Audio,95.07,4,Poland,Unknown,0
ORD002409,2024-01-12,CUST01001,Laptop,Computers,1025.63,2,Canada,Credit Card,10
ORD007398,2024-12-20,CUST01001,Monitor,Displays,443.85,4,Poland,Debit Card,15
ORD001328,2024-09-05,CUST01001,HDMI Cable,Cables,25.36,4,Canada,Unknown,10
ORD007465,2024-05-25,CUST01001,Keyboard,Peripherals,144.09,1,UK,Unknown,10
ORD005407,2024-05-09,CUST01003,USB Hub,Peripherals,11.6,1,France,Bank Transfer,0
ORD006580,2024-10-15,CUST01335,Mouse,Peripherals,20.37,4,Poland,Credit Card,5
ORD004910,2024-05-03,CUST01003,Webcam,Video,43.84,2,Netherlands,Unknown,10
ORD004441,2024-06-02,CUST01001,Phone Stand,Accessories,-7.64,2,Poland,Credit Card,5
ORD006705,2024-11-08,CUST01001,HDMI Cable,Cables,-26.52,1,Canada,Unknown,0
ORD000987,2024-11-30,CUST01001,Mouse,Peripherals,83.06,2,Netherlands,Credit Card,0
ORD007590,2024-04-12,CUST01001,Headphones,Audio,156.62,1,Poland,PayPal,5
ORD007749,2024-11-21,CUST01263,Keyboard,Peripherals,111.25,4,Germany,Credit Card,0
ORD006902,2024-12-22,CUST01013,Headphones,Audio,125.79,4,Canada,Unknown,5
ORD006644,2024-03-06,CUST01002,Phone Stand,Accessories,0.0,4,Canada,Bank Transfer,15
ORD004050,2024-12-28,CUST01001,Mouse,Peripherals,33.07,4,USA,Bank Transfer,0
ORD003486,2024-03-18,CUST01001,HDMI Cable,Cables,25.02,2,Poland,Credit Card,10
ORD002475,2024-06-17,CUST01001,Keyboard,Peripherals,126.08,3,Poland,Unknown,0
ORD005239,2024-06-15,CUST01001,Desk Lamp,Accessories,69.75,3,Canada,Unknown,0
ORD003874,2024-03-21,CUST01560,Mouse,Peripherals,17.58,3,Netherlands,Credit Card,0
ORD001199,2024-04-09,CUST01003,Laptop,Computers,1028.29,2,Canada,PayPal,0
ORD004182,2024-11-14,CUST01008,USB Hub,Peripherals,67.84,2,Canada,Bank Transfer,0
ORD001519,2024-10-20,CUST01003,Mouse,Peripherals,29.06,1,Canada,Debit Card,0
ORD006657,2024-05-01,CUST01116,Desk Lamp,Accessories,44.77,4,France,Bank Transfer,5
ORD005478,2024-08-29,CUST01062,Headphones,Audio,171.26,4,Netherlands,Bank Transfer,15
ORD001800,2024-02-05,CUST01002,Keyboard,Peripherals,114.98,3,Poland,Unknown,15
ORD001015,2024-12-10,CUST01043,Headphones,Audio,98.97,4,Netherlands,Credit Card,10
ORD000129,2024-05-12,CUST01001,Webcam,Video,27.29,3,Canada,PayPal,0
ORD001365,2024-03-31,CUST01026,HDMI Cable,Cables,41.58,4,USA,Unknown,0
ORD006179,2024-02-19,CUST01001,Keyboard,Peripherals,118.09,1,Netherlands,Debit Card,10
ORD004471,2024-02-28,CUST01441,Webcam,Video,37.93,3,USA,Credit Card,15
ORD000892,2024-01-10,CUST01010,Laptop,Computers,1031.45,1,Netherlands,Credit Card,0
ORD002794,2024-12-16,CUST01018,USB Hub,Peripherals,39.9,4,Netherlands,Credit Card,10
ORD006738,2024-01-28,CUST01511,Laptop,Computers,1050.97,2,France,Credit Card,0
ORD005456,2024-07-03,CUST01026,Laptop,Computers,1104.83,4,Germany,Credit Card,15
ORD004404,2024-08-22,CUST01001,Headphones,Audio,98.06,2,Canada,Unknown,5
ORD007634,2024-04-05,CUST01006,Keyboard,Peripherals,172.35,1,Canada,Bank Transfer,0
ORD005414,2024-05-30,CUST01001,Keyboard,Peripherals,106.05,4,Poland,Bank Transfer,15
ORD006884,2024-05-20,CUST01001,Monitor,Displays,453.01,3,Poland,PayPal,10
ORD006811,2024-06-25,CUST01001,Phone Stand,Accessories,16.05,4,Canada,Unknown,0
ORD001209,2024-08-26,CUST01003,Monitor,Displays,534.84,2,USA,Credit Card,15
ORD003869,2024-07-22,CUST01007,Desk Lamp,Accessories,140.34,1,Canada,Bank Transfer,15
ORD007203,2024-04-07,CUST01002,Laptop,Computers,1041.12,1,France,Credit Card,0
ORD004066,2024-07-29,CUST01081,Desk Lamp,Accessories,122.73,3,Canada,Bank Transfer,0
ORD006866,2024-06-07,CUST01001,Mouse,Peripherals,61.08,2,USA,Debit Card,0
ORD006094,2024-11-26,CUST01002,HDMI Cable,Cables,-33.41,1,USA,Unknown,0
ORD001240,2024-08-13,CUST01002,Laptop,Computers,1060.14,2,Poland,Bank Transfer,5
ORD002290,2024-05-03,CUST01001,Mouse,Peripherals,54.17,2,France,Bank Transfer,5
ORD002741,2024-05-21,CUST01001,Phone Stand,Accessories,7.36,3,Netherlands,PayPal,5
ORD000276,2024-01-14,CUST01007,USB Hub,Peripherals,-2.63,2,Canada,Bank Transfer,0
ORD004586,2024-08-23,CUST01001,USB Hub,Peripherals,25.47,4,Canada,PayPal,10
ORD001036,2024-08-12,CUST01011,Monitor,Displays,491.79,2,Canada,Debit Card,10
ORD001230,2024-03-08,CUST01002,Headphones,Audio,115.7,1,USA,Debit Card,5
ORD001009,2024-11-30,CUST01001,Laptop,Computers,1050.19,1,Canada,Unknown,10
ORD006541,2024-05-01,CUST01698,Desk Lamp,Accessories,70.14,2,UK,Unknown,0
ORD005179,2024-12-08,CUST01001,Phone Stand,Accessories,54.63,3,USA,Credit Card,15
ORD003829,2024-12-06,CUST01001,Webcam,Video,71.08,4,USA,PayPal,0
ORD002533,2024-11-04,CUST01003,Webcam,Video,76.18,4,USA,Debit Card,0
ORD004294,2024-08-02,CUST01001,Keyboard,Peripherals,85.15,1,Germany,Debit Card,0
ORD001059,2024-05-09,CUST01011,Webcam,Video,24.05,2,Canada,Credit Card,0
ORD005965,2024-04-15,CUST01007,Monitor,Displays,515.16,3,Canada,Credit Card,0
ORD001044,2024-10-18,CUST01001,Webcam,Video,66.2,4,Germany,Credit Card,0
ORD001317,2024-03-07,CUST01028,USB Hub,Peripherals,10.74,2,USA,Debit Card,0
ORD000969,2024-06-30,CUST01012,Keyboard,Peripherals,119.52,4,Canada,Bank Transfer,15
ORD002382,2024-03-01,CUST01015,Webcam,Video,99999.0,2,USA,Unknown,0
ORD006769,2024-12-27,CUST01004,HDMI Cable,Cables,11.35,2,UK,Unknown,5
ORD001940,2024-06-07,CUST01002,Webcam,Video,-100.0,1,UK,Bank Transfer,0
ORD005771,2024-08-26,CUST01002,Keyboard,Peripherals,114.51,1,Canada,Debit Card,0
ORD001275,2024-04-29,CUST01208,USB Hub,Peripherals,69.08,1,Poland,Debit Card,15
ORD000620,2024-04-02,CUST01002,Headphones,Audio,147.83,3,UK,Credit Card,0
ORD005838,2024-09-25,CUST01001,Laptop,Computers,1055.33,3,USA,PayPal,15
ORD001743,2024-01-05,CUST01070,Monitor,Displays,519.79,1,France,Unknown,0
ORD001391,2024-03-01,CUST01130,Laptop,Computers,1084.27,2,Germany,Credit Card,5
ORD006534,2024-04-08,CUST01002,Desk Lamp,Accessories,86.99,4,Canada,Credit Card,0
ORD001580,2024-09-18,CUST01006,Phone Stand,Accessories,43.34,4,Germany,Unknown,0
ORD001656,2024-11-06,CUST01059,Webcam,Video,62.04,3,Poland,Debit Card,0
ORD003569,2024-09-27,CUST01001,Desk Lamp,Accessories,102.77,2,Netherlands,Unknown,0
ORD002353,2024-04-17,CUST01001,Mouse,Peripherals,70.01,3,Netherlands,Debit Card,0
ORD002213,2024-02-05,CUST01008,Laptop,Computers,1092.18,4,Poland,Unknown,10
ORD007970,2024-09-15,CUST01030,Monitor,Displays,439.73,1,UK,Credit Card,5
ORD003179,2024-10-29,CUST01001,Laptop,Computers,-100.0,4,France,PayPal,5
ORD003193,2024-03-11,CUST01002,HDMI Cable,Cables,26.77,1,UK,Credit Card,0
ORD001308,2024-09-24,CUST01001,Desk Lamp,Accessories,49.6,4,Poland,Unknown,15
ORD000576,2024-03-28,CUST01001,USB Hub,Peripherals,67.79,1,France,Bank Transfer,10
ORD002361,2024-08-26,CUST01017,USB Hub,Peripherals,26.29,4,UK,Bank Transfer,10
ORD001281,2024-05-24,CUST01001,Webcam,Video,80.65,2,Poland,Debit Card,10
ORD006528,2024-11-20,CUST01001,Phone Stand,Accessories,20.07,1,UK,Bank Transfer,0
ORD004958,2024-09-18,CUST01001,Webcam,Video,63.53,4,Germany,Debit Card,15
ORD006640,2024-11-09,CUST01062,HDMI Cable,Cables,4.24,3,UK,Debit Card,10
ORD001994,2024-04-01,CUST01032,Webcam,Video,121.41,2,Netherlands,Unknown,15
ORD002640,2024-06-16,CUST01003,Phone Stand,Accessories,6.3,2,Poland,Credit Card,0
ORD000270,2024-10-17,CUST01005,Mouse,Peripherals,88.66,2,UK,Unknown,15
ORD000630,2024-05-17,CUST01001,Desk Lamp,Accessories,85.07,2,USA,Debit Card,0
ORD005954,2024-10-08,CUST01001,Phone Stand,Accessories,48.9,2,France,Debit Card,0
ORD003082,2024-12-15,CUST01003,HDMI Cable,Cables,2.07,2,Netherlands,Unknown,0
ORD003467,2024-12-16,CUST01007,Mouse,Peripherals,79.84,1,Germany,Debit Card,0
ORD004397,2024-12-12,CUST01001,Mouse,Peripherals,104.73,4,UK,PayPal,10
ORD004024,2024-12-28,CUST01003,Desk Lamp,Accessories,51.89,2,Netherlands,PayPal,15
ORD007598,2024-08-16,CUST01001,HDMI Cable,Cables,54.21,1,USA,Bank Transfer,5
ORD005544,2024-08-10,CUST01001,USB Hub,Peripherals,-3.5,4,Netherlands,Bank Transfer,0
ORD005569,2024-11-28,CUST01003,Webcam,Video,90.05,1,USA,Unknown,0
ORD002047,2024-06-17,CUST01004,Headphones,Audio,102.21,1,Netherlands,Debit Card,0
ORD004357,2024-01-30,CUST01003,HDMI Cable,Cables,-6.75,3,UK,Unknown,5
ORD007357,2024-06-29,CUST01001,HDMI Cable,Cables,1.13,2,Germany,Credit Card,15
ORD002114,2024-06-01,CUST01001,Headphones,Audio,126.56,1,Poland,Credit Card,15
ORD000028,2024-02-05,CUST01001,Headphones,Audio,168.33,2,Netherlands,Credit Card,0
ORD002041,2024-06-16,CUST01001,Laptop,Computers,1070.98,2,France,Debit Card,5
ORD003929,2024-03-03,CUST01004,Keyboard,Peripherals,94.17,1,USA,Credit Card,10
ORD007253,2024-09-01,CUST01010,Keyboard,Peripherals,136.35,4,USA,Bank Transfer,5
ORD003217,2024-03-29,CUST01009,Webcam,Video,88.88,1,Canada,Debit Card,0
ORD007473,2024-06-09,CUST01001,Phone Stand,Accessories,65.92,3,Canada,Debit Card,0
ORD003815,2024-03-17,CUST01001,Webcam,Video,111.22,1,Netherlands,Bank Transfer,10
ORD000130,2024-12-20,CUST01410,Phone Stand,Accessories,58.83,2,UK,Bank Transfer,0
ORD005958,2024-02-01,CUST01002,Desk Lamp,Accessories,127.23,3,Poland,Credit Card,0
ORD007869,2024-08-24,CUST01389,Webcam,Video,106.43,4,Canada,Bank Transfer,0
ORD004600,2024-05-17,CUST01001,Laptop,Computers,1016.58,2,Canada,Bank Transfer,15
ORD000014,2024-05-13,CUST01002,Headphones,Audio,93.75,2,Netherlands,Credit Card,5
ORD006885,2024-06-28,CUST01278,Phone Stand,Accessories,17.53,1,France,Credit Card,0
ORD004477,2024-01-10,CUST01001,Keyboard,Peripherals,149.94,2,France,Debit Card,5
ORD001526,2024-02-14,CUST01001,Monitor,Displays,469.88,4,Netherlands,Credit Card,15
ORD002366,2024-04-10,CUST01025,Desk Lamp,Accessories,45.96,1,Netherlands,Unknown,0
ORD004649,2024-03-10,CUST01002,Webcam,Video,104.36,1,UK,Debit Card,10
ORD003053,2024-08-06,CUST01001,Keyboard,Peripherals,139.55,4,Poland,Credit Card,0
ORD004006,2024-04-04,CUST01001,Keyboard,Peripherals,148.18,3,Germany,PayPal,15
ORD002341,2024-08-20,CUST01025,Monitor,Displays,491.27,4,Germany,Unknown,15
ORD000375,2024-09-25,CUST01002,Keyboard,Peripherals,159.56,3,France,PayPal,10
ORD005857,2024-09-24,CUST01006,Phone Stand,Accessories,68.37,2,UK,Bank Transfer,0
ORD006898,2024-10-19,CUST01010,Mouse,Peripherals,76.85,4,UK,Unknown,15
ORD000940,2024-08-06,CUST01005,Laptop,Computers,1041.31,2,Canada,PayPal,0
ORD007673,2024-08-12,CUST01002,Laptop,Computers,1098.92,4,France,PayPal,0
ORD005719,2024-03-01,CUST01001,Keyboard,Peripherals,131.46,2,Canada,Debit Card,0
ORD004574,2024-10-06,CUST01001,Monitor,Displays,482.98,2,Canada,Unknown,0
ORD002148,2024-05-06,CUST01004,HDMI Cable,Cables,-12.63,3,USA,Bank Transfer,0
ORD003592,2024-07-27,CUST01001,HDMI Cable,Cables,65.61,3,France,Bank Transfer,0
ORD006344,2024-07-26,CUST01001,USB Hub,Peripherals,40.25,3,UK,Credit Card,5
ORD007285,2024-02-28,CUST01002,Phone Stand,Accessories,67.75,2,Canada,Bank Transfer,0
ORD006748,2024-07-27,CUST01009,Phone Stand,Accessories,51.86,2,Canada,Bank Transfer,15
ORD003624,2024-05-08,CUST01001,USB Hub,Peripherals,9.82,3,Germany,Unknown,15
ORD000530,2024-02-17,CUST01003,Mouse,Peripherals,92.01,1,UK,Credit Card,0
ORD003715,2024-05-15,CUST01889,Keyboard,Peripherals,159.64,2,Germany,Debit Card,5
ORD006273,2024-10-05,CUST01001,Phone Stand,Accessories,44.73,1,UK,Unknown,0
ORD004733,2024-01-13,CUST01023,Webcam,Video,110.56,2,Germany,Debit Card,15
ORD001270,2024-07-01,CUST01001,Laptop,Computers,1066.09,2,Germany,Bank Transfer,10
ORD001395,2024-08-30,CUST01017,Mouse,Peripherals,54.08,3,Netherlands,Debit Card,0
ORD004851,2024-08-16,CUST01005,HDMI Cable,Cables,30.27,3,Poland,Credit Card,0
ORD004010,2024-03-24,CUST01001,Headphones,Audio,97.03,4,Canada,PayPal,10
ORD004391,2024-02-14,CUST01017,USB Hub,Peripherals,-10.48,2,Poland,Credit Card,0
ORD001798,2024-03-08,CUST01003,Phone Stand,Accessories,74.26,4,UK,Credit Card,15
ORD002980,2024-11-10,CUST01001,Mouse,Peripherals,47.84,1,Poland,Bank Transfer,0
ORD001442,2024-08-13,CUST01036,HDMI Cable,Cables,-31.32,4,Netherlands,Credit Card,0
ORD006010,2024-02-02,CUST01001,Desk Lamp,Accessories,107.46,1,France,PayPal,0
ORD007806,2024-07-07,CUST01003,USB Hub,Peripherals,-6.75,1,UK,Credit Card,15
ORD003812,2024-05-12,CUST01001,Headphones,Audio,128.78,3,Germany,Bank Transfer,0
ORD005632,2024-10-26,CUST01001,Laptop,Computers,1053.21,2,USA,PayPal,5
ORD001274,2024-01-04,CUST01007,HDMI Cable,Cables,35.28,3,France,Debit Card,0
ORD004704,2024-10-01,CUST01001,Mouse,Peripherals,99999.0,1,Poland,Unknown,10
ORD001713,2024-04-20,CUST01013,Monitor,Displays,507.8,4,Canada,Unknown,15
ORD000956,2024-05-09,CUST01022,Desk Lamp,Accessories,125.44,3,UK,Debit Card,5
ORD006725,2024-02-28,CUST01001,Headphones,Audio,121.2,3,Canada,PayPal,0
ORD006412,2024-06-18,CUST01060,USB Hub,Peripherals,26.63,3,Poland,Unknown,0
ORD007098,2024-03-30,CUST01013,Laptop,Computers,1105.48,3,Germany,Bank Transfer,15
ORD007365,2024-02-14,CUST01025,Laptop,Computers,1028.71,1,Germany,Unknown,10
ORD000404,2024-07-28,CUST01598,Headphones,Audio,99.17,1,Netherlands,Bank Transfer,0
ORD002072,2024-01-24,CUST01001,Desk Lamp,Accessories,128.92,4,USA,PayPal,0
ORD007617,2024-11-20,CUST01002,Mouse,Peripherals,46.2,3,France,Unknown,10
ORD001978,2024-06-30,CUST01189,Laptop,Computers,1076.38,3,France,Bank Transfer,0
ORD000159,2024-01-15,CUST01001,Webcam,Video,100.89,2,Canada,Debit Card,0
ORD003889,2024-07-16,CUST01003,Desk Lamp,Accessories,46.79,2,UK,Unknown,0
ORD005452,2024-03-29,CUST01003,Webcam,Video,25.38,3,Poland,PayPal,0
ORD000903,2024-08-15,CUST01001,USB Hub,Peripherals,-11.36,3,Germany,Credit Card,15
ORD000353,2024-06-16,CUST01001,Phone Stand,Accessories,55.18,3,Poland,Unknown,5
ORD005327,2024-05-02,CUST01005,Phone Stand,Accessories,76.71,2,Canada,Bank Transfer,0
ORD004541,2024-12-06,CUST01002,Webcam,Video,48.68,2,Germany,Debit Card,0
ORD004131,2024-05-05,CUST01006,Phone Stand,Accessories,-16.27,1,USA,Credit Card,15
ORD000755,2024-01-13,CUST01001,Webcam,Video,88.43,1,Netherlands,PayPal,0
ORD002972,2024-03-26,CUST01002,Headphones,Audio,82.31,2,Netherlands,Bank Transfer,0
ORD007980,2024-11-02,CUST01006,USB Hub,Peripherals,44.11,4,UK,Unknown,0
ORD002921,2024-08-03,CUST01105,Webcam,Video,81.0,1,UK,Bank Transfer,0
ORD000312,2024-09-17,CUST01001,Monitor,Displays,519.27,1,Canada,PayPal,0
ORD004645,2024-05-19,CUST01003,Desk Lamp,Accessories,108.91,2,UK,PayPal,15
ORD001990,2024-04-12,CUST01001,Phone Stand,Accessories,73.32,3,Netherlands,Debit Card,0
ORD003666,2024-04-12,CUST01001,Phone Stand,Accessories,74.35,3,Canada,Bank Transfer,10
ORD000307,2024-05-29,CUST01007,Headphones,Audio,170.15,4,UK,Debit Card,0
ORD002336,2024-09-01,CUST01004,Headphones,Audio,154.79,3,Germany,Debit Card,10
ORD004791,2024-02-15,CUST01010,Monitor,Displays,528.14,1,France,Credit Card,10
ORD002357,2024-02-14,CUST01053,Monitor,Displays,526.43,1,France,Unknown,0
ORD003703,2024-09-14,CUST01001,Headphones,Audio,149.0,4,Germany,Debit Card,5
ORD003805,2024-04-02,CUST01003,Keyboard,Peripherals,78.93,4,Germany,Credit Card,5
ORD001928,2024-10-28,CUST01038,Mouse,Peripherals,32.32,3,Poland,Unknown,10
ORD007038,2024-01-08,CUST01002,Webcam,Video,54.08,2,France,Debit Card,10
ORD003428,2024-08-05,CUST01002,Phone Stand,Accessories,68.5,1,Canada,Credit Card,0
ORD000750,2024-10-14,CUST01001,Webcam,Video,69.01,1,UK,Unknown,0
ORD003639,2024-08-05,CUST01001,Desk Lamp,Accessories,96.76,3,France,Credit Card,15
ORD007855,2024-04-25,CUST01001,HDMI Cable,Cables,-3.92,3,USA,Bank Transfer,0
ORD001267,2024-03-29,CUST01008,Keyboard,Peripherals,79.03,4,Poland,Unknown,0
ORD007361,2024-09-03,CUST01004,HDMI Cable,Cables,-7.29,3,USA,Unknown,0
ORD006100,2024-12-10,CUST01001,Mouse,Peripherals,10.1,2,UK,Debit Card,0
ORD007095,2024-04-05,CUST01002,Desk Lamp,Accessories,98.58,4,USA,Unknown,5
ORD003596,2024-03-07,CUST01005,Keyboard,Peripherals,136.03,4,USA,Bank Transfer,10
ORD002135,2024-06-20,CUST01003,USB Hub,Peripherals,56.76,2,Poland,Unknown,15
ORD005067,2024-08-12,CUST01001,USB Hub,Peripherals,55.23,3,Poland,Credit Card,0
ORD004110,2024-09-17,CUST01001,Mouse,Peripherals,102.45,1,UK,Credit Card,0
ORD004970,2024-01-15,CUST01002,Phone Stand,Accessories,58.68,1,Poland,PayPal,5
ORD000515,2024-11-01,CUST01001,Keyboard,Peripherals,146.27,1,UK,Debit Card,0
ORD007176,2024-12-02,CUST01009,Headphones,Audio,155.22,1,Poland,Credit Card,0
ORD000410,2024-10-01,CUST01001,Monitor,Displays,526.76,3,Germany,Unknown,5
ORD005996,2024-12-17,CUST01001,Headphones,Audio,102.64,2,UK,Credit Card,0
ORD007987,2024-03-17,CUST01001,Webcam,Video,99.48,3,Poland,Unknown,0
ORD007926,2024-02-14,CUST01002,Phone Stand,Accessories,-21.73,3,Poland,Bank Transfer,5
ORD006954,2024-08-22,CUST01002,Desk Lamp,Accessories,62.63,1,USA,Debit Card,15
ORD000208,2024-09-29,CUST01002,USB Hub,Peripherals,25.4,3,USA,Bank Transfer,15
ORD007966,2024-02-26,CUST01001,Laptop,Computers,1101.23,3,Poland,PayPal,15
ORD000459,2024-03-22,CUST01001,USB Hub,Peripherals,36.28,3,France,Bank Transfer,0
ORD002055,2024-01-19,CUST01001,USB Hub,Peripherals,68.9,2,Poland,Bank Transfer,10
ORD002431,2024-07-21,CUST01018,Phone Stand,Accessories,-2.6,1,Poland,Bank Transfer,0
ORD000251,2024-08-12,CUST01007,Keyboard,Peripherals,112.47,3,Germany,Bank Transfer,15
ORD006853,2024-12-15,CUST01001,Desk Lamp,Accessories,122.26,4,Poland,PayPal,0
ORD005438,2024-08-14,CUST01001,HDMI Cable,Cables,-10.67,2,Germany,PayPal,5
ORD001108,2024-11-16,CUST01002,Monitor,Displays,461.8,3,Poland,Bank Transfer,0
ORD006511,2024-03-23,CUST01690,Monitor,Displays,442.73,4,USA,PayPal,0
ORD001714,2024-02-06,CUST01001,HDMI Cable,Cables,56.11,3,USA,Credit Card,0
ORD003912,2024-05-26,CUST01001,Headphones,Audio,104.06,4,France,Debit Card,5
ORD006461,2024-08-28,CUST01003,Monitor,Displays,515.95,4,France,Debit Card,15
ORD000716,2024-11-03,CUST01002,Monitor,Displays,484.14,4,Netherlands,Credit Card,0
ORD000553,2024-02-19,CUST01001,Laptop,Computers,1018.88,1,USA,Bank Transfer,0
ORD001440,2024-09-06,CUST01007,USB Hub,Peripherals,54.08,1,USA,Debit Card,10
ORD002271,2024-04-02,CUST01002,Monitor,Displays,518.31,1,USA,Credit Card,0
ORD003145,2024-06-10,CUST01001,Laptop,Computers,1067.49,1,Poland,Unknown,0
ORD007653,2024-10-10,CUST01001,Desk Lamp,Accessories,76.35,4,Germany,Debit Card,0
ORD001926,2024-10-20,CUST01001,Keyboard,Peripherals,137.43,1,Poland,Bank Transfer,10
ORD000635,2024-02-13,CUST01035,Mouse,Peripherals,96.79,3,USA,Bank Transfer,0
ORD000317,2024-07-21,CUST01012,Desk Lamp,Accessories,128.8,1,Netherlands,Credit Card,0
ORD007533,2024-08-03,CUST01045,Webcam,Video,43.74,4,Germany,Credit Card,0
ORD005425,2024-08-05,CUST01001,Keyboard,Peripherals,124.37,4,France,Debit Card,10
ORD000428,2024-10-26,CUST01001,Phone Stand,Accessories,64.3,1,Netherlands,Debit Card,0
ORD005966,2024-12-13,CUST01045,Phone Stand,Accessories,-5.27,2,Poland,Credit Card,10
ORD000106,2024-11-14,CUST01001,Mouse,Peripherals,93.55,4,UK,PayPal,15
ORD003042,2024-06-25,CUST01003,Webcam,Video,32.84,2,Canada,PayPal,0
ORD004239,2024-08-01,CUST01001,USB Hub,Peripherals,-3.07,3,Germany,Credit Card,0
ORD002170,2024-07-06,CUST01001,Keyboard,Peripherals,167.36,3,France,Credit Card,0
ORD001710,2024-03-28,CUST01013,Phone Stand,Accessories,99999.0,2,France,Bank Transfer,0
ORD000090,2024-02-09,CUST01016,Headphones,Audio,163.57,4,USA,Bank Transfer,5
ORD002242,2024-11-28,CUST01036,Headphones,Audio,100.88,2,Poland,Bank Transfer,0
ORD003175,2024-07-06,CUST01001,Monitor,Displays,515.51,4,France,Bank Transfer,0
ORD005999,2024-08-16,CUST01001,Keyboard,Peripherals,82.12,2,UK,Bank Transfer,0
ORD001950,2024-10-13,CUST01001,Keyboard,Peripherals,73.5,4,Germany,Debit Card,0
ORD004045,2024-10-11,CUST01003,Keyboard,Peripherals,169.58,2,Canada,PayPal,0
ORD002849,2024-01-14,CUST01004,Webcam,Video,38.33,3,Germany,Credit Card,0
ORD000002,2024-12-20,CUST01001,Webcam,Video,112.81,2,UK,Unknown,0
ORD004338,2024-07-21,CUST01002,Phone Stand,Accessories,51.79,2,Germany,Debit Card,0
ORD000936,2024-01-05,CUST01078,USB Hub,Peripherals,23.62,3,USA,Credit Card,0
ORD006872,2024-03-16,CUST01001,Keyboard,Peripherals,172.58,2,Canada,Unknown,0
ORD002721,2024-09-29,CUST01002,USB Hub,Peripherals,-3.71,3,Poland,PayPal,10
ORD005206,2024-08-09,CUST01001,USB Hub,Peripherals,47.31,4,UK,PayPal,0
ORD006152,2024-04-19,CUST01032,Monitor,Displays,514.74,1,USA,Credit Card,0
ORD000592,2024-04-11,CUST01004,Monitor,Displays,508.81,1,UK,Debit Card,0
ORD007728,2024-03-17,CUST01001,Webcam,Video,0.0,1,Poland,Credit Card,15
ORD006030,2024-11-12,CUST01001,Headphones,Audio,158.71,4,Canada,PayPal,0
ORD002937,2024-07-06,CUST01005,Phone Stand,Accessories,99999.0,4,Germany,PayPal,0
ORD002449,2024-06-27,CUST01001,Phone Stand,Accessories,66.28,3,Netherlands,Credit Card,10
ORD001577,2024-09-10,CUST01008,Phone Stand,Accessories,19.74,2,Germany,Bank Transfer,15
ORD006459,2024-12-06,CUST01001,Webcam,Video,68.9,2,USA,Debit Card,0
ORD007804,2024-06-06,CUST01002,Headphones,Audio,151.02,3,Netherlands,Bank Transfer,10
ORD000214,2024-05-14,CUST01003,HDMI Cable,Cables,-23.44,3,Germany,Bank Transfer,0
ORD000779,2024-06-17,CUST01001,Headphones,Audio,135.41,1,UK,Unknown,0
ORD006792,2024-02-10,CUST01001,Desk Lamp,Accessories,71.47,2,Poland,Credit Card,10
ORD003497,2024-12-21,CUST01022,HDMI Cable,Cables,-14.8,4,Canada,Credit Card,0
ORD006299,2024-07-10,CUST01001,Desk Lamp,Accessories,110.54,1,USA,Credit Card,0
ORD002044,2024-12-11,CUST01001,Keyboard,Peripherals,87.71,4,Germany,PayPal,0
ORD007277,2024-07-17,CUST01984,Headphones,Audio,90.83,3,France,PayPal,0
ORD005421,2024-08-09,CUST01001,HDMI Cable,Cables,-26.43,4,Germany,Debit Card,10
ORD001568,2024-08-22,CUST01001,USB Hub,Peripherals,-7.2,4,Netherlands,PayPal,0
ORD000166,2024-03-04,CUST01004,Monitor,Displays,516.18,3,France,Unknown,10
ORD004703,2024-04-03,CUST01002,Mouse,Peripherals,82.04,1,Germany,Unknown,0
ORD003567,2024-03-12,CUST01003,HDMI Cable,Cables,23.6,4,Germany,Credit Card,0
ORD006716,2024-02-02,CUST01001,Mouse,Peripherals,84.82,4,Canada,Bank Transfer,0
ORD007622,2024-08-08,CUST01006,Webcam,Video,101.0,4,France,Debit Card,5
ORD005440,2024-02-15,CUST01016,Laptop,Computers,1107.82,4,Netherlands,Debit Card,10
ORD002014,2024-01-20,CUST01006,Laptop,Computers,1020.13,4,USA,PayPal,0
ORD000274,2024-02-04,CUST01062,Laptop,Computers,1046.63,4,Canada,Credit Card,0
ORD003861,2024-05-24,CUST01001,Phone Stand,Accessories,22.13,2,USA,Bank Transfer,0
ORD004168,2024-10-23,CUST01001,Webcam,Video,28.27,1,France,Unknown,0
ORD006404,2024-05-24,CUST01005,Webcam,Video,119.56,3,Netherlands,PayPal,15
ORD003789,2024-03-03,CUST01134,Desk Lamp,Accessories,65.1,3,France,Credit Card,0
ORD005184,2024-12-05,CUST01058,Phone Stand,Accessories,-15.04,1,Germany,PayPal,5
ORD000395,2024-04-26,CUST01001,Webcam,Video,113.89,2,USA,Unknown,0
ORD000584,2024-05-06,CUST01010,HDMI Cable,Cables,15.14,3,Netherlands,Bank Transfer,0
ORD007885,2024-06-28,CUST01001,Keyboard,Peripherals,101.96,3,Germany,Bank Transfer,5
ORD007993,2024-02-04,CUST01005,Keyboard,Peripherals,96.95,2,Poland,Unknown,15
ORD007435,2024-05-03,CUST01015,Headphones,Audio,116.3,2,USA,Bank Transfer,5
ORD006597,2024-02-17,CUST01001,Keyboard,Peripherals,105.67,4,Canada,Debit Card,5
ORD007666,2024-07-29,CUST01010,Phone Stand,Accessories,18.97,3,UK,Debit Card,0
ORD006493,2024-06-22,CUST01001,Monitor,Displays,443.62,3,Germany,Debit Card,15
ORD000521,2024-10-23,CUST01019,Laptop,Computers,1073.39,2,Canada,PayPal,10
ORD001764,2024-12-14,CUST01002,Phone Stand,Accessories,30.14,2,France,Credit Card,5
ORD001876,2024-06-17,CUST01014,USB Hub,Peripherals,51.28,4,France,Unknown,0
ORD005356,2024-12-27,CUST01001,Monitor,Displays,439.14,2,UK,Bank Transfer,10
ORD003966,2024-11-26,CUST01033,HDMI Cable,Cables,13.96,1,USA,PayPal,15
ORD003345,2024-03-09,CUST01001,Laptop,Computers,1032.67,2,Poland,Debit Card,15
ORD002254,2024-06-10,CUST01001,Desk Lamp,Accessories,115.12,4,Canada,PayPal,10
ORD003225,2024-05-22,CUST01002,Webcam,Video,45.23,3,Canada,Debit Card,0
ORD000527,2024-11-06,CUST01001,Headphones,Audio,126.52,1,USA,Credit Card,15
ORD002947,2024-09-23,CUST01001,USB Hub,Peripherals,44.78,2,USA,Unknown,10
ORD004474,2024-07-27,CUST01002,Webcam,Video,38.65,3,UK,Debit Card,0
ORD003900,2024-04-28,CUST01001,Phone Stand,Accessories,58.58,4,Canada,Debit Card,5
ORD005656,2024-10-12,CUST01001,USB Hub,Peripherals,54.71,4,Netherlands,Unknown,0
ORD000693,2024-05-02,CUST01002,Desk Lamp,Accessories,79.77,1,Poland,Credit Card,10
ORD007578,2024-09-23,CUST01064,Headphones,Audio,120.1,1,Netherlands,PayPal,10
ORD004445,2024-11-12,CUST01056,Laptop,Computers,1084.15,4,Canada,Debit Card,0
ORD003634,2024-06-19,CUST01001,Desk Lamp,Accessories,88.94,1,France,Credit Card,5
ORD005806,2024-01-21,CUST01002,Laptop,Computers,1073.18,1,Germany,PayPal,0
ORD001051,2024-11-14,CUST01006,Phone Stand,Accessories,46.89,3,Poland,Debit Card,15
ORD000591,2024-03-02,CUST01002,Monitor,Displays,520.75,2,France,Credit Card,5
ORD000520,2024-11-11,CUST01001,HDMI Cable,Cables,21.0,2,France,Bank Transfer,0
ORD003381,2024-04-27,CUST01001,Headphones,Audio,0.0,2,USA,PayPal,0
ORD003677,2024-12-05,CUST01003,Mouse,Peripherals,37.07,1,France,Debit Card,10
ORD005777,2024-04-08,CUST01001,Mouse,Peripherals,89.52,3,Germany,Bank Transfer,0
ORD006613,2024-06-26,CUST01029,Laptop,Computers,1038.03,4,UK,Debit Card,0
ORD005180,2024-04-10,CUST01001,Keyboard,Peripherals,122.79,4,Germany,Debit Card,0
ORD001608,2024-08-29,CUST01001,Mouse,Peripherals,51.89,1,USA,Credit Card,0
ORD003611,2024-09-02,CUST01001,USB Hub,Peripherals,53.87,4,UK,Debit Card,0
ORD007648,2024-09-01,CUST01001,Mouse,Peripherals,25.13,3,Poland,Credit Card,0
ORD000482,2024-08-14,CUST01001,Laptop,Computers,1101.48,4,Netherlands,PayPal,15
ORD001810,2024-05-19,CUST01001,Mouse,Peripherals,11.38,1,Germany,Unknown,0
ORD000792,2024-02-25,CUST01001,Phone Stand,Accessories,73.75,4,Poland,Debit Card,15
ORD000793,2024-07-29,CUST01004,Keyboard,Peripherals,98.19,1,Canada,Credit Card,0
ORD007945,2024-11-22,CUST01055,Desk Lamp,Accessories,115.68,1,USA,Debit Card,15
ORD001856,2024-12-08,CUST01001,Keyboard,Peripherals,166.75,3,Netherlands,Credit Card,15
ORD001981,2024-10-06,CUST01088,Webcam,Video,121.61,2,Canada,Bank Transfer,0
ORD003234,2024-09-11,CUST01002,HDMI Cable,Cables,99999.0,3,USA,PayPal,5
ORD003599,2024-12-04,CUST01001,Laptop,Computers,1095.62,4,Netherlands,Bank Transfer,0
ORD000934,2024-10-29,CUST01001,HDMI Cable,Cables,49.0,3,Canada,PayPal,0
ORD003964,2024-09-15,CUST01002,Webcam,Video,83.37,4,France,Debit Card,0
ORD005975,2024-02-22,CUST01127,HDMI Cable,Cables,52.37,2,Germany,Unknown,5
ORD005627,2024-08-02,CUST01001,Mouse,Peripherals,81.88,2,Germany,Credit Card,5
ORD005507,2024-10-21,CUST01006,Monitor,Displays,0.0,2,Germany,Credit Card,10
ORD007995,2024-07-26,CUST01001,HDMI Cable,Cables,13.66,4,USA,Debit Card,5
ORD004180,2024-09-12,CUST01001,USB Hub,Peripherals,40.79,2,Canada,Unknown,15
ORD004027,2024-12-22,CUST01004,Phone Stand,Accessories,75.17,1,Netherlands,Bank Transfer,0
ORD007109,2024-09-09,CUST01001,Mouse,Peripherals,52.04,2,Germany,Bank Transfer,0
ORD004117,2024-09-05,CUST01050,Mouse,Peripherals,81.42,4,Netherlands,PayPal,5
ORD000989,2024-12-12,CUST01001,Phone Stand,Accessories,50.18,1,UK,Debit Card,0
ORD006194,2024-08-25,CUST01007,USB Hub,Peripherals,15.96,3,France,PayPal,0
ORD003454,2024-08-06,CUST01023,Desk Lamp,Accessories,102.34,4,USA,Debit Card,0
ORD007328,2024-04-08,CUST01001,HDMI Cable,Cables,63.12,3,UK,Bank Transfer,0
ORD003779,2024-02-13,CUST01001,Monitor,Displays,450.39,1,Netherlands,Unknown,0
ORD005659,2024-01-21,CUST01050,Webcam,Video,110.4,3,Canada,Debit Card,0
ORD006734,2024-11-10,CUST01004,Mouse,Peripherals,36.7,4,Canada,Credit Card,5
ORD003094,2024-06-07,CUST01001,Webcam,Video,75.0,2,USA,Bank Transfer,15
ORD003156,2024-06-28,CUST01002,Mouse,Peripherals,18.32,3,Germany,Credit Card,15
ORD005070,2024-06-05,CUST01021,Monitor,Displays,492.12,1,Germany,Unknown,0
ORD005807,2024-02-13,CUST01001,Laptop,Computers,1052.65,3,Poland,Credit Card,0
ORD003202,2024-09-02,CUST01002,HDMI Cable,Cables,38.27,2,Netherlands,Bank Transfer,0
ORD006478,2024-05-20,CUST01001,Desk Lamp,Accessories,52.05,4,UK,Credit Card,0
ORD001099,2024-09-11,CUST01001,Phone Stand,Accessories,-0.4,4,Netherlands,Unknown,0
ORD006667,2024-08-19,CUST01009,Mouse,Peripherals,36.58,1,France,Debit Card,0
ORD002845,2024-02-07,CUST01083,Phone Stand,Accessories,60.01,1,Netherlands,PayPal,10
ORD000887,2024-04-16,CUST01002,Desk Lamp,Accessories,44.87,2,Poland,Unknown,15
ORD007911,2024-08-24,CUST01001,USB Hub,Peripherals,13.72,3,USA,PayPal,0
ORD006228,2024-08-25,CUST01001,Webcam,Video,116.02,4,UK,Bank Transfer,0
ORD000516,2024-06-20,CUST01027,HDMI Cable,Cables,16.6,2,UK,Debit Card,15
ORD007652,2024-08-14,CUST01009,Keyboard,Peripherals,167.28,4,Netherlands,Unknown,10
ORD004834,2024-01-16,CUST01549,Mouse,Peripherals,92.65,1,UK,Credit Card,5
ORD001454,2024-08-28,CUST01004,Laptop,Computers,1083.19,1,Germany,Bank Transfer,0
ORD003554,2024-06-01,CUST01058,Mouse,Peripherals,16.18,2,USA,Bank Transfer,0
ORD003610,2024-03-04,CUST01001,HDMI Cable,Cables,99999.0,4,UK,Credit Card,10
ORD004666,2024-11-19,CUST01002,Desk Lamp,Accessories,49.18,3,Canada,Bank Transfer,10
ORD002507,2024-01-07,CUST01001,USB Hub,Peripherals,-7.73,3,Canada,Unknown,5
ORD002995,2024-07-27,CUST01001,Laptop,Computers,1066.9,3,Germany,Bank Transfer,5
ORD004000,2024-01-21,CUST01003,Keyboard,Peripherals,74.42,2,USA,Debit Card,15
ORD007600,2024-03-18,CUST01001,Monitor,Displays,463.94,3,UK,Credit Card,0
ORD000907,2024-04-17,CUST01008,Monitor,Displays,512.29,1,Canada,PayPal,15
ORD000029,2024-09-06,CUST01005,Keyboard,Peripherals,170.74,3,Netherlands,Unknown,0
ORD006887,2024-10-21,CUST01001,Keyboard,Peripherals,117.26,4,Germany,PayPal,0
ORD002508,2024-06-23,CUST01001,Laptop,Computers,1076.36,1,Poland,Unknown,0
ORD002429,2024-07-16,CUST01080,Phone Stand,Accessories,66.78,2,UK,PayPal,0
ORD005044,2024-02-01,CUST01001,Desk Lamp,Accessories,51.25,3,Netherlands,Debit Card,15
ORD005347,2024-03-02,CUST01004,HDMI Cable,Cables,40.52,4,UK,Credit Card,0
ORD000763,2024-02-16,CUST01003,Keyboard,Peripherals,93.34,3,Germany,PayPal,0
ORD003748,2024-05-04,CUST01003,Laptop,Computers,1040.92,2,UK,Bank Transfer,0
ORD004812,2024-04-15,CUST01006,Headphones,Audio,83.83,3,Poland,Debit Card,0
ORD000285,2024-02-16,CUST01001,Monitor,Displays,527.83,4,Poland,Debit Card,0
ORD000687,2024-04-15,CUST01014,HDMI Cable,Cables,10.22,3,Netherlands,Credit Card,5
ORD007414,2024-05-31,CUST01108,Desk Lamp,Accessories,75.26,2,Canada,Credit Card,15
ORD002354,2024-06-26,CUST01001,Monitor,Displays,449.99,1,USA,Debit Card,15
ORD006568,2024-04-08,CUST01001,USB Hub,Peripherals,38.93,2,Netherlands,Credit Card,15
ORD006897,2024-03-25,CUST01001,Keyboard,Peripherals,160.54,4,Netherlands,Credit Card,15
ORD000022,2024-03-03,CUST01001,Webcam,Video,43.2,3,Netherlands,Credit Card,0
ORD002753,2024-08-18,CUST01001,Webcam,Video,53.02,1,USA,Unknown,0
ORD000886,2024-03-15,CUST01040,Webcam,Video,56.62,3,Netherlands,Credit Card,10
ORD000918,2024-07-16,CUST01600,Desk Lamp,Accessories,59.88,2,Germany,Bank Transfer,15
ORD001041,2024-11-15,CUST01360,Phone Stand,Accessories,77.03,4,France,Credit Card,5
ORD006368,2024-10-29,CUST01002,Monitor,Displays,531.79,1,France,PayPal,0
ORD001266,2024-02-08,CUST01001,Monitor,Displays,474.77,1,France,PayPal,0
ORD004580,2024-09-23,CUST01001,Webcam,Video,107.13,2,Canada,PayPal,5
ORD006948,2024-09-04,CUST01053,Keyboard,Peripherals,166.49,4,Canada,Credit Card,0
ORD007460,2024-05-01,CUST01002,USB Hub,Peripherals,-23.89,1,Germany,Credit Card,0
ORD000278,2024-07-17,CUST01001,Mouse,Peripherals,82.18,3,Canada,Debit Card,5
ORD005085,2024-01-17,CUST01001,USB Hub,Peripherals,5.9,4,Germany,Unknown,0
ORD002085,2024-04-14,CUST01010,USB Hub,Peripherals,55.5,2,Poland,Unknown,15
ORD001246,2024-06-06,CUST01005,Laptop,Computers,1095.58,1,USA,Debit Card,0
ORD002383,2024-06-06,CUST01001,HDMI Cable,Cables,-5.09,2,UK,PayPal,15
ORD000572,2024-12-23,CUST01001,Mouse,Peripherals,88.05,3,Netherlands,PayPal,15
ORD001436,2024-03-05,CUST01066,Headphones,Audio,144.63,3,USA,Bank Transfer,0
ORD003903,2024-01-03,CUST01191,Headphones,Audio,127.6,2,Germany,Unknown,0
ORD005090,2024-01-15,CUST01001,Desk Lamp,Accessories,133.2,1,UK,PayPal,0
ORD001248,2024-06-28,CUST01122,USB Hub,Peripherals,69.43,4,Germany,Unknown,10
ORD006027,2024-09-17,CUST01001,Keyboard,Peripherals,151.75,4,Canada,PayPal,15
ORD004682,2024-05-10,CUST01001,HDMI Cable,Cables,30.88,4,Netherlands,Credit Card,0
ORD003527,2024-04-03,CUST01028,USB Hub,Peripherals,-7.19,1,Netherlands,Unknown,0
ORD002515,2024-10-20,CUST01001,Laptop,Computers,1097.49,3,Poland,Credit Card,10
ORD005446,2024-03-20,CUST01011,Monitor,Displays,442.58,1,UK,Unknown,5
ORD001008,2024-07-26,CUST01003,Phone Stand,Accessories,-18.05,4,USA,Credit Card,10
ORD004771,2024-01-25,CUST01001,Headphones,Audio,96.89,2,Canada,Debit Card,0
ORD004544,2024-11-19,CUST01001,Desk Lamp,Accessories,56.23,1,USA,PayPal,15
ORD006051,2024-05-27,CUST01001,Headphones,Audio,99.22,4,Netherlands,Unknown,0
ORD006953,2024-12-14,CUST01001,Phone Stand,Accessories,0.0,1,USA,PayPal,15
ORD002065,2024-11-17,CUST01001,Laptop,Computers,1082.37,3,Germany,Debit Card,0
ORD005353,2024-07-17,CUST01004,Laptop,Computers,1061.53,1,USA,Bank Transfer,0
ORD006338,2024-12-23,CUST01096,Headphones,Audio,123.56,4,UK,Debit Card,0
ORD001691,2024-12-18,CUST01017,Desk Lamp,Accessories,117.31,2,Germany,Debit Card,15
ORD006928,2024-10-06,CUST01002,Monitor,Displays,472.18,1,Germany,Bank Transfer,0
ORD007288,2024-06-26,CUST01030,USB Hub,Peripherals,12.85,4,Poland,PayPal,5
ORD005344,2024-07-15,CUST01002,Headphones,Audio,98.81,3,Netherlands,PayPal,0
ORD001986,2024-08-27,CUST01004,Webcam,Video,111.92,1,UK,Unknown,0
ORD000295,2024-09-22,CUST01062,Phone Stand,Accessories,68.54,2,Poland,PayPal,5
ORD001548,2024-05-30,CUST01002,USB Hub,Peripherals,-24.05,4,UK,Bank Transfer,10
ORD002013,2024-12-07,CUST01031,Keyboard,Peripherals,109.34,1,France,Debit Card,0
ORD000589,2024-03-11,CUST01001,Mouse,Peripherals,77.8,2,Netherlands,Unknown,0
ORD003330,2024-08-26,CUST01003,HDMI Cable,Cables,56.95,1,UK,Unknown,0
ORD002404,2024-01-11,CUST01006,USB Hub,Peripherals,15.42,1,Poland,Bank Transfer,5
ORD002130,2024-11-09,CUST01001,Webcam,Video,77.39,3,France,Bank Transfer,0
ORD007529,2024-05-27,CUST01036,Monitor,Displays,513.54,1,Germany,Unknown,0
ORD003742,2024-11-27,CUST01041,Headphones,Audio,103.0,4,Canada,Unknown,10
ORD003509,2024-01-26,CUST01001,Headphones,Audio,115.17,4,UK,PayPal,0
ORD002720,2024-06-25,CUST01001,Desk Lamp,Accessories,118.87,3,Canada,PayPal,10
ORD004522,2024-03-13,CUST01001,HDMI Cable,Cables,-23.53,4,Poland,Unknown,15
ORD005151,2024-08-13,CUST01007,Webcam,Video,66.64,1,Germany,Bank Transfer,5
ORD007308,2024-08-27,CUST01001,Monitor,Displays,518.69,2,Canada,Unknown,0
ORD007316,2024-03-11,CUST01005,USB Hub,Peripherals,-26.74,3,Canada,Debit Card,15
ORD000557,2024-05-23,CUST01010,Phone Stand,Accessories,-15.57,3,Netherlands,PayPal,0
ORD004796,2024-07-17,CUST01001,Keyboard,Peripherals,106.63,4,Poland,PayPal,15
ORD002470,2024-10-16,CUST01001,Laptop,Computers,1102.42,2,USA,Unknown,0
ORD003739,2024-05-26,CUST01007,USB Hub,Peripherals,46.86,4,Netherlands,Bank Transfer,0
ORD004287,2024-02-22,CUST01004,HDMI Cable,Cables,21.42,1,USA,Credit Card,0
ORD006608,2024-05-15,CUST01054,HDMI Cable,Cables,-26.79,2,USA,Debit Card,10
ORD005290,2024-01-10,CUST01001,Monitor,Displays,482.74,4,Canada,Debit Card,15
ORD001717,2024-07-04,CUST01018,Headphones,Audio,178.91,1,Poland,Bank Transfer,0
ORD002605,2024-04-25,CUST01002,Mouse,Peripherals,103.79,1,Netherlands,Bank Transfer,15
ORD006619,2024-07-21,CUST01004,HDMI Cable,Cables,37.5,1,Germany,PayPal,0
ORD001705,2024-01-22,CUST01422,Headphones,Audio,97.22,2,France,Credit Card,0
ORD002140,2024-10-29,CUST01003,Phone Stand,Accessories,-16.37,2,Canada,Credit Card,0
ORD003240,2024-08-18,CUST01002,HDMI Cable,Cables,17.59,3,Poland,Unknown,0
ORD002384,2024-02-22,CUST01017,Mouse,Peripherals,69.96,4,Canada,Bank Transfer,0
ORD004312,2024-12-07,CUST01003,Desk Lamp,Accessories,116.61,1,Poland,Bank Transfer,0
ORD001286,2024-03-14,CUST01824,Headphones,Audio,138.6,4,France,Unknown,0
ORD007352,2024-06-14,CUST01001,Laptop,Computers,1086.74,4,Poland,Debit Card,0
ORD006365,2024-03-17,CUST01650,HDMI Cable,Cables,63.98,2,UK,Bank Transfer,5
ORD007171,2024-03-26,CUST01003,Phone Stand,Accessories,61.57,2,USA,Unknown,10
ORD003931,2024-10-03,CUST01002,Desk Lamp,Accessories,71.25,2,France,Bank Transfer,5
ORD005986,2024-09-06,CUST01002,HDMI Cable,Cables,33.12,4,France,Credit Card,0
ORD006079,2024-09-15,CUST01001,Headphones,Audio,131.99,4,Netherlands,Credit Card,15
ORD001592,2024-04-28,CUST01003,Headphones,Audio,152.2,4,USA,Bank Transfer,0
ORD007534,2024-12-27,CUST01004,HDMI Cable,Cables,38.1,4,Netherlands,Bank Transfer,15
ORD007112,2024-02-14,CUST01016,Headphones,Audio,129.38,4,UK,PayPal,0
ORD002163,2024-03-04,CUST01015,Laptop,Computers,1062.42,4,USA,PayPal,0
ORD002397,2024-05-13,CUST01008,Phone Stand,Accessories,46.43,2,Netherlands,PayPal,0
ORD000318,2024-08-11,CUST01002,Laptop,Computers,1056.43,3,USA,Bank Transfer,15
ORD007202,2024-03-03,CUST01140,Headphones,Audio,89.81,4,USA,Bank Transfer,0
ORD003112,2024-03-31,CUST01002,USB Hub,Peripherals,-5.8,3,Poland,Bank Transfer,15
ORD005234,2024-11-28,CUST01001,Keyboard,Peripherals,160.74,4,Poland,Debit Card,0
ORD006410,2024-07-03,CUST01001,Keyboard,Peripherals,167.67,1,UK,Unknown,0
ORD007779,2024-01-09,CUST01008,Phone Stand,Accessories,17.8,1,USA,PayPal,0
ORD004037,2024-04-30,CUST01008,Desk Lamp,Accessories,88.15,4,Germany,PayPal,15
ORD000796,2024-09-25,CUST01001,USB Hub,Peripherals,67.08,2,Canada,PayPal,0
ORD003021,2024-03-13,CUST01001,Keyboard,Peripherals,105.27,4,France,PayPal,10
ORD001712,2024-02-14,CUST01006,Laptop,Computers,1068.11,1,USA,Debit Card,15
ORD003388,2024-11-04,CUST01002,HDMI Cable,Cables,62.25,2,France,Credit Card,10
ORD000037,2024-04-23,CUST01001,HDMI Cable,Cables,30.06,2,UK,Credit Card,15
ORD004550,2024-12-29,CUST01003,Headphones,Audio,160.88,1,Poland,Bank Transfer,5
ORD000914,2024-10-18,CUST01005,Laptop,Computers,1110.09,2,Netherlands,Unknown,0
ORD005722,2024-05-09,CUST01001,HDMI Cable,Cables,20.86,3,Canada,Credit Card,0
ORD005296,2024-07-14,CUST01001,Keyboard,Peripherals,165.25,2,Canada,Unknown,0
ORD003973,2024-03-22,CUST01003,Headphones,Audio,113.79,3,Poland,Bank Transfer,5
ORD005371,2024-03-22,CUST01001,Laptop,Computers,1068.4,1,UK,Bank Transfer,15
ORD004134,2024-10-30,CUST01001,Desk Lamp,Accessories,121.51,3,Netherlands,Unknown,5
ORD000975,2024-09-22,CUST01008,HDMI Cable,Cables,34.12,2,France,Debit Card,0
ORD000984,2024-08-03,CUST01007,HDMI Cable,Cables,36.11,3,UK,Credit Card,0
ORD006553,2024-03-08,CUST01001,USB Hub,Peripherals,0.57,1,Netherlands,PayPal,5
ORD001419,2024-08-21,CUST01001,Desk Lamp,Accessories,86.17,1,Canada,Credit Card,5
ORD001561,2024-08-02,CUST01001,Keyboard,Peripherals,133.9,4,USA,PayPal,0
ORD004136,2024-08-25,CUST01001,Phone Stand,Accessories,25.03,4,France,Debit Card,15
ORD005583,2024-01-25,CUST01001,Mouse,Peripherals,-100.0,2,UK,Bank Transfer,0
ORD006399,2024-07-05,CUST01001,Keyboard,Peripherals,153.51,3,Poland,Bank Transfer,15
ORD004266,2024-07-31,CUST01011,Monitor,Displays,494.18,2,Netherlands,Unknown,0
ORD001356,2024-02-18,CUST01001,Mouse,Peripherals,30.56,3,Netherlands,Unknown,10
ORD007509,2024-10-14,CUST01059,Mouse,Peripherals,6.57,4,Canada,PayPal,15
ORD007603,2024-11-25,CUST01001,Headphones,Audio,162.42,4,USA,PayPal,0
ORD000988,2024-02-19,CUST01412,HDMI Cable,Cables,21.85,2,UK,PayPal,0
ORD002683,2024-01-04,CUST01646,Desk Lamp,Accessories,88.03,4,USA,Bank Transfer,0
ORD005048,2024-04-11,CUST01001,Phone Stand,Accessories,40.27,4,Germany,PayPal,0
ORD001641,2024-01-14,CUST01001,Mouse,Peripherals,29.6,4,Germany,Credit Card,0
ORD001291,2024-01-12,CUST01001,Laptop,Computers,1027.04,1,UK,Bank Transfer,10
ORD003682,2024-07-10,CUST01014,Monitor,Displays,455.95,1,UK,Credit Card,15
ORD001381,2024-03-27,CUST01003,Headphones,Audio,106.41,3,Germany,PayPal,15
ORD001934,2024-09-15,CUST01002,Headphones,Audio,147.07,2,Germany,Bank Transfer,5
ORD004676,2024-05-23,CUST01001,Headphones,Audio,125.31,3,Netherlands,Unknown,15
ORD006752,2024-02-28,CUST01092,Keyboard,Peripherals,159.32,1,France,PayPal,10
ORD003161,2024-08-27,CUST01001,Laptop,Computers,1047.39,3,Poland,Debit Card,5
ORD002031,2024-11-06,CUST01001,USB Hub,Peripherals,-0.16,1,Poland,Bank Transfer,10
ORD000893,2024-03-07,CUST01002,Monitor,Displays,489.51,1,UK,Debit Card,10
ORD004877,2024-05-05,CUST01004,Phone Stand,Accessories,58.11,4,USA,Unknown,5
ORD004070,2024-03-23,CUST01001,Monitor,Displays,445.64,3,USA,Unknown,5
ORD004256,2024-06-10,CUST01005,Laptop,Computers,1072.0,3,France,PayPal,0
ORD000003,2024-10-30,CUST01001,Mouse,Peripherals,27.28,4,Poland,Debit Card,5
ORD002110,2024-11-18,CUST01006,HDMI Cable,Cables,9.72,2,France,Unknown,10
ORD000850,2024-01-24,CUST01001,Mouse,Peripherals,43.06,3,Germany,Debit Card,0
ORD002738,2024-02-23,CUST01031,Mouse,Peripherals,35.56,1,Germany,Debit Card,10
ORD002467,2024-02-17,CUST01006,Keyboard,Peripherals,110.25,4,Canada,PayPal,0
ORD001915,2024-10-16,CUST01001,Phone Stand,Accessories,77.77,1,USA,Unknown,0
ORD001597,2024-01-25,CUST01012,Phone Stand,Accessories,-8.27,4,Poland,Debit Card,5
ORD005873,2024-05-10,CUST01003,Phone Stand,Accessories,52.62,3,France,Debit Card,0
ORD001914,2024-05-09,CUST01001,Webcam,Video,35.91,1,UK,Bank Transfer,0
ORD005140,2024-02-17,CUST01004,Monitor,Displays,437.18,3,France,PayPal,10
ORD007552,2024-08-30,CUST01003,Laptop,Computers,1044.74,3,Canada,Credit Card,15
ORD005641,2024-09-27,CUST01004,Webcam,Video,80.97,2,France,Unknown,0
ORD002737,2024-07-30,CUST01447,USB Hub,Peripherals,71.53,1,Germany,Bank Transfer,0
ORD000727,2024-05-23,CUST01001,Webcam,Video,34.4,3,Poland,Unknown,0
ORD000054,2024-05-10,CUST01001,Mouse,Peripherals,69.99,3,France,Credit Card,5
ORD001797,2024-08-29,CUST01001,Monitor,Displays,526.69,2,France,Credit Card,15
ORD003846,2024-01-29,CUST01001,Keyboard,Peripherals,117.07,1,Poland,Credit Card,0
ORD006008,2024-07-18,CUST01001,Monitor,Displays,467.69,3,France,Credit Card,15
ORD002554,2024-01-27,CUST01008,Phone Stand,Accessories,71.88,1,UK,PayPal,10
ORD002801,2024-03-31,CUST01001,Monitor,Displays,532.9,3,France,PayPal,0
ORD000937,2024-02-19,CUST01021,Laptop,Computers,1057.3,2,Canada,Unknown,15
ORD007678,2024-04-23,CUST01001,Keyboard,Peripherals,134.54,1,UK,Bank Transfer,0
ORD000825,2024-06-30,CUST01002,Webcam,Video,30.59,1,Canada,Bank Transfer,0
ORD004322,2024-02-18,CUST01001,Monitor,Displays,473.41,3,Canada,Unknown,0
ORD003402,2024-02-17,CUST01003,Monitor,Displays,493.78,4,Netherlands,Debit Card,5
ORD001390,2024-09-14,CUST01005,Laptop,Computers,1015.04,1,France,Bank Transfer,0
ORD003565,2024-11-20,CUST01001,Phone Stand,Accessories,14.44,4,UK,Bank Transfer,0
ORD000885,2024-08-31,CUST01066,Keyboard,Peripherals,140.59,2,USA,Unknown,10
ORD005430,2024-11-03,CUST01008,USB Hub,Peripherals,-26.42,1,USA,Credit Card,15
ORD005704,2024-12-11,CUST01002,Mouse,Peripherals,15.69,2,Netherlands,Credit Card,10
ORD005691,2024-04-17,CUST01004,Mouse,Peripherals,84.2,1,Netherlands,Unknown,0
ORD004868,2024-09-11,CUST01003,USB Hub,Peripherals,71.03,2,France,Bank Transfer,5
ORD001869,2024-04-18,CUST01005,Headphones,Audio,148.68,4,Canada,Unknown,10
ORD005182,2024-09-12,CUST01001,Mouse,Peripherals,70.09,3,Germany,Unknown,0
ORD000011,2024-08-11,CUST01044,Mouse,Peripherals,100.98,3,Poland,Unknown,5
ORD003416,2024-08-14,CUST01002,Monitor,Displays,516.27,4,UK,Unknown,0
ORD005422,2024-02-02,CUST01001,Laptop,Computers,1027.55,2,Germany,Bank Transfer,0
ORD001464,2024-05-27,CUST01006,Monitor,Displays,503.45,4,Germany,Unknown,0
ORD000807,2024-08-03,CUST01021,Monitor,Displays,446.63,1,Germany,PayPal,0
ORD006544,2024-01-04,CUST01392,USB Hub,Peripherals,-1.42,3,USA,Unknown,5
ORD007956,2024-01-12,CUST01025,Mouse,Peripherals,97.78,4,Poland,Unknown,10
ORD004069,2024-10-07,CUST01001,Laptop,Computers,1020.94,2,Poland,Unknown,0
ORD002109,2024-01-31,CUST01550,Monitor,Displays,510.39,4,France,Debit Card,0
ORD006773,2024-07-02,CUST01031,Phone Stand,Accessories,48.9,2,France,PayPal,10
ORD007949,2024-02-24,CUST01012,Webcam,Video,114.02,4,Netherlands,Bank Transfer,0
ORD002235,2024-11-08,CUST01003,HDMI Cable,Cables,1.01,3,Netherlands,Debit Card,5
ORD000964,2024-03-19,CUST01002,Webcam,Video,73.78,2,Netherlands,Bank Transfer,0
ORD004495,2024-06-30,CUST01003,Headphones,Audio,163.47,4,Poland,Debit Card,5
ORD002633,2024-10-12,CUST01016,Laptop,Computers,1023.89,2,Netherlands,Credit Card,10
ORD006095,2024-02-16,CUST01001,USB Hub,Peripherals,57.41,1,France,Debit Card,0
ORD000705,2024-05-07,CUST01001,Keyboard,Peripherals,164.72,4,France,Unknown,0
ORD004389,2024-03-03,CUST01001,Mouse,Peripherals,99999.0,3,Poland,PayPal,10
ORD006078,2024-03-16,CUST01001,Phone Stand,Accessories,-17.61,2,Poland,Credit Card,0
ORD000146,2024-03-29,CUST01001,Mouse,Peripherals,18.53,2,Germany,Unknown,0
ORD002034,2024-02-11,CUST01001,Webcam,Video,88.36,1,Netherlands,Credit Card,10
ORD006735,2024-06-23,CUST01001,Phone Stand,Accessories,-0.07,2,UK,Unknown,5
ORD001166,2024-07-16,CUST01002,Mouse,Peripherals,67.04,3,Canada,Bank Transfer,0
ORD003501,2024-05-02,CUST01002,USB Hub,Peripherals,50.55,1,UK,Unknown,0
ORD002051,2024-01-23,CUST01088,Keyboard,Peripherals,112.7,1,Poland,Debit Card,0
ORD003761,2024-07-18,CUST01001,Monitor,Displays,502.14,2,UK,Debit Card,5
ORD002625,2024-09-17,CUST01002,Mouse,Peripherals,62.7,4,UK,Bank Transfer,0
ORD004485,2024-09-25,CUST01001,HDMI Cable,Cables,-24.06,4,Poland,PayPal,0
ORD004436,2024-12-23,CUST01005,Mouse,Peripherals,56.71,1,Netherlands,PayPal,0
ORD006394,2024-11-14,CUST01001,Keyboard,Peripherals,142.41,1,Canada,Debit Card,10
ORD006224,2024-03-04,CUST01001,Laptop,Computers,1015.24,1,USA,PayPal,0
ORD004362,2024-05-21,CUST01349,Monitor,Displays,485.49,1,Canada,Debit Card,5
ORD002425,2024-12-16,CUST01001,Laptop,Computers,1050.77,2,Germany,Unknown,0
ORD001263,2024-10-11,CUST01003,Webcam,Video,119.0,1,Netherlands,Unknown,10
ORD001772,2024-11-25,CUST01003,Headphones,Audio,176.81,1,USA,Credit Card,0
ORD003512,2024-06-20,CUST01003,Laptop,Computers,99999.0,1,UK,Unknown,0
ORD000272,2024-05-03,CUST01003,Mouse,Peripherals,94.79,3,Germany,Unknown,5
ORD004793,2024-11-27,CUST01001,HDMI Cable,Cables,59.38,4,Canada,PayPal,0
ORD007984,2024-04-24,CUST01002,USB Hub,Peripherals,46.25,1,France,Debit Card,15
ORD000245,2024-03-02,CUST01001,USB Hub,Peripherals,19.6,1,Poland,Credit Card,5
ORD007771,2024-06-15,CUST01003,Monitor,Displays,465.27,1,Poland,Credit Card,0
ORD004573,2024-10-12,CUST01434,Monitor,Displays,476.96,2,France,Unknown,0
ORD002033,2024-07-10,CUST01004,HDMI Cable,Cables,8.73,2,Netherlands,Unknown,0
ORD007736,2024-08-06,CUST01001,Laptop,Computers,1085.07,1,Germany,Debit Card,15
ORD006343,2024-01-14,CUST01002,HDMI Cable,Cables,40.04,2,France,PayPal,0
ORD000814,2024-05-25,CUST01001,Laptop,Computers,1018.49,2,Canada,PayPal,0
ORD006011,2024-06-01,CUST01168,Monitor,Displays,477.54,4,USA,PayPal,0
ORD003811,2024-05-08,CUST01001,Mouse,Peripherals,72.7,4,Poland,Bank Transfer,0
ORD007762,2024-09-15,CUST01001,Desk Lamp,Accessories,96.62,2,UK,Unknown,0
ORD007955,2024-08-06,CUST01001,Webcam,Video,86.79,1,Canada,Unknown,10
ORD006517,2024-01-10,CUST01006,Desk Lamp,Accessories,69.5,1,Canada,Debit Card,10
ORD001805,2024-01-30,CUST01109,Mouse,Peripherals,53.78,1,France,PayPal,0
ORD006818,2024-03-18,CUST01004,Headphones,Audio,106.12,4,UK,Unknown,5
ORD004347,2024-03-21,CUST01002,HDMI Cable,Cables,-28.48,1,USA,Debit Card,0
ORD002462,2024-12-17,CUST01002,Webcam,Video,95.96,2,Netherlands,Credit Card,15
ORD000546,2024-05-27,CUST01001,Keyboard,Peripherals,114.99,3,Poland,Credit Card,15
ORD003242,2024-02-12,CUST01001,USB Hub,Peripherals,57.6,2,UK,Debit Card,0
ORD000739,2024-11-26,CUST01001,Monitor,Displays,436.38,2,USA,PayPal,0
ORD000311,2024-07-19,CUST01298,Headphones,Audio,178.61,3,Netherlands,Debit Card,0
ORD003522,2024-10-18,CUST01007,Headphones,Audio,105.05,3,Canada,Unknown,15
ORD001132,2024-05-06,CUST01002,USB Hub,Peripherals,58.58,1,France,PayPal,0
ORD005546,2024-09-16,CUST01002,HDMI Cable,Cables,-30.49,4,Poland,Unknown,10
ORD007892,2024-03-21,CUST01002,Phone Stand,Accessories,-0.15,2,Poland,Bank Transfer,15
ORD004112,2024-07-10,CUST01010,Laptop,Computers,1095.12,2,UK,PayPal,15
ORD002770,2024-03-17,CUST01002,Webcam,Video,90.0,2,France,Unknown,0
ORD000921,2024-02-20,CUST01001,Phone Stand,Accessories,57.96,3,France,Unknown,0
ORD006724,2024-05-05,CUST01086,Webcam,Video,80.54,3,Poland,Credit Card,10
ORD003588,2024-07-20,CUST01016,Headphones,Audio,119.15,3,Netherlands,PayPal,0
ORD003960,2024-05-25,CUST01002,HDMI Cable,Cables,-31.14,1,Poland,Bank Transfer,0
ORD000039,2024-07-18,CUST01001,Mouse,Peripherals,75.54,4,Germany,Unknown,5
ORD004460,2024-11-17,CUST01001,HDMI Cable,Cables,50.68,3,Germany,Bank Transfer,10
ORD004279,2024-05-06,CUST01002,Headphones,Audio,101.68,4,France,Unknown,0
ORD002984,2024-05-24,CUST01001,Laptop,Computers,1014.13,3,Netherlands,Unknown,0
ORD005291,2024-10-12,CUST01001,Mouse,Peripherals,16.41,4,Netherlands,Unknown,15
ORD005218,2024-11-18,CUST01002,USB Hub,Peripherals,-18.66,4,UK,Debit Card,0
ORD002668,2024-01-22,CUST01001,Mouse,Peripherals,30.32,3,Germany,Credit Card,0
ORD003224,2024-01-22,CUST01004,HDMI Cable,Cables,3.45,4,Germany,PayPal,10
ORD001183,2024-05-06,CUST01003,USB Hub,Peripherals,-5.52,1,Poland,Bank Transfer,15
ORD007282,2024-01-29,CUST01005,Webcam,Video,28.82,4,France,Debit Card,0
ORD000615,2024-08-13,CUST01616,Mouse,Peripherals,97.8,2,Poland,PayPal,0
ORD007905,2024-01-01,CUST01001,Headphones,Audio,91.09,1,Netherlands,Debit Card,10
ORD001467,2024-10-21,CUST01001,Phone Stand,Accessories,6.22,3,Poland,Debit Card,0
ORD004498,2024-01-09,CUST01001,Headphones,Audio,160.54,4,Poland,Unknown,0
ORD003043,2024-04-08,CUST01033,Keyboard,Peripherals,172.14,3,UK,Debit Card,5
ORD000935,2024-03-16,CUST01149,Laptop,Computers,1079.14,2,Poland,Credit Card,5
ORD002420,2024-11-20,CUST01114,Phone Stand,Accessories,45.0,3,UK,PayPal,0
ORD005086,2024-06-08,CUST01001,USB Hub,Peripherals,-15.86,2,Netherlands,Unknown,0
ORD007241,2024-11-07,CUST01002,Desk Lamp,Accessories,82.82,3,France,Unknown,0
ORD006505,2024-07-04,CUST01703,Monitor,Displays,440.99,3,France,Debit Card,0
ORD004823,2024-08-23,CUST01008,Phone Stand,Accessories,41.44,2,France,Credit Card,10
ORD000827,2024-11-29,CUST01001,Phone Stand,Accessories,-3.94,2,UK,Bank Transfer,0
ORD001522,2024-08-10,CUST01001,Headphones,Audio,173.22,2,Germany,Bank Transfer,5
ORD002931,2024-04-06,CUST01003,Keyboard,Peripherals,159.36,4,France,PayPal,15
ORD004233,2024-10-03,CUST01046,Desk Lamp,Accessories,76.79,2,USA,Bank Transfer,0
ORD000629,2024-04-08,CUST01002,Phone Stand,Accessories,-1.31,4,Germany,Unknown,10
ORD004431,2024-11-15,CUST01005,Headphones,Audio,87.98,3,Germany,Unknown,0
ORD003854,2024-04-03,CUST01001,Desk Lamp,Accessories,132.23,2,USA,Unknown,0
ORD000391,2024-02-07,CUST01002,Laptop,Computers,1025.39,2,Netherlands,Unknown,0
ORD004346,2024-08-08,CUST01001,Mouse,Peripherals,27.98,4,USA,Credit Card,15
ORD007808,2024-12-09,CUST01002,Phone Stand,Accessories,55.96,3,Canada,Unknown,0
ORD005914,2024-08-24,CUST01003,Phone Stand,Accessories,35.35,2,Netherlands,Credit Card,15
ORD003991,2024-07-27,CUST01959,Desk Lamp,Accessories,112.3,1,Netherlands,Bank Transfer,0
ORD000401,2024-04-26,CUST01002,Webcam,Video,110.01,3,Poland,Bank Transfer,10
ORD004807,2024-11-27,CUST01001,Mouse,Peripherals,-100.0,2,France,PayPal,0
ORD005136,2024-11-17,CUST01001,Monitor,Displays,481.91,4,Netherlands,PayPal,0
ORD006486,2024-02-17,CUST01001,Monitor,Displays,440.01,2,UK,PayPal,0
ORD003360,2024-09-10,CUST01214,HDMI Cable,Cables,55.06,3,UK,Bank Transfer,0
ORD000047,2024-02-02,CUST01002,Desk Lamp,Accessories,82.98,2,Netherlands,Bank Transfer,0
ORD005658,2024-10-31,CUST01013,Headphones,Audio,88.26,3,UK,Bank Transfer,15
ORD007687,2024-05-31,CUST01057,Webcam,Video,94.37,3,Poland,Bank Transfer,0
ORD007897,2024-02-17,CUST01001,Webcam,Video,92.45,4,France,Credit Card,15
ORD003643,2024-10-29,CUST01001,Mouse,Peripherals,42.05,4,Poland,Bank Transfer,15
ORD003727,2024-08-29,CUST01001,USB Hub,Peripherals,-6.57,4,USA,Credit Card,0
ORD007343,2024-06-30,CUST01597,Keyboard,Peripherals,85.92,3,USA,Unknown,5
ORD005209,2024-03-24,CUST01005,Monitor,Displays,463.89,3,Canada,Debit Card,0
ORD005320,2024-07-05,CUST01006,Laptop,Computers,1072.38,2,France,PayPal,0
ORD007775,2024-12-10,CUST01001,Desk Lamp,Accessories,69.67,2,Germany,Unknown,15
ORD002422,2024-10-28,CUST01001,Laptop,Computers,1017.41,3,France,Debit Card,10
ORD005605,2024-06-02,CUST01120,Webcam,Video,90.62,1,Netherlands,PayPal,0
ORD001751,2024-06-14,CUST01006,Mouse,Peripherals,41.59,2,Poland,Unknown,10
ORD007745,2024-03-31,CUST01019,Webcam,Video,106.07,3,Canada,Unknown,0
ORD006573,2024-09-26,CUST01002,Phone Stand,Accessories,3.75,3,Netherlands,Credit Card,5
ORD004063,2024-08-04,CUST01001,USB Hub,Peripherals,57.37,2,Germany,Debit Card,15
ORD007586,2024-12-27,CUST01002,Keyboard,Peripherals,145.32,2,UK,Credit Card,15
ORD000339,2024-05-16,CUST01015,Desk Lamp,Accessories,58.78,3,Netherlands,Bank Transfer,5
ORD000216,2024-03-30,CUST01002,Webcam,Video,117.56,2,UK,Credit Card,0
ORD003664,2024-02-10,CUST01001,Keyboard,Peripherals,94.24,1,Germany,Bank Transfer,0
ORD001342,2024-07-30,CUST01089,Mouse,Peripherals,90.3,3,Poland,PayPal,0
ORD007336,2024-04-07,CUST01003,Headphones,Audio,88.99,4,USA,Debit Card,0
ORD007756,2024-08-16,CUST01002,USB Hub,Peripherals,-3.85,3,USA,Unknown,10
ORD003895,2024-11-04,CUST01012,Headphones,Audio,144.72,2,France,PayPal,0
ORD003641,2024-10-07,CUST01040,Mouse,Peripherals,56.08,2,Germany,Credit Card,0
ORD000330,2024-02-05,CUST01002,Desk Lamp,Accessories,61.47,2,UK,Debit Card,10
ORD006315,2024-01-30,CUST01424,Webcam,Video,57.46,2,USA,Credit Card,0
ORD003005,2024-08-14,CUST01002,Headphones,Audio,169.62,2,UK,PayPal,0
ORD007655,2024-05-10,CUST01413,Keyboard,Peripherals,-100.0,2,Germany,Unknown,15
ORD003116,2024-08-09,CUST01001,Phone Stand,Accessories,-3.08,1,Germany,Bank Transfer,5
ORD007748,2024-11-17,CUST01001,Headphones,Audio,141.38,3,Canada,Credit Card,15
ORD002323,2024-08-08,CUST01045,Monitor,Displays,475.18,1,UK,Bank Transfer,15
ORD004198,2024-07-16,CUST01004,USB Hub,Peripherals,-6.29,3,Poland,PayPal,0
ORD003550,2024-06-16,CUST01002,Webcam,Video,54.65,4,USA,Debit Card,0
ORD001459,2024-11-13,CUST01021,Phone Stand,Accessories,-17.48,4,USA,Debit Card,10
ORD000172,2024-02-11,CUST01001,Keyboard,Peripherals,160.83,4,USA,Credit Card,0
ORD004204,2024-03-26,CUST01001,Headphones,Audio,116.09,3,Poland,Unknown,0
ORD006721,2024-06-16,CUST01002,Desk Lamp,Accessories,95.11,2,Germany,Bank Transfer,10
ORD003570,2024-06-28,CUST01001,HDMI Cable,Cables,57.75,4,USA,PayPal,15
ORD004227,2024-01-21,CUST01002,USB Hub,Peripherals,23.23,1,Poland,PayPal,15
ORD005159,2024-03-15,CUST01001,Headphones,Audio,116.03,3,Poland,PayPal,15
ORD007696,2024-01-12,CUST01002,Monitor,Displays,452.81,3,Poland,Debit Card,0
ORD006186,2024-02-26,CUST01015,HDMI Cable,Cables,42.18,4,Germany,Debit Card,15
ORD006612,2024-05-28,CUST01002,Monitor,Displays,495.31,3,Canada,Credit Card,0
ORD000939,2024-11-14,CUST01012,Phone Stand,Accessories,43.59,3,France,Unknown,0
ORD000061,2024-10-08,CUST01001,Mouse,Peripherals,19.42,4,France,Credit Card,0
ORD001241,2024-10-17,CUST01001,Mouse,Peripherals,8.23,2,USA,Bank Transfer,15
ORD005761,2024-08-19,CUST01002,Mouse,Peripherals,20.69,4,Netherlands,Credit Card,10
ORD005137,2024-08-24,CUST01001,Laptop,Computers,1099.21,3,Canada,Debit Card,10
ORD006706,2024-05-31,CUST01033,HDMI Cable,Cables,3.7,1,Poland,Credit Card,0
ORD002121,2024-02-29,CUST01003,USB Hub,Peripherals,49.25,1,Poland,PayPal,15
ORD001525,2024-05-30,CUST01001,USB Hub,Peripherals,-27.04,1,Germany,Bank Transfer,15
ORD000154,2024-07-14,CUST01004,Webcam,Video,36.15,2,France,Bank Transfer,15
ORD006123,2024-07-15,CUST01001,Monitor,Displays,455.74,4,Germany,PayPal,0
ORD004461,2024-11-27,CUST01003,Keyboard,Peripherals,115.71,3,UK,Debit Card,0
ORD003921,2024-12-08,CUST01001,HDMI Cable,Cables,21.91,2,Netherlands,PayPal,0
ORD001763,2024-11-21,CUST01001,Keyboard,Peripherals,101.02,2,Germany,PayPal,15
ORD000751,2024-02-25,CUST01001,Phone Stand,Accessories,33.33,1,UK,PayPal,0
ORD001786,2024-01-31,CUST01002,Phone Stand,Accessories,58.28,3,Canada,Bank Transfer,0
ORD006673,2024-11-11,CUST01007,Headphones,Audio,131.56,2,Poland,PayPal,10
ORD006213,2024-03-10,CUST01003,Webcam,Video,78.7,3,Netherlands,Unknown,0
ORD004502,2024-06-21,CUST01003,Phone Stand,Accessories,75.07,3,UK,Bank Transfer,0
ORD004854,2024-05-02,CUST01011,Mouse,Peripherals,101.16,2,UK,Debit Card,0
ORD002712,2024-10-12,CUST01001,Headphones,Audio,90.92,1,USA,Debit Card,10
ORD006488,2024-01-10,CUST01002,Laptop,Computers,1112.12,2,UK,Credit Card,0
ORD004194,2024-12-17,CUST01002,Headphones,Audio,-100.0,3,Canada,Credit Card,0
ORD001334,2024-09-22,CUST01001,Phone Stand,Accessories,62.37,2,Canada,Debit Card,15
ORD007144,2024-11-20,CUST01001,Phone Stand,Accessories,-4.95,4,Germany,Debit Card,15
ORD002855,2024-06-08,CUST01003,USB Hub,Peripherals,54.68,4,USA,Credit Card,10
ORD000187,2024-09-21,CUST01516,Headphones,Audio,102.18,3,France,Debit Card,0
ORD001137,2024-10-18,CUST01007,Phone Stand,Accessories,3.93,1,Poland,Bank Transfer,15
ORD002059,2024-03-01,CUST01002,Headphones,Audio,121.2,1,Germany,Credit Card,0
ORD006729,2024-03-27,CUST01002,Laptop,Computers,1067.43,3,UK,Bank Transfer,0
ORD006723,2024-12-06,CUST01004,Phone Stand,Accessories,42.38,3,UK,Credit Card,10
ORD000149,2024-03-27,CUST01001,Keyboard,Peripherals,113.99,2,USA,Debit Card,10
ORD004125,2024-08-04,CUST01040,Headphones,Audio,143.42,1,UK,Debit Card,0
ORD004890,2024-11-28,CUST01002,HDMI Cable,Cables,-7.57,3,France,PayPal,10
ORD006500,2024-09-06,CUST01019,Webcam,Video,117.93,4,Canada,Debit Card,15
ORD003364,2024-08-29,CUST01002,Webcam,Video,82.58,2,Netherlands,Unknown,0
ORD004789,2024-02-14,CUST01111,Webcam,Video,108.18,1,Germany,Bank Transfer,0
ORD002867,2024-06-30,CUST01018,Webcam,Video,87.09,4,Canada,PayPal,0
ORD003777,2024-07-29,CUST01069,USB Hub,Peripherals,2.85,4,Germany,Unknown,0
ORD001387,2024-06-06,CUST01001,Monitor,Displays,483.27,1,Netherlands,Bank Transfer,0
ORD005942,2024-02-28,CUST01009,Phone Stand,Accessories,-17.83,1,USA,Unknown,0
ORD007819,2024-07-23,CUST01001,Monitor,Displays,522.32,1,Germany,PayPal,0
ORD006638,2024-11-23,CUST01005,Keyboard,Peripherals,111.04,2,Germany,PayPal,0
ORD005696,2024-04-06,CUST01001,Laptop,Computers,1036.04,2,Canada,Debit Card,0
ORD003630,2024-03-16,CUST01002,HDMI Cable,Cables,62.58,4,France,Credit Card,0
ORD007218,2024-02-10,CUST01001,USB Hub,Peripherals,58.44,1,France,PayPal,0
ORD004798,2024-12-14,CUST01006,Laptop,Computers,1105.17,4,Canada,Unknown,5
ORD003029,2024-01-25,CUST01003,Headphones,Audio,81.64,2,Netherlands,Credit Card,0
ORD002970,2024-12-20,CUST01001,Laptop,Computers,1053.36,1,USA,PayPal,15
ORD006977,2024-06-05,CUST01001,Mouse,Peripherals,100.14,4,USA,Unknown,0
ORD001709,2024-12-25,CUST01018,Laptop,Computers,1019.0,1,France,PayPal,5
ORD002954,2024-12-23,CUST01015,Monitor,Displays,443.09,2,Poland,Debit Card,0
ORD000455,2024-12-17,CUST01001,Mouse,Peripherals,66.61,3,Germany,Unknown,0
ORD006137,2024-07-05,CUST01006,Laptop,Computers,1043.1,1,UK,Credit Card,15
ORD007536,2024-01-18,CUST01001,HDMI Cable,Cables,-4.16,1,Germany,Unknown,0
ORD000610,2024-09-30,CUST01001,USB Hub,Peripherals,-3.26,1,France,PayPal,15
ORD004264,2024-06-23,CUST01001,Laptop,Computers,1075.95,1,Netherlands,Unknown,0
ORD004827,2024-05-17,CUST01002,USB Hub,Peripherals,40.57,2,Germany,PayPal,0
ORD006804,2024-10-17,CUST01001,Headphones,Audio,135.53,2,Poland,Bank Transfer,0
ORD002075,2024-07-15,CUST01002,Phone Stand,Accessories,99999.0,2,UK,Credit Card,0
ORD004053,2024-10-06,CUST01001,Mouse,Peripherals,99.32,2,France,Unknown,0
ORD006524,2024-01-04,CUST01001,Webcam,Video,123.15,2,Netherlands,Bank Transfer,0
ORD001623,2024-08-30,CUST01002,Mouse,Peripherals,24.15,1,France,Bank Transfer,0
ORD004684,2024-07-08,CUST01001,Keyboard,Peripherals,119.38,1,Netherlands,Debit Card,0
ORD005498,2024-04-27,CUST01001,Mouse,Peripherals,30.29,2,Germany,Debit Card,0
ORD005797,2024-05-04,CUST01008,USB Hub,Peripherals,-8.3,2,UK,PayPal,5
ORD007031,2024-10-13,CUST01483,USB Hub,Peripherals,-6.1,1,France,Bank Transfer,5
ORD000041,2024-12-19,CUST01006,Mouse,Peripherals,54.56,2,Germany,Unknown,0
ORD005476,2024-12-26,CUST01021,Headphones,Audio,140.67,3,USA,PayPal,15
ORD002090,2024-05-24,CUST01002,HDMI Cable,Cables,-20.8,3,Poland,Debit Card,0
ORD003925,2024-04-22,CUST01002,Laptop,Computers,1090.97,1,Netherlands,Bank Transfer,0
ORD002176,2024-12-08,CUST01001,Keyboard,Peripherals,170.82,3,Netherlands,PayPal,15
ORD000075,2024-04-23,CUST01003,Laptop,Computers,1077.72,2,Canada,Credit Card,0
ORD006422,2024-12-09,CUST01003,Keyboard,Peripherals,81.22,2,France,Bank Transfer,0
ORD007908,2024-02-14,CUST01187,Phone Stand,Accessories,-1.3,1,UK,Credit Card,0
ORD002658,2024-08-25,CUST01005,Webcam,Video,82.23,3,France,Unknown,0
ORD002077,2024-02-08,CUST01001,Webcam,Video,81.73,3,Canada,PayPal,10
ORD000442,2024-07-22,CUST01001,Mouse,Peripherals,15.99,4,France,Credit Card,5
ORD002052,2024-07-06,CUST01001,USB Hub,Peripherals,-7.68,4,USA,Unknown,0
ORD002542,2024-02-10,CUST01003,USB Hub,Peripherals,20.06,3,Canada,Credit Card,0
ORD001302,2024-11-22,CUST01002,Keyboard,Peripherals,156.37,1,France,PayPal,10
ORD007376,2024-04-28,CUST01002,Mouse,Peripherals,12.66,1,Netherlands,Unknown,0
ORD003431,2024-05-04,CUST01008,Desk Lamp,Accessories,93.43,3,Germany,Credit Card,0
ORD001305,2024-06-14,CUST01001,Phone Stand,Accessories,55.75,2,Canada,Bank Transfer,0
ORD000237,2024-06-05,CUST01001,Desk Lamp,Accessories,61.16,1,UK,Bank Transfer,10
ORD006689,2024-10-22,CUST01006,USB Hub,Peripherals,14.0,3,UK,Unknown,0
ORD002600,2024-01-23,CUST01005,Desk Lamp,Accessories,109.74,2,UK,Bank Transfer,0
ORD004617,2024-05-01,CUST01023,HDMI Cable,Cables,-28.36,3,UK,Unknown,5
ORD002574,2024-06-13,CUST01001,USB Hub,Peripherals,-16.87,1,UK,Bank Transfer,0
ORD003281,2024-01-25,CUST01006,Desk Lamp,Accessories,51.27,4,France,PayPal,0
ORD003187,2024-12-09,CUST01001,Mouse,Peripherals,92.96,1,USA,Unknown,0
ORD003954,2024-07-31,CUST01004,HDMI Cable,Cables,-23.07,4,Netherlands,Debit Card,0
ORD002769,2024-06-11,CUST01008,Laptop,Computers,1064.86,2,France,Credit Card,0
ORD004832,2024-12-14,CUST01001,Monitor,Displays,453.43,1,USA,Debit Card,5
ORD004224,2024-11-28,CUST01003,Webcam,Video,73.89,1,USA,Credit Card,5
ORD002107,2024-06-09,CUST01002,Phone Stand,Accessories,46.55,3,Canada,Credit Card,10
ORD002680,2024-05-27,CUST01002,Headphones,Audio,148.59,1,UK,PayPal,5
ORD004689,2024-02-20,CUST01001,Phone Stand,Accessories,-9.16,4,Canada,Unknown,10
ORD005400,2024-07-11,CUST01002,HDMI Cable,Cables,-7.44,2,USA,Credit Card,15
ORD001388,2024-03-31,CUST01003,HDMI Cable,Cables,8.7,2,France,Debit Card,0
ORD007776,2024-06-27,CUST01002,Phone Stand,Accessories,57.15,4,UK,Bank Transfer,0
ORD007261,2024-04-27,CUST01003,Desk Lamp,Accessories,75.71,3,Netherlands,Bank Transfer,0
ORD006453,2024-12-12,CUST01001,Desk Lamp,Accessories,117.57,3,Poland,Bank Transfer,5
ORD007372,2024-03-04,CUST01002,USB Hub,Peripherals,34.49,2,Netherlands,Unknown,0
ORD007731,2024-08-08,CUST01039,Desk Lamp,Accessories,129.01,2,Poland,Debit Card,0
ORD005001,2024-03-01,CUST01001,Mouse,Peripherals,93.35,2,Poland,Unknown,0
ORD005854,2024-06-03,CUST01001,Monitor,Displays,508.48,4,Germany,Unknown,5
ORD001280,2024-01-29,CUST01001,Desk Lamp,Accessories,85.53,4,Germany,Bank Transfer,5
ORD007868,2024-05-21,CUST01004,USB Hub,Peripherals,49.66,1,Germany,Unknown,0
ORD007854,2024-08-16,CUST01001,Monitor,Displays,435.98,1,Poland,Debit Card,0
ORD006405,2024-03-13,CUST01002,Desk Lamp,Accessories,109.51,4,UK,PayPal,0
ORD001556,2024-06-03,CUST01002,HDMI Cable,Cables,-6.22,2,UK,PayPal,10
ORD007256,2024-01-29,CUST01020,HDMI Cable,Cables,63.0,3,Poland,PayPal,0
ORD003191,2024-07-20,CUST01004,HDMI Cable,Cables,31.03,2,Germany,Bank Transfer,0
ORD004567,2024-05-29,CUST01007,HDMI Cable,Cables,4.62,1,Netherlands,Bank Transfer,0
ORD004803,2024-01-05,CUST01012,Headphones,Audio,148.13,1,Poland,Unknown,0
ORD007522,2024-02-13,CUST01001,Laptop,Computers,1089.53,2,USA,Unknown,0
ORD004842,2024-05-19,CUST01001,Webcam,Video,76.45,2,USA,PayPal,15
ORD003595,2024-03-20,CUST01002,Monitor,Displays,452.71,4,Canada,Debit Card,0
ORD006036,2024-10-03,CUST01002,Laptop,Computers,1069.78,2,Poland,Credit Card,10
ORD001921,2024-07-30,CUST01018,HDMI Cable,Cables,-21.11,4,Poland,Credit Card,10
ORD000514,2024-11-03,CUST01007,Keyboard,Peripherals,94.08,3,Canada,Debit Card,15
ORD004178,2024-07-30,CUST01001,Laptop,Computers,1086.96,3,UK,Debit Card,15
ORD001309,2024-01-30,CUST01001,Webcam,Video,29.5,3,Poland,PayPal,0
ORD005668,2024-03-01,CUST01795,Keyboard,Peripherals,77.71,2,France,Bank Transfer,0
ORD000915,2024-06-04,CUST01001,Phone Stand,Accessories,34.33,1,Poland,Bank Transfer,0
ORD003453,2024-08-20,CUST01002,Desk Lamp,Accessories,117.79,1,USA,PayPal,0
ORD003696,2024-11-18,CUST01003,Desk Lamp,Accessories,115.33,2,Netherlands,Debit Card,0
ORD004243,2024-05-03,CUST01001,Phone Stand,Accessories,52.05,4,Poland,Bank Transfer,0
ORD003157,2024-12-04,CUST01001,Laptop,Computers,1109.39,1,France,PayPal,0
ORD002199,2024-04-16,CUST01006,Mouse,Peripherals,80.68,4,Germany,Unknown,0
ORD000775,2024-03-07,CUST01001,Monitor,Displays,453.93,4,UK,PayPal,5
ORD004426,2024-04-12,CUST01002,Mouse,Peripherals,38.89,3,UK,Unknown,0
ORD006151,2024-02-26,CUST01001,USB Hub,Peripherals,-2.0,1,Canada,Credit Card,0
ORD006098,2024-01-30,CUST01001,Desk Lamp,Accessories,54.76,4,France,Unknown,5
ORD000944,2024-11-29,CUST01001,USB Hub,Peripherals,28.84,4,UK,Credit Card,0
ORD000823,2024-02-21,CUST01001,Webcam,Video,92.55,1,USA,PayPal,0
ORD005006,2024-03-18,CUST01008,Monitor,Displays,516.5,1,USA,PayPal,0
ORD004278,2024-07-29,CUST01075,Laptop,Computers,1099.62,4,Canada,Unknown,10
ORD000165,2024-08-23,CUST01001,Webcam,Video,122.32,3,Poland,Debit Card,0
ORD005620,2024-02-03,CUST01001,Phone Stand,Accessories,36.17,3,UK,Debit Card,5
ORD004548,2024-09-04,CUST01091,Webcam,Video,38.02,3,France,Debit Card,0
ORD003984,2024-01-19,CUST01059,HDMI Cable,Cables,-26.76,4,Germany,Credit Card,0
ORD002539,2024-05-28,CUST01001,HDMI Cable,Cables,35.54,4,UK,Unknown,0
ORD007643,2024-01-27,CUST01006,Laptop,Computers,1042.97,3,France,Debit Card,0
ORD001312,2024-02-28,CUST01007,HDMI Cable,Cables,61.38,3,UK,Bank Transfer,0
ORD005208,2024-09-27,CUST01001,Mouse,Peripherals,41.62,1,Canada,Unknown,0
ORD007295,2024-01-15,CUST01014,Keyboard,Peripherals,151.45,1,Canada,Debit Card,0
ORD005384,2024-07-31,CUST01003,Headphones,Audio,85.95,1,Germany,Unknown,0
ORD006691,2024-07-27,CUST01009,Keyboard,Peripherals,85.59,4,USA,Unknown,5
ORD007440,2024-02-12,CUST01001,Headphones,Audio,134.77,3,Netherlands,Debit Card,0
ORD003301,2024-09-20,CUST01028,Monitor,Displays,447.35,4,France,Debit Card,0
ORD003311,2024-07-19,CUST01004,Keyboard,Peripherals,106.25,2,Poland,Bank Transfer,0
ORD000328,2024-09-13,CUST01003,Headphones,Audio,161.47,3,France,Debit Card,0
ORD005887,2024-11-29,CUST01002,Laptop,Computers,1067.01,3,USA,Unknown,0
ORD002491,2024-10-29,CUST01001,Mouse,Peripherals,20.16,3,UK,Bank Transfer,15
ORD007544,2024-06-18,CUST01001,Desk Lamp,Accessories,114.84,3,USA,Debit Card,5
ORD006104,2024-07-17,CUST01615,USB Hub,Peripherals,69.13,4,France,Bank Transfer,0
ORD005955,2024-06-25,CUST01001,Laptop,Computers,1034.57,4,UK,Bank Transfer,0
ORD007513,2024-07-23,CUST01003,Webcam,Video,106.87,4,Netherlands,Bank Transfer,15
ORD004409,2024-05-02,CUST01012,Headphones,Audio,100.18,1,France,Debit Card,10
ORD000833,2024-03-05,CUST01002,Desk Lamp,Accessories,87.46,1,UK,Bank Transfer,0
ORD003080,2024-04-02,CUST01001,Phone Stand,Accessories,-4.76,1,USA,Debit Card,0
ORD003463,2024-08-10,CUST01002,Laptop,Computers,1031.15,3,Canada,Bank Transfer,0
ORD005298,2024-05-22,CUST01001,HDMI Cable,Cables,41.61,2,Poland,Bank Transfer,0
ORD007032,2024-05-24,CUST01002,Monitor,Displays,459.31,3,France,Bank Transfer,10
ORD000055,2024-04-12,CUST01001,Phone Stand,Accessories,36.8,1,Netherlands,Credit Card,0
ORD006231,2024-12-01,CUST01290,Phone Stand,Accessories,-5.95,1,Netherlands,PayPal,5
ORD004065,2024-09-06,CUST01002,Keyboard,Peripherals,80.96,4,Poland,PayPal,10
ORD003452,2024-02-27,CUST01005,Laptop,Computers,1048.34,4,USA,Credit Card,0
ORD006306,2024-12-06,CUST01003,Headphones,Audio,153.49,3,Canada,Credit Card,10
ORD001902,2024-11-15,CUST01008,Headphones,Audio,99.91,2,France,Unknown,0
ORD001482,2024-05-16,CUST01002,Desk Lamp,Accessories,137.92,2,Germany,Credit Card,15
ORD004874,2024-03-06,CUST01004,HDMI Cable,Cables,-28.59,4,UK,Credit Card,0
ORD004896,2024-02-29,CUST01002,Headphones,Audio,110.42,3,Poland,Bank Transfer,0
ORD004151,2024-07-06,CUST01001,HDMI Cable,Cables,13.33,2,Germany,Bank Transfer,15
ORD003336,2024-09-18,CUST01008,Headphones,Audio,82.89,1,Poland,Debit Card,0
ORD004927,2024-11-27,CUST01002,Mouse,Peripherals,86.15,1,France,Debit Card,0
ORD000947,2024-07-08,CUST01003,Phone Stand,Accessories,73.97,3,UK,Credit Card,0
ORD005798,2024-12-24,CUST01014,Monitor,Displays,530.08,3,Netherlands,Credit Card,0
ORD003294,2024-04-27,CUST01001,Headphones,Audio,107.2,4,Poland,Debit Card,0
ORD002162,2024-01-26,CUST01037,HDMI Cable,Cables,-33.36,4,Netherlands,Bank Transfer,0
ORD007758,2024-05-17,CUST01001,Desk Lamp,Accessories,113.77,3,Poland,Debit Card,0
ORD005084,2024-02-13,CUST01014,Webcam,Video,81.23,3,Poland,Credit Card,10
ORD006795,2024-06-07,CUST01001,Headphones,Audio,140.43,1,France,Bank Transfer,15
ORD003058,2024-12-18,CUST01001,Phone Stand,Accessories,25.29,4,Netherlands,Bank Transfer,5
ORD005491,2024-07-08,CUST01002,Phone Stand,Accessories,-13.98,4,USA,Debit Card,10
ORD000769,2024-09-19,CUST01003,Headphones,Audio,133.6,1,UK,Credit Card,15
ORD007539,2024-10-29,CUST01003,HDMI Cable,Cables,39.18,4,Canada,Debit Card,0
ORD003496,2024-08-15,CUST01009,Webcam,Video,-100.0,2,UK,Debit Card,15
ORD000286,2024-07-09,CUST01001,Laptop,Computers,1080.19,1,France,Credit Card,0
ORD007922,2024-10-07,CUST01059,Webcam,Video,114.07,4,UK,Debit Card,0
ORD004525,2024-07-21,CUST01002,HDMI Cable,Cables,23.95,4,Germany,Debit Card,0
ORD007138,2024-03-20,CUST01004,Mouse,Peripherals,42.58,2,France,Credit Card,10
ORD002333,2024-01-30,CUST01384,Laptop,Computers,1015.52,4,Germany,Debit Card,10
ORD002718,2024-03-24,CUST01001,Headphones,Audio,165.19,3,France,PayPal,10
ORD002080,2024-05-18,CUST01001,Mouse,Peripherals,84.89,4,Netherlands,Bank Transfer,0
ORD003390,2024-07-29,CUST01004,Desk Lamp,Accessories,123.49,1,Germany,Unknown,10
ORD000723,2024-08-30,CUST01001,USB Hub,Peripherals,-18.68,1,Poland,Credit Card,0
ORD000952,2024-08-08,CUST01002,Phone Stand,Accessories,13.8,4,Netherlands,Unknown,0
ORD006993,2024-10-30,CUST01003,HDMI Cable,Cables,-4.44,4,Netherlands,Unknown,5
ORD002263,2024-06-26,CUST01001,Phone Stand,Accessories,35.98,1,Poland,PayPal,0
ORD000990,2024-06-11,CUST01001,USB Hub,Peripherals,18.18,4,UK,Debit Card,0
ORD003213,2024-01-31,CUST01001,USB Hub,Peripherals,38.38,1,USA,Credit Card,0
ORD001760,2024-05-23,CUST01010,USB Hub,Peripherals,34.15,4,Germany,Debit Card,0
ORD006590,2024-07-31,CUST01009,Desk Lamp,Accessories,-100.0,1,Netherlands,Unknown,0
ORD004423,2024-06-22,CUST01004,Desk Lamp,Accessories,123.77,3,Poland,Credit Card,0
ORD005480,2024-11-30,CUST01018,Headphones,Audio,167.79,1,Canada,Unknown,5
ORD001725,2024-02-17,CUST01045,Desk Lamp,Accessories,133.63,4,Canada,Bank Transfer,0
ORD005183,2024-10-06,CUST01001,USB Hub,Peripherals,-6.03,3,France,Debit Card,0
ORD000342,2024-11-08,CUST01067,Monitor,Displays,454.52,3,Germany,Bank Transfer,15
ORD003702,2024-09-18,CUST01001,Monitor,Displays,488.18,1,Germany,Unknown,0
ORD004244,2024-07-03,CUST01001,Keyboard,Peripherals,144.06,3,USA,PayPal,0
ORD000689,2024-02-26,CUST01091,Mouse,Peripherals,32.57,1,Germany,Unknown,0
ORD003433,2024-03-18,CUST01001,Webcam,Video,123.08,4,Germany,PayPal,5
ORD005204,2024-10-03,CUST01006,USB Hub,Peripherals,6.32,2,USA,Credit Card,0
ORD004945,2024-06-13,CUST01001,USB Hub,Peripherals,20.72,4,Poland,PayPal,0
ORD000967,2024-08-05,CUST01001,USB Hub,Peripherals,44.07,1,Poland,PayPal,0
ORD007570,2024-09-14,CUST01001,Headphones,Audio,177.94,3,UK,Bank Transfer,0
ORD007252,2024-03-10,CUST01001,Keyboard,Peripherals,155.45,2,Poland,Credit Card,0
ORD002204,2024-12-17,CUST01007,Keyboard,Peripherals,134.77,1,Germany,Credit Card,15
ORD002714,2024-06-16,CUST01004,Desk Lamp,Accessories,134.87,4,USA,PayPal,0
ORD004758,2024-02-05,CUST01002,Mouse,Peripherals,75.23,4,UK,Bank Transfer,0
ORD005099,2024-10-06,CUST01004,Desk Lamp,Accessories,126.24,1,Netherlands,Credit Card,0
ORD007069,2024-07-22,CUST01001,Phone Stand,Accessories,-2.67,3,Poland,PayPal,5
ORD007338,2024-06-20,CUST01002,HDMI Cable,Cables,3.11,2,USA,Debit Card,0
ORD007072,2024-10-06,CUST01001,HDMI Cable,Cables,64.83,4,USA,PayPal,0
ORD005281,2024-04-12,CUST01020,Phone Stand,Accessories,-0.46,1,Canada,Debit Card,5
ORD005976,2024-01-06,CUST01004,USB Hub,Peripherals,51.34,3,Germany,Unknown,0
ORD003573,2024-05-11,CUST01002,Keyboard,Peripherals,129.52,3,Netherlands,Unknown,0
ORD004806,2024-12-07,CUST01006,Desk Lamp,Accessories,45.35,1,Canada,Unknown,0
ORD005300,2024-11-22,CUST01011,Laptop,Computers,1036.19,2,USA,Credit Card,5
ORD001991,2024-04-05,CUST01139,Keyboard,Peripherals,120.65,4,France,Debit Card,0
ORD004121,2024-04-09,CUST01002,Keyboard,Peripherals,163.21,3,USA,Unknown,0
ORD004760,2024-05-06,CUST01005,Desk Lamp,Accessories,82.41,3,Poland,Credit Card,10
ORD006583,2024-05-20,CUST01001,Webcam,Video,67.43,2,UK,PayPal,5
ORD005299,2024-11-19,CUST01002,Mouse,Peripherals,47.68,4,France,Credit Card,0
ORD007014,2024-10-16,CUST01007,Desk Lamp,Accessories,111.74,1,Poland,Credit Card,0
ORD004972,2024-03-29,CUST01001,Webcam,Video,79.83,1,France,Credit Card,0
ORD007597,2024-03-09,CUST01006,Webcam,Video,107.75,3,France,Unknown,0
ORD005035,2024-08-15,CUST01002,Webcam,Video,98.4,4,Germany,Debit Card,5
ORD003601,2024-07-27,CUST01002,Monitor,Displays,450.27,2,France,PayPal,0
ORD006491,2024-03-14,CUST01001,USB Hub,Peripherals,-7.07,1,Netherlands,Debit Card,5
ORD007321,2024-03-19,CUST01890,Headphones,Audio,113.02,1,USA,Unknown,0
ORD007981,2024-08-26,CUST01002,Desk Lamp,Accessories,126.38,2,Poland,Credit Card,0
ORD006614,2024-07-16,CUST01022,Desk Lamp,Accessories,102.93,3,Netherlands,Bank Transfer,0
ORD000386,2024-12-05,CUST01001,USB Hub,Peripherals,64.73,4,France,PayPal,0
ORD007003,2024-04-12,CUST01001,Headphones,Audio,86.4,3,Canada,Bank Transfer,5
ORD007323,2024-12-09,CUST01025,Phone Stand,Accessories,-10.75,2,France,Credit Card,5
ORD000537,2024-02-11,CUST01001,HDMI Cable,Cables,-1.54,2,USA,Debit Card,0
ORD006388,2024-04-30,CUST01001,Phone Stand,Accessories,28.47,3,Germany,Debit Card,0
ORD007482,2024-05-25,CUST01001,Monitor,Displays,445.34,1,Germany,Credit Card,15
ORD005033,2024-03-11,CUST01114,Headphones,Audio,82.01,4,Germany,Unknown,10
ORD004213,2024-11-23,CUST01010,Webcam,Video,47.37,4,Poland,Credit Card,15
ORD006457,2024-07-15,CUST01074,Laptop,Computers,1015.05,4,France,PayPal,5
ORD003508,2024-05-20,CUST01001,Monitor,Displays,528.51,3,Canada,PayPal,10
ORD000202,2024-09-09,CUST01001,Phone Stand,Accessories,56.83,2,France,PayPal,5
ORD001333,2024-11-12,CUST01005,Desk Lamp,Accessories,72.19,1,USA,PayPal,0
ORD003503,2024-12-22,CUST01002,Webcam,Video,121.03,3,France,PayPal,0
ORD002709,2024-11-05,CUST01001,Mouse,Peripherals,50.19,3,Germany,Bank Transfer,10
ORD006031,2024-08-04,CUST01282,Headphones,Audio,140.18,4,UK,Unknown,0
ORD005032,2024-08-03,CUST01028,Monitor,Displays,469.65,2,UK,Credit Card,5
ORD006515,2024-01-25,CUST01001,Mouse,Peripherals,29.93,2,Germany,Credit Card,10
ORD004663,2024-09-21,CUST01001,Monitor,Displays,534.45,2,Poland,Credit Card,0
ORD004022,2024-04-08,CUST01001,Desk Lamp,Accessories,46.45,4,France,Credit Card,0
ORD001855,2024-12-25,CUST01008,Desk Lamp,Accessories,110.11,3,France,Debit Card,0
ORD007173,2024-10-11,CUST01005,Mouse,Peripherals,61.38,2,UK,Unknown,0
ORD002873,2024-03-16,CUST01002,Phone Stand,Accessories,34.44,3,UK,Bank Transfer,10
ORD003031,2024-03-06,CUST01001,Mouse,Peripherals,38.4,4,Netherlands,Debit Card,5
ORD001206,2024-03-21,CUST01002,Headphones,Audio,180.22,2,USA,Unknown,0
ORD006564,2024-11-17,CUST01016,HDMI Cable,Cables,63.4,4,Poland,Credit Card,0
ORD001646,2024-12-07,CUST01002,Mouse,Peripherals,73.13,2,Canada,Unknown,0
ORD003418,2024-08-15,CUST01300,Laptop,Computers,1024.7,2,Netherlands,Debit Card,0
ORD003477,2024-05-09,CUST01007,Webcam,Video,67.4,4,Netherlands,Bank Transfer,15
ORD006753,2024-02-29,CUST01001,Headphones,Audio,138.22,1,Germany,Debit Card,0
ORD002862,2024-12-11,CUST01004,Headphones,Audio,111.22,2,Canada,Bank Transfer,0
ORD001793,2024-05-08,CUST01006,Monitor,Displays,473.09,1,Poland,Bank Transfer,0
ORD005527,2024-02-23,CUST01001,Phone Stand,Accessories,17.99,2,Poland,Unknown,0
ORD003798,2024-05-06,CUST01001,Webcam,Video,67.43,4,Canada,PayPal,0
ORD003369,2024-02-02,CUST01005,HDMI Cable,Cables,44.39,2,USA,Credit Card,0
ORD003368,2024-03-09,CUST01001,Keyboard,Peripherals,90.56,4,Germany,Credit Card,10
ORD003534,2024-05-05,CUST01548,Desk Lamp,Accessories,54.77,3,Netherlands,Unknown,0
ORD007039,2024-03-15,CUST01006,Monitor,Displays,516.76,1,Germany,Unknown,0
ORD005110,2024-04-12,CUST01002,Keyboard,Peripherals,129.92,3,France,Bank Transfer,0
ORD006025,2024-08-21,CUST01004,Desk Lamp,Accessories,111.33,3,Netherlands,Unknown,5
ORD003450,2024-08-24,CUST01001,USB Hub,Peripherals,-15.13,1,Netherlands,Credit Card,0
ORD000604,2024-01-30,CUST01009,Phone Stand,Accessories,-4.65,3,USA,Unknown,5
ORD003057,2024-01-06,CUST01002,Webcam,Video,71.97,3,UK,Bank Transfer,10
ORD006983,2024-03-28,CUST01003,Keyboard,Peripherals,152.85,4,Netherlands,Bank Transfer,15
ORD000127,2024-07-08,CUST01004,Laptop,Computers,1075.18,1,USA,Debit Card,10
ORD007863,2024-12-09,CUST01001,Keyboard,Peripherals,89.66,1,USA,Unknown,0
ORD003877,2024-11-30,CUST01005,HDMI Cable,Cables,34.21,3,Germany,Debit Card,0
ORD002936,2024-02-07,CUST01001,Monitor,Displays,505.7,4,Netherlands,PayPal,0
ORD005444,2024-05-30,CUST01002,Laptop,Computers,1111.38,1,Canada,Unknown,10
ORD004452,2024-07-08,CUST01018,Webcam,Video,115.35,2,UK,PayPal,0
ORD003532,2024-10-22,CUST01001,Desk Lamp,Accessories,47.58,1,Poland,Unknown,15
ORD002731,2024-05-13,CUST01002,Webcam,Video,109.0,3,France,Debit Card,0
ORD000828,2024-05-12,CUST01066,Keyboard,Peripherals,167.03,1,France,Unknown,15
ORD001640,2024-09-15,CUST01012,USB Hub,Peripherals,25.79,1,UK,Unknown,15
ORD000985,2024-05-11,CUST01008,Mouse,Peripherals,72.46,3,Canada,Credit Card,15
ORD003282,2024-11-16,CUST01011,Webcam,Video,91.73,3,Canada,PayPal,0
ORD007969,2024-09-24,CUST01001,Headphones,Audio,159.6,2,UK,Bank Transfer,0
ORD002189,2024-07-18,CUST01004,Desk Lamp,Accessories,113.32,4,Netherlands,Credit Card,0
ORD007388,2024-11-22,CUST01001,Laptop,Computers,1081.9,3,Netherlands,Bank Transfer,0
ORD002444,2024-05-06,CUST01054,HDMI Cable,Cables,-33.03,3,France,Bank Transfer,5
ORD000363,2024-02-04,CUST01012,USB Hub,Peripherals,66.11,2,Poland,Unknown,0
ORD002350,2024-02-21,CUST01003,Keyboard,Peripherals,89.46,4,Poland,Bank Transfer,15
ORD000346,2024-08-22,CUST01045,HDMI Cable,Cables,54.4,3,Canada,Credit Card,0
ORD000815,2024-07-15,CUST01013,USB Hub,Peripherals,16.1,4,France,Unknown,10
ORD006167,2024-07-23,CUST01002,USB Hub,Peripherals,15.08,4,Germany,PayPal,5
ORD004808,2024-10-26,CUST01009,Phone Stand,Accessories,-21.03,4,Canada,Bank Transfer,0
ORD003206,2024-02-12,CUST01002,Webcam,Video,75.95,1,Germany,Unknown,5
ORD007377,2024-02-04,CUST01001,Laptop,Computers,1071.47,3,Poland,Unknown,0
ORD007681,2024-01-27,CUST01002,Headphones,Audio,170.63,2,Germany,PayPal,5
ORD005962,2024-03-14,CUST01001,HDMI Cable,Cables,2.7,4,Canada,Bank Transfer,15
ORD003326,2024-09-30,CUST01001,HDMI Cable,Cables,-21.74,3,Germany,Unknown,0
ORD004107,2024-11-30,CUST01001,USB Hub,Peripherals,17.5,3,France,Unknown,10
ORD007180,2024-08-08,CUST01001,USB Hub,Peripherals,48.57,3,Canada,Credit Card,0
ORD002117,2024-08-19,CUST01001,Keyboard,Peripherals,78.56,1,UK,Credit Card,0
ORD001835,2024-12-10,CUST01005,Headphones,Audio,103.58,1,USA,Credit Card,10
ORD000794,2024-08-09,CUST01004,Keyboard,Peripherals,160.64,3,USA,Debit Card,10
ORD007932,2024-08-21,CUST01013,Headphones,Audio,150.89,3,France,Unknown,0
ORD002675,2024-05-03,CUST01001,Mouse,Peripherals,91.93,2,Netherlands,Debit Card,0
ORD000095,2024-11-27,CUST01014,Webcam,Video,46.45,4,Netherlands,Unknown,15
ORD004226,2024-04-25,CUST01019,HDMI Cable,Cables,32.49,1,Poland,Credit Card,10
ORD003757,2024-08-05,CUST01038,Headphones,Audio,165.21,4,Poland,PayPal,0
ORD002892,2024-10-06,CUST01001,Headphones,Audio,90.33,1,Netherlands,Credit Card,0
ORD002372,2024-11-09,CUST01001,Webcam,Video,70.9,4,UK,Credit Card,15
ORD006921,2024-04-27,CUST01001,USB Hub,Peripherals,-9.13,4,USA,Credit Card,15
ORD006645,2024-03-28,CUST01050,USB Hub,Peripherals,-11.58,2,Germany,Bank Transfer,0
ORD007113,2024-07-13,CUST01001,Headphones,Audio,128.76,4,Canada,PayPal,10
ORD003229,2024-08-12,CUST01003,HDMI Cable,Cables,-18.89,2,UK,Debit Card,0
ORD006159,2024-01-21,CUST01001,Phone Stand,Accessories,41.02,4,Poland,Credit Card,0
ORD006360,2024-10-30,CUST01001,Phone Stand,Accessories,49.68,3,France,PayPal,5
ORD005997,2024-07-08,CUST01022,Monitor,Displays,450.45,3,Poland,PayPal,5
ORD006854,2024-01-29,CUST01001,Webcam,Video,104.82,4,USA,Debit Card,5
ORD007153,2024-08-17,CUST01001,Monitor,Displays,533.57,1,Germany,Bank Transfer,0
ORD006029,2024-02-16,CUST01022,USB Hub,Peripherals,59.1,1,USA,Bank Transfer,0
ORD002854,2024-07-31,CUST01002,Mouse,Peripherals,101.66,2,Germany,Unknown,0
ORD007423,2024-03-11,CUST01077,Monitor,Displays,450.7,2,USA,Unknown,5
ORD002913,2024-10-25,CUST01037,HDMI Cable,Cables,-19.85,4,Poland,Bank Transfer,0
ORD001866,2024-07-16,CUST01001,Keyboard,Peripherals,104.39,1,Germany,Debit Card,5
ORD005755,2024-11-15,CUST01001,USB Hub,Peripherals,-14.86,1,UK,PayPal,0
ORD004613,2024-02-23,CUST01007,Webcam,Video,94.59,2,Poland,Unknown,5
ORD001858,2024-03-01,CUST01001,Keyboard,Peripherals,77.16,2,UK,Unknown,5
ORD002646,2024-06-01,CUST01002,Headphones,Audio,176.14,3,France,PayPal,0
ORD002244,2024-10-29,CUST01107,Desk Lamp,Accessories,87.86,3,France,Unknown,5
ORD005374,2024-01-04,CUST01039,Phone Stand,Accessories,7.82,4,Canada,Unknown,0
ORD002337,2024-09-04,CUST01001,Keyboard,Peripherals,90.91,4,Poland,Debit Card,0
ORD000951,2024-01-31,CUST01046,Phone Stand,Accessories,-13.04,2,Netherlands,Debit Card,0
ORD003069,2024-02-26,CUST01002,HDMI Cable,Cables,-17.68,2,UK,Unknown,10
ORD001121,2024-09-21,CUST01004,Desk Lamp,Accessories,108.81,1,Canada,Credit Card,15
ORD002598,2024-04-10,CUST01002,HDMI Cable,Cables,-31.19,4,Germany,Debit Card,5
ORD002205,2024-09-22,CUST01001,HDMI Cable,Cables,57.61,3,Poland,PayPal,0
ORD000420,2024-02-12,CUST01001,Monitor,Displays,459.75,4,Germany,PayPal,0
ORD000923,2024-12-25,CUST01247,Headphones,Audio,138.59,2,USA,Unknown,5
ORD001255,2024-01-05,CUST01001,Monitor,Displays,492.51,2,Germany,Credit Card,0
ORD000478,2024-04-12,CUST01001,HDMI Cable,Cables,-21.38,3,France,PayPal,10
ORD002036,2024-09-20,CUST01002,Phone Stand,Accessories,8.86,2,France,Unknown,5
ORD007382,2024-01-10,CUST01128,Headphones,Audio,158.06,2,UK,Unknown,5
ORD005789,2024-12-17,CUST01054,USB Hub,Peripherals,4.11,2,Canada,Credit Card,5
ORD005743,2024-02-09,CUST01078,Monitor,Displays,521.13,3,France,Debit Card,0
ORD005568,2024-12-24,CUST01003,Laptop,Computers,1107.95,4,Germany,Bank Transfer,0
ORD001203,2024-02-29,CUST01001,Headphones,Audio,173.56,2,Canada,Debit Card,5
ORD006535,2024-06-29,CUST01001,USB Hub,Peripherals,57.97,4,USA,Bank Transfer,0
ORD002627,2024-12-18,CUST01003,Mouse,Peripherals,23.76,1,Germany,Bank Transfer,0
ORD005766,2024-05-16,CUST01001,Mouse,Peripherals,99999.0,3,France,Debit Card,0
ORD007714,2024-09-30,CUST01001,Phone Stand,Accessories,66.94,3,Germany,Unknown,5
ORD001971,2024-03-08,CUST01001,Mouse,Peripherals,26.33,4,USA,Credit Card,10
ORD003111,2024-04-08,CUST01001,Monitor,Displays,481.19,1,Germany,Debit Card,0
ORD004019,2024-09-26,CUST01002,Phone Stand,Accessories,73.88,3,Poland,PayPal,0
ORD002152,2024-08-14,CUST01006,Webcam,Video,35.31,2,UK,PayPal,0
ORD003688,2024-08-31,CUST01001,HDMI Cable,Cables,9.59,4,UK,Bank Transfer,0
ORD004917,2024-06-18,CUST01034,Desk Lamp,Accessories,87.58,1,USA,Bank Transfer,5
ORD001998,2024-10-10,CUST01889,Headphones,Audio,118.71,3,Poland,Bank Transfer,10
ORD004034,2024-08-14,CUST01003,Keyboard,Peripherals,162.39,3,Canada,Unknown,10
ORD007858,2024-05-06,CUST01001,Mouse,Peripherals,46.93,2,Netherlands,PayPal,0
ORD003055,2024-08-24,CUST01002,Phone Stand,Accessories,55.34,1,USA,PayPal,0
ORD001249,2024-01-24,CUST01312,Monitor,Displays,490.52,3,Poland,PayPal,0
ORD002193,2024-06-03,CUST01001,Monitor,Displays,510.79,3,Poland,Debit Card,0
ORD002713,2024-10-11,CUST01007,Monitor,Displays,525.19,2,Poland,Debit Card,10
ORD000993,2024-11-14,CUST01127,Laptop,Computers,1083.47,4,Poland,Credit Card,0
ORD002191,2024-12-22,CUST01001,Phone Stand,Accessories,50.39,3,Canada,Credit Card,0
ORD004671,2024-04-08,CUST01001,HDMI Cable,Cables,33.34,4,France,Unknown,0
ORD005143,2024-11-27,CUST01018,Desk Lamp,Accessories,55.9,4,Canada,Credit Card,5
ORD006566,2024-09-14,CUST01029,Keyboard,Peripherals,122.21,1,Germany,Unknown,10
ORD003763,2024-05-05,CUST01010,USB Hub,Peripherals,-12.66,4,Netherlands,Debit Card,0
ORD003598,2024-04-14,CUST01002,HDMI Cable,Cables,57.84,1,UK,Credit Card,10
ORD004712,2024-01-20,CUST01002,Monitor,Displays,456.33,1,Canada,Unknown,0
ORD001319,2024-08-28,CUST01004,Webcam,Video,88.0,1,France,Credit Card,10
ORD001864,2024-11-02,CUST01001,Laptop,Computers,1041.43,1,USA,Unknown,15
ORD002344,2024-11-14,CUST01007,Phone Stand,Accessories,40.7,1,Poland,Unknown,10
ORD002450,2024-05-26,CUST01001,HDMI Cable,Cables,-100.0,2,Poland,Debit Card,0
ORD002137,2024-06-16,CUST01001,Keyboard,Peripherals,156.65,3,Poland,Unknown,0
ORD001066,2024-06-05,CUST01002,Mouse,Peripherals,10.0,4,Poland,PayPal,0
ORD005869,2024-06-12,CUST01001,Desk Lamp,Accessories,96.21,1,UK,Unknown,15
ORD007953,2024-02-17,CUST01001,Webcam,Video,107.88,4,UK,Unknown,0
ORD004228,2024-10-06,CUST01004,Headphones,Audio,115.57,3,Canada,Unknown,15
ORD002622,2024-09-13,CUST01001,Monitor,Displays,508.2,2,Germany,Bank Transfer,0
ORD000078,2024-08-20,CUST01001,HDMI Cable,Cables,34.3,3,Poland,Unknown,15
ORD002899,2024-04-21,CUST01001,Keyboard,Peripherals,81.3,4,Canada,Debit Card,0
ORD006149,2024-02-19,CUST01063,Phone Stand,Accessories,20.29,2,Canada,PayPal,10
ORD004821,2024-10-17,CUST01019,Headphones,Audio,115.16,2,Germany,Credit Card,0
ORD001315,2024-12-22,CUST01020,HDMI Cable,Cables,-0.49,2,USA,Debit Card,0
ORD005948,2024-05-14,CUST01001,Keyboard,Peripherals,155.28,3,USA,Debit Card,5
ORD007913,2024-03-06,CUST01001,Phone Stand,Accessories,99999.0,4,France,PayPal,0
ORD007007,2024-03-29,CUST01001,HDMI Cable,Cables,24.63,1,Germany,Bank Transfer,10
ORD000873,2024-01-08,CUST01001,Laptop,Computers,1024.59,4,UK,Credit Card,5
ORD003851,2024-10-24,CUST01004,Monitor,Displays,492.44,2,Netherlands,Credit Card,0
ORD005469,2024-10-06,CUST01005,Webcam,Video,82.2,3,Germany,Unknown,15
ORD005952,2024-12-11,CUST01001,Webcam,Video,96.5,2,Poland,Debit Card,0
ORD007665,2024-07-07,CUST01001,Laptop,Computers,1100.57,3,UK,Bank Transfer,5
ORD002966,2024-01-10,CUST01002,Desk Lamp,Accessories,135.76,2,Poland,Credit Card,5
ORD003392,2024-02-04,CUST01005,Mouse,Peripherals,59.52,1,USA,Credit Card,0
ORD005416,2024-07-29,CUST01001,Desk Lamp,Accessories,56.14,2,Netherlands,Credit Card,15
ORD002561,2024-05-27,CUST01001,Headphones,Audio,177.11,3,Netherlands,PayPal,10
ORD007849,2024-02-19,CUST01034,Keyboard,Peripherals,116.64,4,Poland,Unknown,5
ORD002636,2024-05-11,CUST01001,Laptop,Computers,1110.66,4,USA,Credit Card,0
ORD005257,2024-04-16,CUST01187,Desk Lamp,Accessories,112.36,2,Canada,Bank Transfer,0
ORD003531,2024-03-17,CUST01002,Keyboard,Peripherals,149.26,2,France,PayPal,0
ORD000376,2024-10-20,CUST01001,Webcam,Video,25.98,4,USA,Debit Card,0
ORD001909,2024-05-22,CUST01001,Headphones,Audio,94.49,2,Poland,Debit Card,0
ORD004430,2024-03-28,CUST01004,Webcam,Video,57.04,2,Poland,Debit Card,0
ORD006943,2024-06-12,CUST01004,Laptop,Computers,1060.52,1,UK,Unknown,0
ORD007017,2024-01-15,CUST01026,USB Hub,Peripherals,56.05,4,Germany,PayPal,5
ORD004028,2024-10-16,CUST01001,Monitor,Displays,465.92,1,France,Credit Card,10
ORD006462,2024-10-27,CUST01001,Laptop,Computers,1044.24,4,Poland,Credit Card,0
ORD001605,2024-05-01,CUST01001,Phone Stand,Accessories,-11.9,3,Germany,Credit Card,0
ORD001119,2024-05-16,CUST01002,USB Hub,Peripherals,-10.9,4,USA,Debit Card,0
ORD003678,2024-05-21,CUST01003,Headphones,Audio,104.24,4,Germany,Credit Card,5
ORD003491,2024-04-14,CUST01001,Desk Lamp,Accessories,139.83,3,Canada,Bank Transfer,0
ORD007791,2024-01-14,CUST01010,Desk Lamp,Accessories,105.9,3,Germany,Bank Transfer,0
ORD006040,2024-12-07,CUST01001,Mouse,Peripherals,48.51,2,USA,Debit Card,15
ORD002959,2024-12-11,CUST01001,Monitor,Displays,515.49,3,USA,Credit Card,0
ORD001995,2024-04-09,CUST01001,Mouse,Peripherals,22.12,3,Poland,Debit Card,0
ORD007948,2024-10-30,CUST01001,Desk Lamp,Accessories,47.16,2,Netherlands,Bank Transfer,0
ORD006975,2024-11-03,CUST01001,Desk Lamp,Accessories,70.44,3,Germany,Credit Card,0
ORD002377,2024-05-15,CUST01113,Phone Stand,Accessories,-20.07,1,Netherlands,Debit Card,5
ORD007702,2024-05-13,CUST01001,Desk Lamp,Accessories,112.16,1,Germany,PayPal,0
ORD001343,2024-06-09,CUST01001,Laptop,Computers,1073.76,2,Poland,Unknown,0
ORD000321,2024-05-09,CUST01001,Webcam,Video,56.46,3,USA,Credit Card,0
ORD001620,2024-06-13,CUST01001,Laptop,Computers,1014.2,1,UK,Bank Transfer,0
ORD003714,2024-03-08,CUST01008,Mouse,Peripherals,51.67,3,UK,PayPal,15
ORD007341,2024-04-30,CUST01010,Desk Lamp,Accessories,111.86,1,Canada,Debit Card,0
ORD002061,2024-10-03,CUST01001,Laptop,Computers,1111.93,1,France,Unknown,0
ORD002220,2024-04-19,CUST01001,Keyboard,Peripherals,158.99,4,France,Unknown,0
ORD001674,2024-10-27,CUST01007,Phone Stand,Accessories,8.67,4,France,PayPal,10
ORD006039,2024-10-24,CUST01075,HDMI Cable,Cables,99999.0,4,UK,Unknown,0
ORD000261,2024-10-22,CUST01013,Webcam,Video,55.07,1,UK,Debit Card,0
ORD007084,2024-02-16,CUST01003,Mouse,Peripherals,101.51,2,France,Credit Card,15
ORD002040,2024-01-30,CUST01003,Monitor,Displays,492.25,2,France,Credit Card,0
ORD004786,2024-04-26,CUST01010,Monitor,Displays,464.83,4,France,Debit Card,15
ORD000902,2024-04-07,CUST01003,Webcam,Video,72.24,4,France,Debit Card,0
ORD003745,2024-04-09,CUST01003,Headphones,Audio,116.15,4,UK,PayPal,0
ORD006403,2024-11-08,CUST01007,HDMI Cable,Cables,56.74,3,Canada,Unknown,0
ORD002027,2024-02-11,CUST01067,Keyboard,Peripherals,145.45,1,UK,Unknown,0
ORD004235,2024-05-30,CUST01208,Monitor,Displays,512.31,4,Poland,Credit Card,5
ORD001918,2024-06-24,CUST01087,Headphones,Audio,121.27,1,UK,PayPal,0
ORD001829,2024-12-04,CUST01001,HDMI Cable,Cables,43.56,3,Poland,Debit Card,0
ORD001574,2024-06-30,CUST01001,Mouse,Peripherals,10.07,3,Germany,Debit Card,0
ORD004416,2024-05-23,CUST01006,HDMI Cable,Cables,-18.94,4,UK,Credit Card,15
ORD004750,2024-12-26,CUST01001,Laptop,Computers,1069.32,2,Canada,Debit Card,5
ORD006234,2024-09-27,CUST01012,Webcam,Video,40.02,3,Canada,Unknown,0
ORD007040,2024-06-26,CUST01001,Keyboard,Peripherals,153.3,1,Germany,PayPal,15
ORD004655,2024-10-29,CUST01001,Keyboard,Peripherals,93.61,4,UK,Unknown,0
ORD006284,2024-04-26,CUST01025,Desk Lamp,Accessories,51.08,2,Germany,Credit Card,0
ORD004209,2024-09-08,CUST01001,Webcam,Video,32.05,4,Germany,Bank Transfer,10
ORD004628,2024-08-29,CUST01001,Headphones,Audio,100.65,1,France,Credit Card,0
ORD000225,2024-03-12,CUST01003,Mouse,Peripherals,45.2,2,UK,Bank Transfer,0
ORD000724,2024-07-09,CUST01040,HDMI Cable,Cables,35.37,2,France,PayPal,0
ORD007197,2024-04-02,CUST01001,Laptop,Computers,1087.55,2,France,PayPal,0
ORD001142,2024-11-01,CUST01004,Keyboard,Peripherals,142.87,4,USA,Unknown,0
ORD005530,2024-06-19,CUST01001,Desk Lamp,Accessories,122.82,4,Canada,Debit Card,0
ORD006470,2024-02-16,CUST01004,USB Hub,Peripherals,71.47,4,Netherlands,Debit Card,5
ORD005765,2024-01-11,CUST01661,Mouse,Peripherals,14.18,2,France,Unknown,10
ORD007155,2024-09-16,CUST01001,Laptop,Computers,0.0,3,Netherlands,Credit Card,0
ORD005555,2024-12-05,CUST01003,Mouse,Peripherals,34.59,1,Germany,PayPal,15
ORD007605,2024-03-30,CUST01001,Laptop,Computers,1105.96,3,Poland,PayPal,0
ORD002763,2024-10-21,CUST01001,Desk Lamp,Accessories,113.01,2,UK,Unknown,0
ORD000847,2024-01-14,CUST01001,Laptop,Computers,1077.05,3,Germany,Bank Transfer,10
ORD004290,2024-08-05,CUST01002,HDMI Cable,Cables,56.51,1,France,Debit Card,0
ORD005561,2024-12-22,CUST01007,Headphones,Audio,88.72,1,France,Debit Card,0
ORD006718,2024-02-02,CUST01001,USB Hub,Peripherals,-6.91,4,Netherlands,Bank Transfer,10
ORD005043,2024-03-08,CUST01248,Headphones,Audio,159.21,1,France,Debit Card,0
ORD006118,2024-04-19,CUST01003,USB Hub,Peripherals,56.91,2,Poland,Debit Card,0
ORD002552,2024-09-15,CUST01006,Keyboard,Peripherals,111.9,4,Canada,Debit Card,10
ORD005726,2024-09-06,CUST01002,Mouse,Peripherals,65.42,2,UK,PayPal,5
ORD002929,2024-12-13,CUST01003,Laptop,Computers,1073.95,2,Germany,PayPal,0
ORD000118,2024-11-10,CUST01007,Monitor,Displays,455.82,2,France,Credit Card,0
ORD000646,2024-02-16,CUST01001,HDMI Cable,Cables,-9.03,3,Germany,Unknown,0
ORD005967,2024-01-19,CUST01001,Keyboard,Peripherals,149.78,2,Canada,Bank Transfer,10
ORD000004,2024-03-18,CUST01023,Monitor,Displays,514.6,1,UK,PayPal,0
ORD004171,2024-05-26,CUST01023,Headphones,Audio,113.43,2,France,Bank Transfer,10
ORD005852,2024-07-08,CUST01001,Monitor,Displays,99999.0,1,UK,PayPal,0
ORD000468,2024-07-21,CUST01017,Keyboard,Peripherals,80.6,2,France,Credit Card,0
ORD000006,2024-03-07,CUST01001,Keyboard,Peripherals,144.3,2,Netherlands,Bank Transfer,0
ORD005343,2024-04-14,CUST01001,Phone Stand,Accessories,-2.27,3,Poland,Unknown,0
ORD000920,2024-04-04,CUST01002,Desk Lamp,Accessories,86.41,2,USA,Unknown,0
ORD002596,2024-07-05,CUST01003,Desk Lamp,Accessories,49.29,4,USA,PayPal,0
ORD004325,2024-05-19,CUST01001,Webcam,Video,57.98,4,Germany,Credit Card,5
ORD001064,2024-01-07,CUST01001,Desk Lamp,Accessories,135.14,1,USA,Debit Card,10
ORD002591,2024-08-17,CUST01002,HDMI Cable,Cables,49.39,4,France,Credit Card,10
ORD000243,2024-11-06,CUST01006,Monitor,Displays,489.54,1,UK,Debit Card,0
ORD006984,2024-01-31,CUST01901,HDMI Cable,Cables,-12.88,1,USA,Unknown,0
ORD001161,2024-08-13,CUST01001,Keyboard,Peripherals,81.55,3,Canada,Unknown,10
ORD002871,2024-05-01,CUST01008,Desk Lamp,Accessories,55.73,1,France,Bank Transfer,15
ORD003736,2024-03-18,CUST01023,Desk Lamp,Accessories,59.32,4,UK,Bank Transfer,0
ORD007335,2024-07-06,CUST01001,Desk Lamp,Accessories,54.45,4,UK,Unknown,10
ORD002398,2024-03-20,CUST01003,Laptop,Computers,1044.81,1,UK,Credit Card,0
ORD003518,2024-10-04,CUST01001,Desk Lamp,Accessories,108.63,3,Germany,Credit Card,0
ORD003422,2024-12-27,CUST01003,Webcam,Video,24.66,3,Germany,Bank Transfer,0
ORD002564,2024-06-22,CUST01004,Laptop,Computers,1106.78,2,Canada,Credit Card,10
ORD006768,2024-06-14,CUST01001,Monitor,Displays,502.3,3,Canada,PayPal,0
ORD005623,2024-03-09,CUST01001,Monitor,Displays,493.33,4,USA,PayPal,0
ORD001606,2024-09-01,CUST01068,Mouse,Peripherals,39.34,3,UK,Debit Card,15
ORD007727,2024-11-29,CUST01001,HDMI Cable,Cables,38.69,4,UK,Credit Card,5
ORD002325,2024-02-11,CUST01001,Mouse,Peripherals,35.55,1,UK,Credit Card,0
ORD002710,2024-01-09,CUST01001,HDMI Cable,Cables,47.82,4,USA,PayPal,15
ORD007048,2024-03-31,CUST01012,Laptop,Computers,1050.43,3,Germany,Debit Card,0
ORD001313,2024-11-14,CUST01003,Webcam,Video,31.92,2,Netherlands,PayPal,0
ORD003449,2024-09-11,CUST01001,HDMI Cable,Cables,51.25,3,Netherlands,Credit Card,0
ORD003813,2024-10-21,CUST01021,Desk Lamp,Accessories,83.83,4,UK,Unknown,0
ORD006086,2024-09-27,CUST01002,Monitor,Displays,463.18,2,Germany,Unknown,10
ORD007458,2024-08-25,CUST01014,Desk Lamp,Accessories,56.91,4,France,Debit Card,0
ORD002363,2024-09-09,CUST01001,Webcam,Video,68.01,3,UK,Debit Card,0
ORD001976,2024-01-30,CUST01005,Mouse,Peripherals,82.11,2,Canada,PayPal,0
ORD003515,2024-03-02,CUST01108,HDMI Cable,Cables,-25.36,2,Germany,Unknown,10
ORD001762,2024-10-13,CUST01001,USB Hub,Peripherals,65.78,4,Germany,Credit Card,15
ORD005402,2024-04-09,CUST01006,Laptop,Computers,1027.28,3,Canada,Debit Card,0
ORD002740,2024-08-20,CUST01001,Webcam,Video,24.17,4,UK,PayPal,15
ORD005638,2024-09-25,CUST01001,USB Hub,Peripherals,71.42,2,Germany,Debit Card,0
ORD007468,2024-01-05,CUST01001,Phone Stand,Accessories,38.28,1,France,Credit Card,10
ORD002473,2024-12-10,CUST01607,Phone Stand,Accessories,-21.43,3,USA,Unknown,5
ORD004008,2024-11-22,CUST01024,Phone Stand,Accessories,49.45,3,Canada,PayPal,0
ORD004719,2024-09-27,CUST01909,Mouse,Peripherals,24.89,4,Poland,Bank Transfer,5
ORD006178,2024-04-18,CUST01044,Laptop,Computers,1044.12,4,Canada,PayPal,0
ORD001494,2024-05-04,CUST01002,Headphones,Audio,116.29,3,UK,Unknown,0
ORD004207,2024-01-16,CUST01084,Phone Stand,Accessories,64.24,2,USA,Credit Card,5
ORD006372,2024-07-12,CUST01003,Laptop,Computers,1052.36,3,Germany,Bank Transfer,0
ORD002159,2024-09-03,CUST01002,HDMI Cable,Cables,58.31,4,Netherlands,Unknown,5
ORD001170,2024-07-16,CUST01001,Desk Lamp,Accessories,67.45,3,France,Credit Card,0
ORD007246,2024-07-20,CUST01003,Mouse,Peripherals,36.55,4,USA,PayPal,0
ORD000233,2024-11-29,CUST01002,USB Hub,Peripherals,-15.84,4,Germany,Bank Transfer,0
ORD000067,2024-10-08,CUST01008,Mouse,Peripherals,72.09,4,Poland,Bank Transfer,0
ORD001604,2024-04-28,CUST01002,Headphones,Audio,141.91,3,Germany,Debit Card,0
ORD006169,2024-03-13,CUST01154,Phone Stand,Accessories,-5.73,1,UK,Unknown,15
ORD003284,2024-07-16,CUST01001,Mouse,Peripherals,78.84,2,Netherlands,Unknown,0
ORD003597,2024-10-28,CUST01008,Laptop,Computers,1108.65,2,Poland,Bank Transfer,10
ORD006289,2024-09-21,CUST01001,HDMI Cable,Cables,13.6,1,France,PayPal,15
ORD004633,2024-11-09,CUST01003,Desk Lamp,Accessories,129.74,1,Canada,Debit Card,0
ORD000126,2024-04-27,CUST01005,Headphones,Audio,178.98,1,UK,Bank Transfer,10
ORD006230,2024-11-22,CUST01001,Desk Lamp,Accessories,108.48,2,UK,Debit Card,15
ORD005351,2024-08-08,CUST01002,Phone Stand,Accessories,73.34,4,Canada,Unknown,10
ORD001297,2024-09-17,CUST01006,Laptop,Computers,1022.94,4,France,Debit Card,5
ORD001977,2024-09-22,CUST01017,Phone Stand,Accessories,-0.82,4,Poland,PayPal,0
ORD007247,2024-01-19,CUST01002,Headphones,Audio,151.08,4,Canada,Debit Card,0
ORD002076,2024-06-30,CUST01002,Keyboard,Peripherals,152.95,2,Poland,Unknown,10
ORD004581,2024-07-28,CUST01002,Headphones,Audio,181.18,2,Poland,Debit Card,0
ORD005751,2024-10-05,CUST01002,Desk Lamp,Accessories,47.82,4,Canada,Bank Transfer,5
ORD007571,2024-09-02,CUST01002,Headphones,Audio,104.15,4,Netherlands,Unknown,0
ORD003087,2024-12-22,CUST01001,HDMI Cable,Cables,-12.92,2,USA,PayPal,0
ORD006961,2024-03-13,CUST01012,HDMI Cable,Cables,-2.91,4,USA,Bank Transfer,0
ORD003346,2024-01-29,CUST01016,Desk Lamp,Accessories,40.9,2,France,PayPal,15
ORD007166,2024-06-22,CUST01001,Mouse,Peripherals,30.97,4,Canada,Unknown,0
ORD005871,2024-03-15,CUST01002,Keyboard,Peripherals,157.68,3,Germany,Bank Transfer,0
ORD006507,2024-11-04,CUST01001,HDMI Cable,Cables,51.47,3,Germany,Credit Card,10
ORD002798,2024-02-29,CUST01001,Webcam,Video,29.78,1,Germany,Bank Transfer,0
ORD000919,2024-08-19,CUST01001,Webcam,Video,99999.0,3,France,Bank Transfer,0
ORD001647,2024-07-21,CUST01002,Webcam,Video,115.43,1,USA,Unknown,15
ORD005123,2024-02-06,CUST01001,Headphones,Audio,132.1,4,USA,PayPal,0
ORD005127,2024-08-08,CUST01016,Laptop,Computers,1063.77,2,Canada,Credit Card,0
ORD004979,2024-09-23,CUST01001,Keyboard,Peripherals,113.59,1,USA,Unknown,5
ORD005432,2024-03-20,CUST01003,Webcam,Video,105.47,3,Netherlands,Unknown,10
ORD006843,2024-11-27,CUST01014,Headphones,Audio,98.92,4,Netherlands,Credit Card,5
ORD004622,2024-04-23,CUST01001,HDMI Cable,Cables,-8.88,4,Germany,Debit Card,0
ORD006810,2024-09-16,CUST01012,USB Hub,Peripherals,-19.15,3,UK,Credit Card,0
ORD000365,2024-01-26,CUST01004,Monitor,Displays,446.82,4,USA,PayPal,0
ORD003288,2024-01-28,CUST01002,Monitor,Displays,504.75,3,Canada,Debit Card,0
ORD002126,2024-11-20,CUST01022,Webcam,Video,89.62,4,Poland,Credit Card,10
ORD004124,2024-08-19,CUST01009,Keyboard,Peripherals,148.71,4,Poland,Debit Card,0
ORD004570,2024-08-23,CUST01001,Laptop,Computers,1074.0,3,Germany,Bank Transfer,5
ORD000526,2024-12-10,CUST01001,Webcam,Video,99.68,2,Germany,PayPal,0
ORD004822,2024-09-26,CUST01001,Desk Lamp,Accessories,131.73,4,France,Unknown,15
ORD000056,2024-07-17,CUST01014,Keyboard,Peripherals,167.7,4,USA,Unknown,0
ORD000639,2024-10-15,CUST01003,USB Hub,Peripherals,27.22,2,UK,PayPal,0
ORD000303,2024-01-10,CUST01001,Desk Lamp,Accessories,105.13,3,Poland,Debit Card,0
ORD002767,2024-01-17,CUST01001,Headphones,Audio,167.24,3,Germany,Credit Card,0
ORD005812,2024-06-11,CUST01001,Webcam,Video,24.37,1,USA,Bank Transfer,10
ORD001277,2024-02-02,CUST01001,Phone Stand,Accessories,5.02,3,Netherlands,Debit Card,5
ORD007511,2024-05-14,CUST01007,Desk Lamp,Accessories,75.96,4,France,Bank Transfer,15
ORD004721,2024-02-13,CUST01045,Mouse,Peripherals,35.71,1,Germany,PayPal,15
ORD002056,2024-10-13,CUST01007,Keyboard,Peripherals,92.93,3,France,Debit Card,0
ORD005377,2024-06-11,CUST01013,Webcam,Video,107.61,4,Canada,Unknown,15
ORD005146,2024-04-19,CUST01002,Headphones,Audio,94.8,4,Germany,PayPal,5
ORD004433,2024-03-22,CUST01007,Monitor,Displays,451.12,4,Netherlands,Debit Card,15
ORD003645,2024-01-12,CUST01004,Phone Stand,Accessories,-21.36,3,UK,Credit Card,15
ORD004144,2024-05-10,CUST01002,Mouse,Peripherals,48.29,1,UK,Unknown,0
ORD002879,2024-10-22,CUST01018,Laptop,Computers,1066.26,1,UK,Credit Card,15
ORD004203,2024-07-17,CUST01001,Laptop,Computers,1023.41,3,Poland,PayPal,0
ORD006494,2024-01-04,CUST01002,Webcam,Video,54.09,2,Netherlands,Credit Card,0
ORD005176,2024-12-09,CUST01483,Phone Stand,Accessories,58.99,1,Canada,Unknown,15
ORD002287,2024-03-20,CUST01009,Headphones,Audio,140.76,1,USA,Bank Transfer,15
ORD002262,2024-05-20,CUST01003,USB Hub,Peripherals,55.2,2,Canada,Bank Transfer,15
ORD005241,2024-05-20,CUST01001,HDMI Cable,Cables,58.0,2,Poland,Bank Transfer,0
ORD007140,2024-08-13,CUST01003,Desk Lamp,Accessories,70.7,1,USA,Unknown,0
ORD002297,2024-02-01,CUST01003,Headphones,Audio,99.4,1,Netherlands,Unknown,0
ORD005933,2024-01-08,CUST01001,Webcam,Video,63.27,2,Canada,PayPal,0
ORD001754,2024-06-27,CUST01001,Webcam,Video,34.77,4,Canada,Bank Transfer,10
ORD005198,2024-06-07,CUST01505,Mouse,Peripherals,44.56,1,Germany,PayPal,10
ORD001969,2024-11-14,CUST01001,USB Hub,Peripherals,35.35,4,Canada,Debit Card,0
ORD006970,2024-01-15,CUST01001,Webcam,Video,117.24,3,USA,Credit Card,0
ORD003118,2024-01-30,CUST01001,Headphones,Audio,83.04,4,USA,Unknown,0
ORD002394,2024-04-23,CUST01002,Headphones,Audio,137.36,1,USA,Debit Card,10
ORD000524,2024-07-21,CUST01001,Mouse,Peripherals,51.3,2,UK,Debit Card,5
ORD006789,2024-02-05,CUST01001,Keyboard,Peripherals,99999.0,4,France,Credit Card,5
ORD005525,2024-02-29,CUST01001,Laptop,Computers,1033.65,1,Canada,PayPal,0
ORD006678,2024-05-08,CUST01002,Monitor,Displays,443.05,3,UK,Bank Transfer,10
ORD003901,2024-01-15,CUST01008,Laptop,Computers,1045.93,2,Germany,Credit Card,0
ORD007474,2024-06-30,CUST01001,USB Hub,Peripherals,-9.64,2,Netherlands,PayPal,0
ORD004700,2024-08-24,CUST01789,Laptop,Computers,1030.53,1,Poland,Credit Card,10
ORD005586,2024-06-23,CUST01012,Keyboard,Peripherals,120.11,1,Germany,Debit Card,0
ORD007452,2024-05-14,CUST01004,Keyboard,Peripherals,144.3,1,Netherlands,Credit Card,15
ORD003123,2024-12-06,CUST01001,HDMI Cable,Cables,18.32,3,Germany,Debit Card,0
ORD006778,2024-10-20,CUST01001,HDMI Cable,Cables,30.12,3,UK,Debit Card,0
ORD004157,2024-03-28,CUST01001,Keyboard,Peripherals,74.24,4,Germany,Credit Card,0
ORD001970,2024-11-03,CUST01086,HDMI Cable,Cables,-1.53,2,France,PayPal,0
ORD000672,2024-04-04,CUST01001,HDMI Cable,Cables,51.85,4,Canada,Debit Card,0
ORD004189,2024-06-10,CUST01001,Headphones,Audio,99.72,3,UK,PayPal,0
ORD000667,2024-02-10,CUST01013,Mouse,Peripherals,49.15,2,UK,Credit Card,0
ORD006949,2024-09-13,CUST01001,Monitor,Displays,437.42,1,Canada,Credit Card,0
ORD001888,2024-03-09,CUST01005,Laptop,Computers,1074.27,1,USA,Bank Transfer,0
ORD003267,2024-11-03,CUST01001,Desk Lamp,Accessories,91.57,2,Germany,PayPal,0
ORD000281,2024-01-12,CUST01007,Headphones,Audio,107.24,2,USA,Debit Card,0
ORD001720,2024-08-12,CUST01080,Monitor,Displays,521.22,4,UK,Credit Card,0
ORD004456,2024-05-24,CUST01039,Headphones,Audio,116.4,4,Canada,Credit Card,0
ORD000900,2024-05-18,CUST01001,USB Hub,Peripherals,6.57,4,USA,Bank Transfer,15
ORD006032,2024-02-16,CUST01001,Mouse,Peripherals,48.31,2,Poland,Unknown,0
ORD007764,2024-04-28,CUST01001,Monitor,Displays,467.07,4,France,PayPal,0
ORD006091,2024-05-08,CUST01001,Laptop,Computers,1093.58,3,Netherlands,Bank Transfer,0
ORD007029,2024-07-15,CUST01017,Mouse,Peripherals,71.97,4,Netherlands,Unknown,0
ORD000761,2024-02-10,CUST01002,Phone Stand,Accessories,17.52,3,Netherlands,PayPal,0
ORD006255,2024-11-03,CUST01002,Desk Lamp,Accessories,42.25,4,UK,Bank Transfer,0
ORD001907,2024-11-19,CUST01001,Headphones,Audio,121.68,4,Netherlands,Bank Transfer,15
ORD004043,2024-10-27,CUST01051,HDMI Cable,Cables,23.37,3,Netherlands,Unknown,0
ORD003824,2024-05-20,CUST01007,USB Hub,Peripherals,58.38,2,Germany,Unknown,0
ORD004139,2024-09-23,CUST01001,Laptop,Computers,1105.44,2,USA,Debit Card,15
ORD003819,2024-11-02,CUST01001,HDMI Cable,Cables,-6.28,1,Poland,Debit Card,15
ORD006270,2024-03-12,CUST01011,Phone Stand,Accessories,25.09,2,France,Bank Transfer,0
ORD004301,2024-04-11,CUST01102,Laptop,Computers,1017.45,4,France,Unknown,5
ORD005570,2024-06-09,CUST01001,Keyboard,Peripherals,0.0,4,France,PayPal,10
ORD006197,2024-04-04,CUST01001,Webcam,Video,27.51,2,Canada,Credit Card,0
ORD002594,2024-04-25,CUST01162,HDMI Cable,Cables,-10.54,3,USA,Bank Transfer,5
ORD004165,2024-11-14,CUST01001,Desk Lamp,Accessories,122.89,2,Canada,Debit Card,0
ORD003032,2024-12-20,CUST01007,Laptop,Computers,1080.65,4,Poland,Unknown,5
ORD005972,2024-01-07,CUST01001,Webcam,Video,88.57,3,Germany,PayPal,5
ORD003580,2024-03-12,CUST01013,USB Hub,Peripherals,-15.54,3,UK,Unknown,15
ORD002833,2024-12-01,CUST01010,Webcam,Video,92.13,1,Netherlands,Unknown,0
ORD005450,2024-12-14,CUST01002,Mouse,Peripherals,67.17,4,UK,Credit Card,0
ORD003473,2024-04-11,CUST01007,Laptop,Computers,1086.71,3,Netherlands,Credit Card,0
ORD006328,2024-03-10,CUST01003,Monitor,Displays,483.24,3,Canada,Unknown,15
ORD000138,2024-07-02,CUST01028,Headphones,Audio,110.1,3,UK,Bank Transfer,0
ORD004893,2024-02-14,CUST01001,Headphones,Audio,127.35,3,Poland,Debit Card,0
ORD002181,2024-04-05,CUST01159,Headphones,Audio,99.12,3,UK,PayPal,5
ORD002129,2024-03-09,CUST01001,Mouse,Peripherals,79.65,3,UK,Credit Card,0
ORD004855,2024-04-24,CUST01001,Webcam,Video,76.0,3,USA,PayPal,0
ORD004638,2024-04-02,CUST01001,Laptop,Computers,1027.82,4,Germany,Unknown,0
ORD005116,2024-08-10,CUST01002,Headphones,Audio,92.75,3,France,Bank Transfer,0
ORD006994,2024-10-06,CUST01001,Keyboard,Peripherals,145.81,1,Poland,Credit Card,5
ORD004262,2024-12-14,CUST01001,Webcam,Video,47.8,4,Netherlands,Unknown,5
ORD004345,2024-07-16,CUST01032,Laptop,Computers,1098.27,4,Netherlands,Bank Transfer,15
ORD001332,2024-06-17,CUST01002,Desk Lamp,Accessories,59.15,3,Germany,Bank Transfer,5
ORD002018,2024-12-24,CUST01001,Keyboard,Peripherals,171.14,4,Canada,Debit Card,0
ORD004543,2024-02-26,CUST01001,Phone Stand,Accessories,19.16,2,Germany,PayPal,5
ORD002483,2024-10-05,CUST01019,Desk Lamp,Accessories,50.84,1,Poland,Credit Card,0
ORD001359,2024-03-06,CUST01110,Keyboard,Peripherals,159.27,1,Netherlands,Credit Card,0
ORD006942,2024-06-21,CUST01001,Laptop,Computers,1079.75,1,USA,Bank Transfer,0
ORD006242,2024-03-04,CUST01151,Laptop,Computers,1057.4,4,Germany,Debit Card,0
ORD001330,2024-01-12,CUST01018,Laptop,Computers,1089.98,2,UK,Bank Transfer,0
ORD007994,2024-12-02,CUST01002,Headphones,Audio,115.4,1,France,Unknown,15
ORD006882,2024-11-24,CUST01001,HDMI Cable,Cables,33.47,1,Poland,Unknown,5
ORD007895,2024-01-17,CUST01002,Mouse,Peripherals,82.16,1,Poland,PayPal,0
ORD002151,2024-08-25,CUST01001,Phone Stand,Accessories,50.02,2,Canada,Unknown,0
ORD004531,2024-03-03,CUST01010,Laptop,Computers,1069.41,1,Netherlands,Bank Transfer,15
ORD002123,2024-07-23,CUST01014,Headphones,Audio,149.14,3,Canada,Credit Card,0
ORD004674,2024-04-18,CUST01994,Headphones,Audio,161.6,3,Germany,Bank Transfer,0
ORD003982,2024-03-18,CUST01008,Monitor,Displays,508.94,2,France,Credit Card,0
ORD006997,2024-07-13,CUST01097,Phone Stand,Accessories,8.23,3,USA,Bank Transfer,0
ORD001253,2024-04-23,CUST01002,Laptop,Computers,1102.68,3,Netherlands,Debit Card,5
ORD003279,2024-11-25,CUST01016,Laptop,Computers,1062.25,4,USA,Unknown,0
ORD003375,2024-01-13,CUST01005,Desk Lamp,Accessories,117.61,1,UK,Unknown,0
ORD002815,2024-04-27,CUST01001,Webcam,Video,68.76,2,USA,Bank Transfer,5
ORD004720,2024-03-02,CUST01004,Webcam,Video,64.21,3,Netherlands,PayPal,0
ORD006545,2024-10-04,CUST01001,Monitor,Displays,453.66,2,UK,Unknown,15
ORD001849,2024-11-03,CUST01024,USB Hub,Peripherals,-16.93,1,France,Credit Card,15
ORD004859,2024-08-05,CUST01004,Phone Stand,Accessories,4.35,2,Germany,PayPal,0
ORD003038,2024-05-06,CUST01020,Mouse,Peripherals,34.13,1,Canada,Unknown,5
ORD000389,2024-10-01,CUST01019,Webcam,Video,76.39,4,Germany,Unknown,0
ORD000236,2024-12-04,CUST01007,Phone Stand,Accessories,71.36,4,Netherlands,Unknown,10
ORD001078,2024-03-01,CUST01002,HDMI Cable,Cables,99999.0,3,Germany,Unknown,5
ORD001985,2024-10-01,CUST01003,Headphones,Audio,138.62,1,Canada,Debit Card,0
ORD004364,2024-05-25,CUST01023,Headphones,Audio,120.43,4,Netherlands,Credit Card,15
ORD003963,2024-04-10,CUST01002,Laptop,Computers,1086.76,3,Poland,Credit Card,0
ORD000771,2024-09-10,CUST01001,Desk Lamp,Accessories,99.5,3,France,Credit Card,0
ORD002166,2024-11-01,CUST01002,Mouse,Peripherals,11.07,1,UK,PayPal,0
ORD004534,2024-04-13,CUST01001,Headphones,Audio,163.16,2,Poland,Bank Transfer,5
ORD000674,2024-09-01,CUST01068,Headphones,Audio,161.42,4,Canada,Credit Card,15
ORD000250,2024-02-05,CUST01540,Headphones,Audio,137.99,3,France,Bank Transfer,0
ORD006298,2024-05-14,CUST01122,Headphones,Audio,123.34,3,Netherlands,Bank Transfer,0
ORD001575,2024-12-26,CUST01001,Headphones,Audio,154.23,4,Poland,Bank Transfer,0
ORD006239,2024-09-19,CUST01008,Mouse,Peripherals,22.24,4,Germany,Bank Transfer,10
ORD003420,2024-08-02,CUST01001,Desk Lamp,Accessories,137.45,1,UK,Bank Transfer,5
ORD002082,2024-12-18,CUST01001,Desk Lamp,Accessories,103.96,1,France,PayPal,5
ORD001824,2024-09-30,CUST01004,Laptop,Computers,1023.65,3,Canada,Debit Card,0
ORD007420,2024-08-31,CUST01002,Phone Stand,Accessories,10.85,2,UK,Unknown,10
ORD007664,2024-07-11,CUST01003,HDMI Cable,Cables,-6.31,4,Germany,Credit Card,0
ORD004545,2024-06-16,CUST01006,Desk Lamp,Accessories,128.55,1,USA,Bank Transfer,0
ORD005566,2024-02-16,CUST01002,Monitor,Displays,481.61,4,Poland,PayPal,10
ORD000717,2024-02-21,CUST01006,HDMI Cable,Cables,25.84,3,Germany,Credit Card,0
ORD007157,2024-11-09,CUST01029,Keyboard,Peripherals,134.43,3,France,Debit Card,0
ORD007485,2024-11-10,CUST01001,HDMI Cable,Cables,4.58,1,France,PayPal,0
ORD002049,2024-08-25,CUST01012,Laptop,Computers,-100.0,2,France,Bank Transfer,0
ORD005998,2024-01-27,CUST01010,Mouse,Peripherals,20.07,3,Canada,Bank Transfer,0
ORD006601,2024-11-13,CUST01001,Desk Lamp,Accessories,91.2,2,Canada,Unknown,0
ORD005265,2024-06-21,CUST01002,Monitor,Displays,505.99,4,Poland,Unknown,0
ORD004179,2024-09-10,CUST01461,Webcam,Video,45.19,3,Netherlands,Debit Card,10
ORD004810,2024-03-13,CUST01498,Headphones,Audio,128.56,4,USA,Unknown,10
ORD002725,2024-12-10,CUST01001,Mouse,Peripherals,88.87,4,Germany,PayPal,10
ORD001461,2024-07-25,CUST01005,Desk Lamp,Accessories,133.87,1,France,PayPal,0
ORD006915,2024-08-12,CUST01027,Webcam,Video,51.2,2,Netherlands,Debit Card,0
ORD005990,2024-02-24,CUST01022,Phone Stand,Accessories,-2.73,3,Netherlands,Debit Card,0
ORD001669,2024-03-04,CUST01012,Laptop,Computers,1080.87,1,Canada,Credit Card,0
ORD002757,2024-07-12,CUST01003,USB Hub,Peripherals,6.55,3,UK,Bank Transfer,5
ORD002001,2024-01-13,CUST01001,Laptop,Computers,1061.35,4,USA,Credit Card,5
ORD004572,2024-04-20,CUST01007,Keyboard,Peripherals,76.86,1,USA,Bank Transfer,15
ORD004614,2024-09-08,CUST01001,Headphones,Audio,168.2,4,Germany,Credit Card,5
ORD007453,2024-11-29,CUST01005,Mouse,Peripherals,86.59,2,France,PayPal,15
ORD000405,2024-08-18,CUST01001,HDMI Cable,Cables,19.02,3,Netherlands,PayPal,0
ORD000385,2024-05-04,CUST01004,Keyboard,Peripherals,172.56,3,UK,Credit Card,0
ORD007204,2024-07-04,CUST01005,Keyboard,Peripherals,105.07,1,France,Debit Card,0
ORD002153,2024-05-08,CUST01009,Mouse,Peripherals,82.83,1,Poland,Debit Card,0
ORD001634,2024-08-15,CUST01005,Webcam,Video,90.97,1,France,PayPal,0
ORD007348,2024-12-11,CUST01001,USB Hub,Peripherals,-20.71,4,Germany,Bank Transfer,0
ORD005581,2024-04-23,CUST01001,Mouse,Peripherals,9.61,2,UK,Credit Card,0
ORD004785,2024-04-18,CUST01004,Desk Lamp,Accessories,57.05,3,UK,PayPal,15
ORD007219,2024-12-11,CUST01003,Phone Stand,Accessories,-5.88,3,UK,PayPal,5
ORD006971,2024-03-11,CUST01018,Webcam,Video,103.8,2,Canada,Unknown,10
ORD003926,2024-07-18,CUST01001,Mouse,Peripherals,40.77,2,Netherlands,Bank Transfer,10
ORD005337,2024-01-06,CUST01001,Webcam,Video,42.02,1,Germany,Unknown,0
ORD004159,2024-04-24,CUST01001,Webcam,Video,54.7,3,Poland,Bank Transfer,0
ORD004949,2024-03-09,CUST01003,Headphones,Audio,88.78,2,Poland,Unknown,0
ORD005899,2024-03-21,CUST01003,Webcam,Video,81.61,3,France,Bank Transfer,0
ORD007272,2024-01-20,CUST01170,Laptop,Computers,1055.09,3,Poland,Debit Card,15
ORD005359,2024-10-08,CUST01001,Phone Stand,Accessories,-15.37,2,USA,PayPal,10
ORD000224,2024-06-28,CUST01004,Headphones,Audio,160.59,3,Germany,Unknown,5
ORD002194,2024-01-16,CUST01663,Phone Stand,Accessories,7.27,2,Poland,Bank Transfer,0
ORD003137,2024-11-22,CUST01004,Monitor,Displays,522.31,1,Canada,Bank Transfer,0
ORD004470,2024-07-29,CUST01001,Mouse,Peripherals,48.06,2,Germany,Credit Card,5
ORD001825,2024-10-23,CUST01001,Headphones,Audio,158.26,2,Germany,Credit Card,0
ORD007367,2024-07-11,CUST01003,Monitor,Displays,477.09,2,Germany,Credit Card,15
ORD005125,2024-12-17,CUST01001,Monitor,Displays,516.04,4,UK,PayPal,0
ORD004973,2024-08-30,CUST01001,Laptop,Computers,1019.13,2,UK,Unknown,0
ORD000798,2024-12-03,CUST01102,Desk Lamp,Accessories,83.79,3,USA,Debit Card,0
ORD002872,2024-11-08,CUST01001,Webcam,Video,88.06,2,Poland,PayPal,15
ORD000010,2024-04-16,CUST01002,HDMI Cable,Cables,24.14,3,UK,Bank Transfer,0
ORD006594,2024-10-21,CUST01152,USB Hub,Peripherals,55.87,3,Netherlands,Credit Card,0
ORD001945,2024-12-30,CUST01003,Headphones,Audio,147.12,2,UK,PayPal,0
ORD001839,2024-11-19,CUST01006,Desk Lamp,Accessories,60.83,2,Netherlands,Credit Card,0
ORD004805,2024-10-07,CUST01001,Headphones,Audio,174.44,2,Poland,Unknown,0
ORD000256,2024-09-27,CUST01004,Mouse,Peripherals,54.91,2,Poland,Unknown,0
ORD007027,2024-04-06,CUST01001,Keyboard,Peripherals,139.34,1,Poland,Bank Transfer,0
ORD005714,2024-02-21,CUST01002,Keyboard,Peripherals,168.0,2,Netherlands,Credit Card,0
ORD004486,2024-08-10,CUST01002,Phone Stand,Accessories,-12.49,3,Canada,Unknown,0
ORD007228,2024-11-13,CUST01002,Webcam,Video,44.74,1,Canada,PayPal,0
ORD001582,2024-12-27,CUST01019,Laptop,Computers,1026.9,3,UK,Bank Transfer,0
ORD002957,2024-09-22,CUST01008,Phone Stand,Accessories,72.55,3,UK,Bank Transfer,10
ORD000925,2024-03-03,CUST01002,Monitor,Displays,470.83,2,France,Debit Card,0
ORD007710,2024-12-25,CUST01001,Keyboard,Peripherals,98.56,3,France,Bank Transfer,0
ORD007110,2024-07-27,CUST01008,Laptop,Computers,1078.37,2,USA,PayPal,5
ORD002509,2024-09-08,CUST01001,Laptop,Computers,1084.46,2,France,Credit Card,15
ORD006133,2024-02-09,CUST01001,HDMI Cable,Cables,-17.32,4,Poland,PayPal,0
ORD005025,2024-03-01,CUST01001,HDMI Cable,Cables,-4.96,4,Germany,Unknown,10
ORD005321,2024-04-04,CUST01031,Monitor,Displays,490.37,2,Poland,Unknown,5
ORD007103,2024-05-28,CUST01001,Headphones,Audio,125.6,1,Canada,Credit Card,10
ORD006646,2024-06-01,CUST01001,Keyboard,Peripherals,119.0,4,France,Debit Card,0
ORD006043,2024-07-14,CUST01001,USB Hub,Peripherals,40.51,3,Poland,Debit Card,0
ORD003776,2024-02-08,CUST01024,Monitor,Displays,482.03,4,UK,Credit Card,0
ORD004836,2024-05-23,CUST01002,Desk Lamp,Accessories,62.51,3,France,Credit Card,10
ORD004137,2024-02-07,CUST01001,Keyboard,Peripherals,112.24,1,USA,Debit Card,0
ORD004965,2024-04-02,CUST01028,Phone Stand,Accessories,15.21,1,Netherlands,PayPal,0
ORD002780,2024-12-29,CUST01001,USB Hub,Peripherals,32.82,2,Germany,Credit Card,0
ORD000540,2024-10-08,CUST01001,Desk Lamp,Accessories,134.23,4,Poland,Credit Card,0
ORD002746,2024-04-16,CUST01002,USB Hub,Peripherals,33.79,2,UK,Debit Card,10
ORD007211,2024-12-11,CUST01001,Phone Stand,Accessories,15.56,1,Germany,Credit Card,15
ORD007327,2024-01-19,CUST01002,Keyboard,Peripherals,168.06,2,Poland,Credit Card,0
ORD006820,2024-05-27,CUST01001,Mouse,Peripherals,74.71,1,France,Bank Transfer,10
ORD005468,2024-09-10,CUST01001,Keyboard,Peripherals,107.76,3,USA,Credit Card,0
ORD001146,2024-10-01,CUST01055,USB Hub,Peripherals,31.43,1,France,PayPal,0
ORD005128,2024-01-30,CUST01001,USB Hub,Peripherals,40.72,1,Poland,Credit Card,5
ORD004469,2024-08-04,CUST01001,Headphones,Audio,167.43,4,USA,Unknown,0
ORD000668,2024-05-25,CUST01004,Mouse,Peripherals,102.15,1,Poland,Credit Card,0
ORD003020,2024-08-18,CUST01025,Mouse,Peripherals,99.19,2,Poland,Credit Card,0
ORD000358,2024-11-26,CUST01011,HDMI Cable,Cables,-8.76,1,Canada,Unknown,10
ORD005064,2024-02-01,CUST01010,Webcam,Video,74.9,1,USA,Credit Card,0
ORD002832,2024-10-02,CUST01004,Keyboard,Peripherals,96.33,4,Poland,Credit Card,0
ORD002784,2024-04-04,CUST01001,Headphones,Audio,147.84,2,UK,Unknown,0
ORD001354,2024-08-18,CUST01002,Phone Stand,Accessories,-6.69,2,Poland,PayPal,0
ORD005132,2024-02-16,CUST01001,Webcam,Video,50.94,1,Netherlands,Credit Card,0
ORD007115,2024-05-29,CUST01004,Keyboard,Peripherals,124.74,2,Germany,Debit Card,0
ORD000471,2024-08-17,CUST01078,Keyboard,Peripherals,95.03,2,Poland,Bank Transfer,10
ORD002704,2024-05-15,CUST01002,Monitor,Displays,488.06,1,Canada,Bank Transfer,0
ORD003331,2024-11-20,CUST01001,Keyboard,Peripherals,112.04,3,USA,PayPal,0
ORD003638,2024-06-05,CUST01072,Mouse,Peripherals,85.0,3,Canada,Debit Card,10
ORD001397,2024-11-04,CUST01001,USB Hub,Peripherals,-2.98,4,Netherlands,Credit Card,0
ORD003585,2024-06-27,CUST01002,Keyboard,Peripherals,151.24,1,Germany,Credit Card,5
ORD007198,2024-05-28,CUST01001,Webcam,Video,110.67,3,UK,Debit Card,5
ORD005263,2024-04-18,CUST01023,Headphones,Audio,101.98,4,Canada,Bank Transfer,0
ORD005646,2024-02-17,CUST01090,Laptop,Computers,1096.67,3,France,Unknown,0
ORD003377,2024-03-29,CUST01009,HDMI Cable,Cables,27.82,2,Canada,PayPal,0
ORD001257,2024-05-23,CUST01001,Webcam,Video,117.66,4,UK,Unknown,10
ORD006191,2024-09-13,CUST01001,Keyboard,Peripherals,151.25,3,Canada,Bank Transfer,10
ORD003513,2024-04-08,CUST01162,Desk Lamp,Accessories,121.39,3,Germany,Debit Card,10
ORD005652,2024-02-08,CUST01001,Mouse,Peripherals,94.07,3,UK,Credit Card,15
ORD005779,2024-12-30,CUST01021,Desk Lamp,Accessories,80.46,3,France,Unknown,5
ORD001251,2024-04-08,CUST01002,Laptop,Computers,1039.1,1,USA,Bank Transfer,15
ORD005796,2024-02-02,CUST01007,Desk Lamp,Accessories,72.43,1,France,Bank Transfer,5
ORD005349,2024-11-07,CUST01001,Laptop,Computers,1072.93,3,Germany,Unknown,10
ORD007699,2024-07-15,CUST01002,Phone Stand,Accessories,42.25,1,UK,Unknown,0
ORD004299,2024-10-29,CUST01003,Keyboard,Peripherals,107.63,1,Germany,Debit Card,0
ORD003285,2024-12-19,CUST01005,Laptop,Computers,1097.96,4,France,PayPal,10
ORD002934,2024-09-17,CUST01009,Desk Lamp,Accessories,71.95,1,UK,Bank Transfer,0
ORD004176,2024-08-18,CUST01001,USB Hub,Peripherals,8.19,4,UK,Bank Transfer,15
ORD004911,2024-12-13,CUST01012,Desk Lamp,Accessories,106.12,2,Netherlands,Debit Card,0
ORD001853,2024-03-05,CUST01004,Monitor,Displays,485.36,2,Germany,Unknown,15
ORD006317,2024-12-13,CUST01001,Keyboard,Peripherals,154.31,1,UK,Credit Card,0
ORD006816,2024-10-23,CUST01003,Webcam,Video,81.29,1,France,Credit Card,5
ORD007502,2024-12-29,CUST01001,Mouse,Peripherals,73.73,1,USA,Bank Transfer,0
ORD007797,2024-09-19,CUST01002,Laptop,Computers,1064.07,1,Germany,Bank Transfer,10
ORD002106,2024-02-25,CUST01003,Phone Stand,Accessories,46.01,2,Netherlands,Debit Card,0
ORD000134,2024-04-19,CUST01001,Monitor,Displays,506.33,2,France,Bank Transfer,0
ORD005237,2024-10-18,CUST01001,Headphones,Audio,136.05,3,Canada,Bank Transfer,5
ORD005030,2024-12-02,CUST01001,Desk Lamp,Accessories,116.37,1,Canada,Debit Card,15
ORD000929,2024-02-12,CUST01001,Phone Stand,Accessories,32.78,4,Canada,Debit Card,0
ORD000824,2024-03-05,CUST01001,Mouse,Peripherals,104.57,1,Poland,Unknown,10
ORD007290,2024-08-21,CUST01007,Desk Lamp,Accessories,65.16,4,Germany,Bank Transfer,5
ORD001532,2024-02-09,CUST01001,Monitor,Displays,461.29,1,UK,Debit Card,0
ORD001215,2024-06-02,CUST01002,Headphones,Audio,160.14,1,USA,Bank Transfer,0
ORD000505,2024-01-17,CUST01002,Keyboard,Peripherals,157.69,2,France,Bank Transfer,0
ORD004286,2024-04-18,CUST01004,Headphones,Audio,116.96,2,Germany,Debit Card,10
ORD006492,2024-01-30,CUST01002,Laptop,Computers,1031.79,3,UK,PayPal,0
ORD001997,2024-06-13,CUST01048,Mouse,Peripherals,49.49,1,Poland,Debit Card,0
ORD006531,2024-03-09,CUST01001,USB Hub,Peripherals,-20.25,3,UK,Unknown,15
ORD003073,2024-03-14,CUST01003,Laptop,Computers,1088.32,1,France,Bank Transfer,15
ORD001959,2024-05-02,CUST01002,Headphones,Audio,104.89,3,Poland,Debit Card,0
ORD001385,2024-05-03,CUST01001,Webcam,Video,32.71,2,UK,Credit Card,0
ORD000895,2024-06-02,CUST01001,Keyboard,Peripherals,75.22,1,Canada,Unknown,0
ORD004925,2024-06-27,CUST01002,Mouse,Peripherals,25.35,1,Germany,PayPal,0
ORD000456,2024-05-16,CUST01001,Phone Stand,Accessories,65.01,2,UK,Debit Card,0
ORD006620,2024-09-12,CUST01001,USB Hub,Peripherals,23.02,1,Canada,Credit Card,0
ORD005780,2024-03-18,CUST01002,USB Hub,Peripherals,6.93,2,Poland,Bank Transfer,10
ORD007428,2024-03-24,CUST01001,Desk Lamp,Accessories,126.74,3,Canada,Credit Card,0
ORD003710,2024-04-05,CUST01002,Phone Stand,Accessories,2.77,2,France,Unknown,0
ORD007399,2024-03-05,CUST01004,Laptop,Computers,1085.56,4,UK,Debit Card,0
ORD004850,2024-11-19,CUST01007,Desk Lamp,Accessories,96.01,4,Canada,Credit Card,5
ORD004749,2024-06-17,CUST01006,HDMI Cable,Cables,26.71,4,USA,Unknown,0
ORD004269,2024-02-16,CUST01001,Laptop,Computers,1034.18,1,Poland,Unknown,15
ORD003523,2024-04-29,CUST01935,Laptop,Computers,1075.18,2,Canada,Bank Transfer,0
ORD004135,2024-12-01,CUST01001,Webcam,Video,92.58,3,UK,Bank Transfer,0
ORD003603,2024-05-16,CUST01001,Headphones,Audio,102.69,3,Canada,Bank Transfer,0
ORD007833,2024-01-25,CUST01005,Phone Stand,Accessories,61.12,3,Canada,Credit Card,0
ORD000714,2024-09-27,CUST01001,Mouse,Peripherals,11.66,1,USA,Credit Card,0
ORD004187,2024-01-10,CUST01089,Webcam,Video,86.83,3,USA,Bank Transfer,15
ORD002215,2024-01-05,CUST01002,Monitor,Displays,505.71,2,Germany,PayPal,15
ORD005302,2024-08-12,CUST01003,Desk Lamp,Accessories,81.97,4,Germany,Credit Card,0
ORD002924,2024-07-17,CUST01001,HDMI Cable,Cables,17.75,3,Canada,PayPal,0
ORD007269,2024-10-03,CUST01003,HDMI Cable,Cables,65.57,1,Netherlands,Debit Card,0
ORD001811,2024-03-16,CUST01001,Desk Lamp,Accessories,106.6,3,Netherlands,Unknown,0
ORD003487,2024-11-10,CUST01140,Phone Stand,Accessories,54.75,1,UK,Debit Card,5
ORD003142,2024-03-31,CUST01002,Monitor,Displays,527.62,4,USA,Unknown,0
ORD001828,2024-05-03,CUST01001,Laptop,Computers,1086.14,4,France,Debit Card,0
ORD001156,2024-10-25,CUST01003,Mouse,Peripherals,88.04,3,France,PayPal,10
ORD001325,2024-12-21,CUST01024,Mouse,Peripherals,62.83,4,USA,Bank Transfer,0
ORD004313,2024-09-02,CUST01908,Keyboard,Peripherals,111.44,1,France,Bank Transfer,15
ORD000511,2024-08-04,CUST01043,Headphones,Audio,92.73,1,Canada,Credit Card,0
ORD001681,2024-03-04,CUST01020,Mouse,Peripherals,89.44,3,Canada,Credit Card,0
ORD000500,2024-09-21,CUST01001,Headphones,Audio,169.59,2,France,Unknown,0
ORD007276,2024-07-02,CUST01001,Webcam,Video,82.08,1,UK,Debit Card,0
ORD001857,2024-01-16,CUST01001,Desk Lamp,Accessories,81.57,2,Germany,PayPal,10
ORD001389,2024-08-13,CUST01001,USB Hub,Peripherals,29.78,1,Netherlands,Debit Card,0
ORD005616,2024-11-03,CUST01001,Desk Lamp,Accessories,86.16,4,USA,Debit Card,0
ORD003720,2024-08-05,CUST01001,Phone Stand,Accessories,48.51,2,France,Credit Card,15
ORD002387,2024-02-26,CUST01003,Webcam,Video,88.81,3,France,Unknown,0
ORD005542,2024-05-20,CUST01001,Keyboard,Peripherals,132.66,3,UK,PayPal,10
ORD003237,2024-07-01,CUST01001,Mouse,Peripherals,53.15,3,Netherlands,Unknown,0
ORD006173,2024-02-12,CUST01001,Keyboard,Peripherals,165.05,4,France,Debit Card,5
ORD001541,2024-12-13,CUST01005,Mouse,Peripherals,96.69,4,France,Unknown,0
ORD001218,2024-04-10,CUST01001,Webcam,Video,68.47,1,UK,Debit Card,5
ORD002682,2024-08-05,CUST01033,Headphones,Audio,137.99,1,France,Debit Card,0
ORD007837,2024-10-30,CUST01005,Laptop,Computers,1094.82,4,UK,Credit Card,0
ORD002994,2024-08-16,CUST01001,Headphones,Audio,84.08,2,Canada,Unknown,10
ORD005513,2024-08-23,CUST01011,USB Hub,Peripherals,0.0,1,USA,PayPal,0
ORD006314,2024-05-11,CUST01001,Monitor,Displays,516.15,3,France,Unknown,5
ORD001192,2024-01-09,CUST01007,Mouse,Peripherals,69.32,3,UK,Unknown,5
ORD005773,2024-08-05,CUST01001,Keyboard,Peripherals,80.73,1,Poland,Credit Card,5
ORD005294,2024-11-22,CUST01002,USB Hub,Peripherals,-23.66,3,Poland,Unknown,5
ORD001543,2024-10-26,CUST01001,Laptop,Computers,1064.26,4,Netherlands,Unknown,5
ORD003302,2024-08-27,CUST01001,Desk Lamp,Accessories,131.5,4,Germany,Debit Card,0
ORD003325,2024-11-20,CUST01061,Monitor,Displays,504.56,3,UK,Bank Transfer,5
ORD007057,2024-01-13,CUST01411,Keyboard,Peripherals,77.24,1,Germany,PayPal,0
ORD002540,2024-01-25,CUST01071,USB Hub,Peripherals,46.71,3,France,Unknown,5
ORD000954,2024-05-22,CUST01001,Desk Lamp,Accessories,78.55,2,Netherlands,Credit Card,5
ORD007177,2024-08-04,CUST01031,Laptop,Computers,1080.0,3,Canada,Bank Transfer,0
ORD006732,2024-02-11,CUST01018,Mouse,Peripherals,17.74,4,Netherlands,Credit Card,5
ORD004847,2024-02-23,CUST01001,Mouse,Peripherals,75.47,2,Germany,Credit Card,0
ORD006802,2024-01-20,CUST01001,Monitor,Displays,478.55,3,Germany,PayPal,0
ORD004331,2024-06-10,CUST01046,Laptop,Computers,1020.92,3,UK,Bank Transfer,0
ORD000733,2024-09-29,CUST01001,HDMI Cable,Cables,-1.57,1,Netherlands,Unknown,0
ORD001157,2024-10-30,CUST01001,Mouse,Peripherals,85.36,2,Canada,Bank Transfer,0
ORD007427,2024-03-17,CUST01217,Mouse,Peripherals,41.48,4,Canada,Unknown,5
ORD003295,2024-03-21,CUST01002,Laptop,Computers,1109.4,2,USA,Credit Card,0
ORD006542,2024-07-09,CUST01001,Mouse,Peripherals,66.49,1,Poland,Bank Transfer,5
ORD002983,2024-07-20,CUST01094,Monitor,Displays,495.4,3,France,Credit Card,0
ORD005306,2024-06-14,CUST01174,Mouse,Peripherals,51.37,2,USA,Debit Card,5
ORD005162,2024-07-25,CUST01045,Monitor,Displays,471.83,3,UK,Credit Card,0
ORD002157,2024-08-19,CUST01001,Headphones,Audio,165.66,3,Poland,PayPal,15
ORD001063,2024-01-16,CUST01002,Laptop,Computers,1013.86,2,USA,Unknown,5
ORD002617,2024-02-02,CUST01001,Desk Lamp,Accessories,102.58,1,Netherlands,Unknown,0
ORD001168,2024-02-09,CUST01012,USB Hub,Peripherals,12.38,4,France,Debit Card,0
ORD003223,2024-03-30,CUST01001,Laptop,Computers,1110.35,4,Poland,PayPal,0
ORD003637,2024-06-26,CUST01002,Webcam,Video,54.92,4,France,Unknown,5
ORD005589,2024-08-29,CUST01002,Monitor,Displays,495.67,3,Germany,Credit Card,15
ORD002939,2024-05-14,CUST01012,HDMI Cable,Cables,34.08,4,UK,Debit Card,0
ORD007092,2024-03-14,CUST01003,Mouse,Peripherals,32.24,1,Germany,Credit Card,0
ORD007193,2024-07-08,CUST01001,USB Hub,Peripherals,1.68,4,Canada,Bank Transfer,0
ORD004492,2024-07-06,CUST01005,HDMI Cable,Cables,42.82,3,UK,Credit Card,15
ORD003141,2024-08-18,CUST01001,Phone Stand,Accessories,44.5,1,Canada,Credit Card,5
ORD004981,2024-12-22,CUST01001,Monitor,Displays,534.04,2,Netherlands,Unknown,5
ORD000144,2024-06-27,CUST01001,Desk Lamp,Accessories,60.47,1,Poland,Debit Card,0
ORD007942,2024-01-24,CUST01001,Laptop,Computers,1075.21,1,Germany,Bank Transfer,0
ORD003578,2024-10-05,CUST01003,Mouse,Peripherals,88.98,3,Poland,Unknown,0
ORD004947,2024-05-10,CUST01001,USB Hub,Peripherals,46.19,1,UK,Credit Card,0
ORD002783,2024-07-26,CUST01001,Desk Lamp,Accessories,43.52,1,France,Bank Transfer,15
ORD000718,2024-10-17,CUST01004,Webcam,Video,89.5,4,UK,Debit Card,0
ORD001820,2024-04-16,CUST01011,HDMI Cable,Cables,-1.85,3,France,Debit Card,15
ORD002503,2024-06-12,CUST01028,Webcam,Video,33.68,1,UK,PayPal,0
ORD004361,2024-03-14,CUST01002,Mouse,Peripherals,44.64,3,Canada,Unknown,0
ORD004172,2024-09-02,CUST01001,HDMI Cable,Cables,-2.09,3,Poland,Unknown,0
ORD006589,2024-12-02,CUST01054,Headphones,Audio,105.83,1,UK,Credit Card,0
ORD000396,2024-11-22,CUST01003,Phone Stand,Accessories,25.09,3,Germany,Unknown,15
ORD005732,2024-07-26,CUST01010,Phone Stand,Accessories,-17.72,2,Germany,Unknown,10
ORD006321,2024-01-14,CUST01002,Monitor,Displays,520.87,3,Canada,Debit Card,0
ORD007187,2024-02-17,CUST01006,HDMI Cable,Cables,-23.67,2,Netherlands,Bank Transfer,0
ORD007744,2024-06-04,CUST01005,Mouse,Peripherals,67.44,3,USA,Unknown,15
ORD004493,2024-04-15,CUST01080,Headphones,Audio,94.32,3,Netherlands,Debit Card,0
ORD001366,2024-11-13,CUST01003,Keyboard,Peripherals,97.68,1,Netherlands,Unknown,0
ORD007311,2024-03-30,CUST01029,Desk Lamp,Accessories,113.96,4,Canada,Bank Transfer,0
ORD006000,2024-04-02,CUST01001,Laptop,Computers,1094.32,2,USA,Credit Card,5
ORD000596,2024-06-17,CUST01001,USB Hub,Peripherals,-2.43,1,Germany,Bank Transfer,0
ORD006206,2024-10-20,CUST01001,Desk Lamp,Accessories,133.7,3,Canada,Credit Card,15
ORD003953,2024-01-11,CUST01001,USB Hub,Peripherals,41.33,1,Germany,Bank Transfer,10
ORD005393,2024-12-15,CUST01002,Mouse,Peripherals,56.08,4,France,PayPal,15
ORD005918,2024-09-02,CUST01190,Webcam,Video,34.51,2,Netherlands,Debit Card,0
ORD004969,2024-01-01,CUST01006,Mouse,Peripherals,-100.0,1,Canada,PayPal,0
ORD002915,2024-05-15,CUST01001,HDMI Cable,Cables,-27.73,3,USA,Unknown,0
ORD007896,2024-12-28,CUST01002,Monitor,Displays,495.66,4,Canada,PayPal,15
ORD002327,2024-06-15,CUST01008,HDMI Cable,Cables,17.26,2,Canada,Bank Transfer,0
ORD005645,2024-02-16,CUST01075,Laptop,Computers,1103.47,2,France,PayPal,0
ORD003767,2024-10-26,CUST01003,Keyboard,Peripherals,75.98,2,USA,Debit Card,0
ORD003441,2024-06-14,CUST01001,Laptop,Computers,1093.1,4,USA,Credit Card,10
ORD003852,2024-08-11,CUST01001,Keyboard,Peripherals,79.57,1,Netherlands,Bank Transfer,0
ORD004133,2024-02-04,CUST01091,Phone Stand,Accessories,19.9,1,Poland,Debit Card,0
ORD006807,2024-03-26,CUST01002,Keyboard,Peripherals,73.72,2,Germany,Bank Transfer,15
ORD007354,2024-11-06,CUST01022,HDMI Cable,Cables,-15.93,1,USA,Bank Transfer,15
ORD002144,2024-10-28,CUST01003,HDMI Cable,Cables,-6.68,3,USA,Credit Card,15
ORD007396,2024-03-20,CUST01033,Monitor,Displays,533.14,4,Netherlands,Credit Card,0
ORD005074,2024-03-28,CUST01002,Phone Stand,Accessories,51.89,1,Canada,Debit Card,5
ORD001572,2024-05-22,CUST01002,Mouse,Peripherals,40.41,3,France,PayPal,0
ORD004080,2024-01-17,CUST01002,Monitor,Displays,520.56,4,USA,Bank Transfer,10
ORD001123,2024-01-30,CUST01012,Mouse,Peripherals,34.08,4,Netherlands,Bank Transfer,10
ORD002787,2024-01-27,CUST01002,Laptop,Computers,1041.23,1,UK,Unknown,0
ORD006336,2024-01-27,CUST01001,Phone Stand,Accessories,63.18,1,Germany,Credit Card,0
ORD002968,2024-01-05,CUST01625,Monitor,Displays,496.77,3,USA,Unknown,5
ORD002505,2024-08-16,CUST01004,Laptop,Computers,1104.55,4,UK,PayPal,0
ORD005989,2024-06-26,CUST01001,Headphones,Audio,90.69,1,Germany,Credit Card,15
ORD003466,2024-10-20,CUST01001,Webcam,Video,87.8,2,Poland,Bank Transfer,0
ORD000676,2024-07-22,CUST01005,USB Hub,Peripherals,7.29,1,Poland,Credit Card,10
ORD002809,2024-01-04,CUST01255,Mouse,Peripherals,58.27,3,Germany,PayPal,10
ORD007165,2024-02-05,CUST01206,Webcam,Video,46.74,2,Germany,Credit Card,5
ORD003349,2024-10-26,CUST01001,Keyboard,Peripherals,110.31,4,UK,Credit Card,15
ORD000729,2024-06-09,CUST01004,Headphones,Audio,103.2,4,France,Credit Card,0
ORD000413,2024-02-03,CUST01007,HDMI Cable,Cables,59.9,1,Canada,Credit Card,0
ORD003147,2024-12-07,CUST01430,Phone Stand,Accessories,55.52,3,Canada,PayPal,5
ORD001517,2024-04-13,CUST01001,Headphones,Audio,105.08,2,Germany,PayPal,0
ORD005746,2024-05-19,CUST01001,Phone Stand,Accessories,14.09,4,UK,Debit Card,0
ORD000826,2024-06-01,CUST01001,Monitor,Displays,440.19,3,USA,Debit Card,0
ORD003975,2024-10-25,CUST01014,Desk Lamp,Accessories,114.67,4,Netherlands,PayPal,10
ORD000617,2024-06-17,CUST01002,USB Hub,Peripherals,25.07,3,Netherlands,Debit Card,15
ORD000115,2024-03-24,CUST01001,Phone Stand,Accessories,20.85,3,Netherlands,Credit Card,0
ORD000418,2024-11-20,CUST01009,USB Hub,Peripherals,31.7,4,Poland,Unknown,0
ORD003070,2024-12-10,CUST01001,Mouse,Peripherals,15.39,4,Canada,PayPal,0
ORD001626,2024-03-26,CUST01004,Phone Stand,Accessories,71.42,1,Poland,Debit Card,0
ORD007114,2024-11-17,CUST01001,Webcam,Video,106.75,3,Germany,Debit Card,0
ORD006749,2024-12-30,CUST01002,Laptop,Computers,1077.96,1,France,Credit Card,0
ORD004186,2024-03-09,CUST01021,Desk Lamp,Accessories,109.36,1,Germany,Credit Card,0
ORD002897,2024-12-21,CUST01003,Laptop,Computers,1105.21,1,Canada,Bank Transfer,0
ORD007488,2024-11-06,CUST01004,Phone Stand,Accessories,38.74,4,Canada,Bank Transfer,0
ORD002083,2024-03-15,CUST01001,Mouse,Peripherals,85.71,3,Canada,Bank Transfer,0
ORD000754,2024-09-28,CUST01001,Laptop,Computers,1074.79,2,France,Bank Transfer,5
ORD002547,2024-07-09,CUST01013,Webcam,Video,56.06,3,Poland,Bank Transfer,10
ORD003970,2024-06-04,CUST01002,Webcam,Video,103.42,4,Poland,Bank Transfer,0
ORD003374,2024-04-04,CUST01005,HDMI Cable,Cables,24.61,2,Germany,Debit Card,0
ORD005727,2024-08-17,CUST01003,USB Hub,Peripherals,-18.66,2,Poland,PayPal,15
ORD004108,2024-05-28,CUST01003,Laptop,Computers,1043.64,3,Poland,Debit Card,15
ORD002445,2024-07-30,CUST01002,Laptop,Computers,1105.19,4,France,PayPal,5
ORD004381,2024-03-08,CUST01001,Phone Stand,Accessories,-11.06,1,USA,Credit Card,0
ORD001067,2024-05-20,CUST01001,Webcam,Video,40.66,1,Poland,Unknown,5
ORD003914,2024-04-07,CUST01022,Laptop,Computers,1061.79,2,Poland,Bank Transfer,0
ORD005288,2024-08-09,CUST01011,Webcam,Video,30.38,4,UK,Debit Card,5
ORD005537,2024-02-11,CUST01013,HDMI Cable,Cables,-28.59,1,Poland,Debit Card,0
ORD005388,2024-06-16,CUST01005,USB Hub,Peripherals,-26.36,2,Poland,PayPal,15
ORD005733,2024-10-30,CUST01158,HDMI Cable,Cables,-32.82,4,Canada,Unknown,0
ORD003499,2024-11-05,CUST01007,Laptop,Computers,1092.08,3,Poland,PayPal,0
ORD002739,2024-10-23,CUST01005,Monitor,Displays,522.68,3,UK,Credit Card,5
ORD005053,2024-07-02,CUST01001,Webcam,Video,52.79,1,France,Debit Card,15
ORD004001,2024-01-13,CUST01001,Laptop,Computers,1045.72,4,Poland,Unknown,10
ORD001569,2024-08-09,CUST01001,Laptop,Computers,1012.59,2,Poland,Credit Card,15
ORD002428,2024-05-04,CUST01036,Keyboard,Peripherals,145.99,4,France,PayPal,0
ORD003747,2024-03-08,CUST01001,Monitor,Displays,512.12,2,France,Credit Card,0
ORD006834,2024-02-01,CUST01051,Keyboard,Peripherals,170.68,2,UK,Unknown,5
ORD007431,2024-08-21,CUST01004,Phone Stand,Accessories,-16.72,4,France,Unknown,0
ORD001688,2024-02-19,CUST01002,Phone Stand,Accessories,58.72,2,Canada,Unknown,0
ORD000852,2024-06-14,CUST01002,Phone Stand,Accessories,69.45,1,Canada,PayPal,5
ORD003547,2024-04-09,CUST01002,Phone Stand,Accessories,27.41,2,USA,Bank Transfer,5
ORD006304,2024-04-08,CUST01003,Laptop,Computers,1015.62,2,Canada,Bank Transfer,0
ORD000896,2024-11-21,CUST01019,USB Hub,Peripherals,38.58,3,Poland,Debit Card,5
ORD004593,2024-11-27,CUST01039,USB Hub,Peripherals,-22.17,4,France,Unknown,0
ORD006402,2024-05-08,CUST01012,Monitor,Displays,441.25,3,France,Bank Transfer,0
ORD005879,2024-10-19,CUST01001,Laptop,Computers,1083.99,2,Canada,PayPal,10
ORD000336,2024-08-12,CUST01041,Headphones,Audio,117.43,2,France,Bank Transfer,5
ORD002840,2024-05-10,CUST01008,Mouse,Peripherals,60.63,3,UK,Unknown,0
ORD003088,2024-02-07,CUST01001,USB Hub,Peripherals,-19.87,1,USA,Unknown,15
ORD004612,2024-10-06,CUST01002,Webcam,Video,93.96,4,France,Unknown,0
ORD001349,2024-04-11,CUST01014,Headphones,Audio,104.85,4,Netherlands,Bank Transfer,0
ORD001016,2024-06-22,CUST01500,Laptop,Computers,1068.89,2,Poland,Unknown,15
ORD002817,2024-09-23,CUST01006,Monitor,Displays,461.44,4,USA,Debit Card,0
ORD001632,2024-11-03,CUST01001,Mouse,Peripherals,10.0,1,Germany,Credit Card,0
ORD002490,2024-05-28,CUST01001,HDMI Cable,Cables,-27.02,3,USA,Debit Card,10
ORD003731,2024-11-26,CUST01190,USB Hub,Peripherals,33.29,1,Canada,Bank Transfer,0
ORD006906,2024-03-04,CUST01003,Mouse,Peripherals,36.95,3,UK,Bank Transfer,0
ORD003252,2024-07-04,CUST01001,Webcam,Video,118.67,1,USA,Unknown,15
ORD007425,2024-01-09,CUST01011,HDMI Cable,Cables,38.53,2,UK,Unknown,0
ORD007268,2024-02-04,CUST01005,HDMI Cable,Cables,-29.4,4,UK,Unknown,0
ORD005878,2024-11-30,CUST01001,Monitor,Displays,521.06,3,UK,Bank Transfer,0
ORD006666,2024-11-09,CUST01003,Webcam,Video,33.26,3,Poland,Credit Card,0
ORD005882,2024-08-01,CUST01004,Laptop,Computers,1053.24,4,France,Debit Card,0
ORD002071,2024-01-10,CUST01002,USB Hub,Peripherals,25.11,4,USA,Credit Card,0
ORD004453,2024-12-29,CUST01001,Laptop,Computers,1062.53,1,Netherlands,Unknown,0
ORD007821,2024-03-14,CUST01042,HDMI Cable,Cables,52.45,4,France,Credit Card,0
ORD005409,2024-06-28,CUST01002,Keyboard,Peripherals,160.38,3,Canada,Unknown,0
ORD001636,2024-10-02,CUST01083,USB Hub,Peripherals,64.54,1,Poland,Bank Transfer,15
ORD004647,2024-11-01,CUST01001,Monitor,Displays,523.79,4,UK,Credit Card,0
ORD006485,2024-12-18,CUST01034,Laptop,Computers,1026.76,3,Netherlands,Unknown,10
ORD002480,2024-05-16,CUST01002,Phone Stand,Accessories,73.49,3,Poland,Unknown,10
ORD006618,2024-09-09,CUST01020,Webcam,Video,38.46,4,USA,Credit Card,0
ORD002266,2024-08-07,CUST01070,USB Hub,Peripherals,40.23,3,Netherlands,PayPal,0
ORD002960,2024-06-30,CUST01001,USB Hub,Peripherals,64.49,3,Germany,Debit Card,0
ORD005324,2024-04-20,CUST01035,Webcam,Video,88.75,2,USA,Debit Card,0
ORD007576,2024-09-03,CUST01007,Monitor,Displays,518.88,2,Germany,Bank Transfer,5
ORD003060,2024-09-03,CUST01003,Monitor,Displays,470.07,2,USA,Bank Transfer,0
ORD005054,2024-04-29,CUST01005,Desk Lamp,Accessories,60.68,2,USA,Unknown,0
ORD005870,2024-06-27,CUST01014,Keyboard,Peripherals,87.27,4,Germany,PayPal,5
ORD002142,2024-03-04,CUST01001,Monitor,Displays,438.73,2,France,Debit Card,10
ORD005105,2024-04-14,CUST01001,Laptop,Computers,1076.7,1,USA,Unknown,0
ORD003119,2024-12-13,CUST01003,Monitor,Displays,472.8,1,UK,Credit Card,10
ORD005189,2024-05-21,CUST01079,Mouse,Peripherals,85.71,4,Poland,Bank Transfer,5
ORD007567,2024-07-30,CUST01007,USB Hub,Peripherals,-20.34,4,Canada,Bank Transfer,0
ORD004046,2024-01-06,CUST01001,Webcam,Video,106.85,2,UK,Credit Card,10
ORD003357,2024-04-28,CUST01002,Webcam,Video,84.55,4,Germany,Unknown,0
ORD002745,2024-11-30,CUST01006,Desk Lamp,Accessories,46.21,1,France,Debit Card,0
ORD007254,2024-01-01,CUST01002,Keyboard,Peripherals,79.07,3,USA,PayPal,5
ORD005093,2024-07-27,CUST01010,HDMI Cable,Cables,-30.42,2,USA,Debit Card,0
ORD003507,2024-02-01,CUST01002,HDMI Cable,Cables,31.11,2,UK,PayPal,0
ORD001680,2024-10-06,CUST01001,HDMI Cable,Cables,-28.46,3,Canada,PayPal,15
ORD004250,2024-05-26,CUST01006,Mouse,Peripherals,50.38,1,UK,PayPal,0
ORD003148,2024-01-24,CUST01006,Mouse,Peripherals,52.55,1,UK,Debit Card,10
ORD007005,2024-07-03,CUST01002,Laptop,Computers,1049.41,4,Canada,Credit Card,10
ORD006934,2024-01-18,CUST01010,Monitor,Displays,482.6,3,Poland,Bank Transfer,10
ORD000581,2024-02-20,CUST01006,Laptop,Computers,1043.27,4,France,Unknown,0
ORD001471,2024-10-25,CUST01042,Desk Lamp,Accessories,61.06,4,Germany,Bank Transfer,15
ORD004800,2024-11-09,CUST01008,HDMI Cable,Cables,27.86,2,France,Unknown,0
ORD004071,2024-09-09,CUST01005,Desk Lamp,Accessories,82.37,4,UK,Unknown,10
ORD005309,2024-02-22,CUST01001,Keyboard,Peripherals,80.8,2,USA,Debit Card,0
ORD003344,2024-07-04,CUST01001,Webcam,Video,40.42,4,UK,Unknown,0
ORD004993,2024-11-07,CUST01595,Laptop,Computers,1031.37,3,Netherlands,Credit Card,0
ORD007405,2024-06-26,CUST01002,Keyboard,Peripherals,147.85,3,Netherlands,Bank Transfer,5
ORD004584,2024-04-23,CUST01004,Webcam,Video,23.41,1,Poland,Debit Card,0
ORD003673,2024-10-09,CUST01002,Laptop,Computers,1075.67,1,USA,Debit Card,10
ORD000560,2024-05-07,CUST01002,Monitor,Displays,488.5,3,Germany,Bank Transfer,0
ORD005238,2024-11-11,CUST01004,HDMI Cable,Cables,-33.12,3,UK,PayPal,0
ORD005216,2024-01-21,CUST01001,USB Hub,Peripherals,51.27,4,Canada,PayPal,0
ORD002850,2024-03-04,CUST01002,Phone Stand,Accessories,35.92,1,Poland,PayPal,15
ORD000513,2024-12-20,CUST01001,Webcam,Video,73.64,2,France,Debit Card,15
ORD004730,2024-08-14,CUST01001,Phone Stand,Accessories,-15.31,3,USA,Debit Card,10
ORD001082,2024-08-25,CUST01001,Monitor,Displays,523.19,4,Canada,Credit Card,0
ORD001665,2024-10-15,CUST01001,Phone Stand,Accessories,-20.63,3,Germany,Bank Transfer,0
ORD001013,2024-12-03,CUST01018,Monitor,Displays,501.97,1,UK,Debit Card,0
ORD001932,2024-05-01,CUST01002,Mouse,Peripherals,54.01,1,France,Debit Card,0
ORD001151,2024-10-28,CUST01001,HDMI Cable,Cables,3.66,2,Germany,Debit Card,10
ORD002839,2024-07-24,CUST01010,Keyboard,Peripherals,165.55,1,Canada,PayPal,0
ORD005950,2024-10-22,CUST01042,Phone Stand,Accessories,59.36,3,Netherlands,Unknown,0
ORD000117,2024-10-25,CUST01002,HDMI Cable,Cables,-17.96,3,France,Bank Transfer,0
ORD000741,2024-02-12,CUST01008,Webcam,Video,35.63,3,Poland,Bank Transfer,0
ORD007695,2024-01-18,CUST01002,Monitor,Displays,465.34,3,Canada,PayPal,0
ORD006071,2024-06-12,CUST01019,USB Hub,Peripherals,18.38,3,Germany,Bank Transfer,10
ORD005178,2024-05-12,CUST01001,Keyboard,Peripherals,142.68,3,Poland,PayPal,10
ORD003676,2024-07-25,CUST01001,HDMI Cable,Cables,4.8,1,Germany,Unknown,5
ORD005907,2024-12-25,CUST01172,Monitor,Displays,460.09,3,Netherlands,Bank Transfer,0
ORD000831,2024-01-05,CUST01008,Headphones,Audio,156.66,4,USA,PayPal,10
ORD000120,2024-07-05,CUST01001,HDMI Cable,Cables,-6.92,1,Poland,Unknown,10
ORD004753,2024-10-02,CUST01031,Laptop,Computers,1050.31,2,France,PayPal,15
ORD007650,2024-08-22,CUST01003,Mouse,Peripherals,99999.0,4,UK,Credit Card,5
ORD007924,2024-05-03,CUST01001,Phone Stand,Accessories,18.48,2,Netherlands,Unknown,15
ORD000636,2024-11-21,CUST01002,Monitor,Displays,438.6,4,Netherlands,PayPal,0
ORD004466,2024-06-25,CUST01007,HDMI Cable,Cables,18.7,2,Netherlands,Debit Card,5
ORD004365,2024-07-05,CUST01204,Phone Stand,Accessories,52.85,3,Netherlands,Credit Card,10
ORD006800,2024-04-25,CUST01001,Phone Stand,Accessories,63.08,2,UK,Unknown,15
ORD007080,2024-02-01,CUST01005,HDMI Cable,Cables,-11.62,3,Canada,Credit Card,0
ORD006967,2024-09-30,CUST01001,Desk Lamp,Accessories,47.6,2,Poland,Unknown,15
ORD007011,2024-07-20,CUST01001,Webcam,Video,118.18,3,Germany,Debit Card,0
ORD004143,2024-09-16,CUST01019,USB Hub,Peripherals,1.52,2,UK,Debit Card,0
ORD007028,2024-06-12,CUST01002,Monitor,Displays,497.68,3,USA,Bank Transfer,10
ORD000992,2024-07-16,CUST01001,Phone Stand,Accessories,36.32,1,Germany,Bank Transfer,0
ORD000877,2024-08-26,CUST01001,Monitor,Displays,527.14,4,Germany,Credit Card,0
ORD004870,2024-10-27,CUST01836,HDMI Cable,Cables,22.25,1,Poland,PayPal,0
ORD005316,2024-07-30,CUST01002,HDMI Cable,Cables,19.82,1,Germany,PayPal,5
ORD005223,2024-09-12,CUST01001,HDMI Cable,Cables,36.16,4,Netherlands,Debit Card,0
ORD000005,2024-03-07,CUST01079,USB Hub,Peripherals,-0.85,2,USA,Unknown,0
ORD003052,2024-02-03,CUST01002,HDMI Cable,Cables,32.21,2,Netherlands,Bank Transfer,0
ORD005692,2024-05-09,CUST01001,HDMI Cable,Cables,29.76,2,Poland,Bank Transfer,5
ORD003125,2024-03-14,CUST01001,Keyboard,Peripherals,76.49,1,France,Unknown,0
ORD006408,2024-11-30,CUST01004,Laptop,Computers,1099.62,2,USA,Bank Transfer,0
ORD007137,2024-10-02,CUST01002,Laptop,Computers,1070.3,1,Germany,Bank Transfer,0
ORD002661,2024-08-23,CUST01001,USB Hub,Peripherals,33.72,4,Canada,Credit Card,0
ORD002492,2024-10-06,CUST01001,Desk Lamp,Accessories,126.83,2,USA,Credit Card,5
ORD007147,2024-07-08,CUST01001,Desk Lamp,Accessories,98.02,3,USA,Bank Transfer,0
ORD005174,2024-12-07,CUST01002,HDMI Cable,Cables,61.78,2,Canada,Bank Transfer,10
ORD003855,2024-02-08,CUST01006,Phone Stand,Accessories,65.7,2,Canada,Debit Card,5
ORD004934,2024-05-12,CUST01002,Laptop,Computers,1102.74,3,Poland,Debit Card,0
ORD004778,2024-11-26,CUST01003,Keyboard,Peripherals,100.34,4,France,Unknown,15
ORD001716,2024-01-23,CUST01073,Keyboard,Peripherals,110.43,1,Canada,Bank Transfer,10
ORD006449,2024-01-15,CUST01285,Keyboard,Peripherals,99999.0,4,Canada,PayPal,10
ORD006714,2024-06-05,CUST01002,USB Hub,Peripherals,28.86,3,Netherlands,Debit Card,10
ORD006458,2024-01-26,CUST01003,Webcam,Video,0.0,2,UK,Unknown,0
ORD006294,2024-10-10,CUST01043,Headphones,Audio,93.25,2,Poland,Debit Card,0
ORD001149,2024-11-14,CUST01001,Webcam,Video,55.11,1,Netherlands,Bank Transfer,15
ORD003262,2024-01-04,CUST01005,Phone Stand,Accessories,-18.31,3,USA,Debit Card,0
ORD000575,2024-08-19,CUST01005,Keyboard,Peripherals,100.46,1,Poland,Unknown,0
ORD003770,2024-11-23,CUST01003,Keyboard,Peripherals,167.55,2,Canada,Unknown,0
ORD003737,2024-08-30,CUST01001,Mouse,Peripherals,35.51,3,Canada,Bank Transfer,0
ORD004147,2024-07-16,CUST01001,Headphones,Audio,164.19,4,Canada,PayPal,0
ORD000854,2024-06-09,CUST01001,Monitor,Displays,475.05,1,USA,Unknown,10
ORD001983,2024-08-10,CUST01001,Phone Stand,Accessories,18.32,3,Netherlands,Debit Card,5
ORD002775,2024-11-07,CUST01011,Webcam,Video,94.8,1,Netherlands,Unknown,0
ORD005920,2024-11-21,CUST01003,Monitor,Displays,525.75,4,France,PayPal,0
ORD004930,2024-10-23,CUST01003,Monitor,Displays,461.75,4,UK,Unknown,15
ORD005212,2024-06-22,CUST01004,Mouse,Peripherals,88.87,3,Netherlands,Credit Card,10
ORD001167,2024-10-11,CUST01035,USB Hub,Peripherals,15.02,2,Canada,PayPal,0
ORD006615,2024-10-25,CUST01007,Headphones,Audio,162.5,2,Canada,Credit Card,0
ORD006003,2024-12-23,CUST01006,Keyboard,Peripherals,103.32,4,UK,Credit Card,0
ORD000972,2024-10-08,CUST01007,Laptop,Computers,1093.1,2,USA,Debit Card,0
ORD002702,2024-07-08,CUST01002,Keyboard,Peripherals,0.0,3,Germany,Unknown,0
ORD004496,2024-04-14,CUST01003,Laptop,Computers,1045.66,1,Canada,Unknown,0
ORD003848,2024-07-19,CUST01001,Monitor,Displays,518.78,1,USA,Debit Card,0
ORD002369,2024-06-11,CUST01032,USB Hub,Peripherals,68.38,2,USA,PayPal,0
ORD004116,2024-09-03,CUST01001,Mouse,Peripherals,77.95,2,USA,Debit Card,0
ORD004781,2024-02-08,CUST01067,Phone Stand,Accessories,68.22,4,Netherlands,Unknown,10
ORD004132,2024-02-19,CUST01001,HDMI Cable,Cables,49.08,4,Netherlands,Credit Card,5
ORD002951,2024-03-12,CUST01001,Webcam,Video,44.58,4,Netherlands,Bank Transfer,0
ORD005626,2024-01-21,CUST01002,HDMI Cable,Cables,27.49,4,Poland,Debit Card,15
ORD006972,2024-07-14,CUST01002,HDMI Cable,Cables,-1.01,1,Canada,PayPal,10
ORD000525,2024-10-07,CUST01006,Headphones,Audio,101.89,2,UK,PayPal,0
ORD002456,2024-03-14,CUST01003,Phone Stand,Accessories,44.41,2,Germany,Debit Card,10
ORD005017,2024-04-04,CUST01003,Headphones,Audio,112.79,1,Germany,PayPal,0
ORD001842,2024-10-24,CUST01001,Laptop,Computers,1093.49,4,UK,Unknown,10
ORD005987,2024-07-02,CUST01001,USB Hub,Peripherals,-17.83,1,Germany,PayPal,10
ORD000538,2024-09-02,CUST01001,Desk Lamp,Accessories,66.33,1,USA,Debit Card,5
ORD002807,2024-07-01,CUST01001,Desk Lamp,Accessories,58.91,1,UK,Unknown,0
ORD005802,2024-12-25,CUST01002,Desk Lamp,Accessories,95.08,2,Netherlands,Credit Card,10
ORD005597,2024-11-13,CUST01001,Webcam,Video,95.39,2,Canada,Debit Card,0
ORD007207,2024-07-25,CUST01380,Keyboard,Peripherals,142.54,2,UK,Unknown,5
ORD007344,2024-07-17,CUST01001,Webcam,Video,85.96,3,Poland,Unknown,15
ORD004342,2024-08-06,CUST01001,Keyboard,Peripherals,161.51,4,France,Credit Card,0
ORD003176,2024-07-14,CUST01003,Mouse,Peripherals,26.4,1,Poland,Credit Card,0
ORD000785,2024-01-07,CUST01009,Phone Stand,Accessories,38.72,2,Canada,Credit Card,0
ORD004058,2024-12-23,CUST01011,Mouse,Peripherals,17.32,2,USA,PayPal,0
ORD001410,2024-12-06,CUST01001,USB Hub,Peripherals,-20.83,1,France,Unknown,5
ORD002538,2024-05-28,CUST01001,Monitor,Displays,519.84,3,Poland,Debit Card,0
ORD000155,2024-02-02,CUST01002,Keyboard,Peripherals,125.28,4,UK,Debit Card,0
ORD003010,2024-10-13,CUST01001,Keyboard,Peripherals,82.92,2,Canada,Credit Card,0
ORD001687,2024-01-10,CUST01001,Monitor,Displays,0.0,1,Canada,Credit Card,10
ORD002902,2024-01-01,CUST01006,Keyboard,Peripherals,94.29,3,France,Credit Card,0
ORD007936,2024-02-21,CUST01001,Phone Stand,Accessories,28.64,2,France,Unknown,5
ORD007456,2024-05-19,CUST01065,Webcam,Video,66.12,2,France,PayPal,15
ORD004722,2024-01-25,CUST01004,USB Hub,Peripherals,-7.75,1,Canada,Unknown,0
ORD003864,2024-10-28,CUST01001,Webcam,Video,81.57,1,Poland,Unknown,0
ORD002734,2024-02-21,CUST01004,Laptop,Computers,1097.95,2,Netherlands,PayPal,0
ORD001896,2024-03-14,CUST01001,Keyboard,Peripherals,160.14,2,Netherlands,Unknown,15
ORD005443,2024-03-18,CUST01004,USB Hub,Peripherals,12.47,2,Netherlands,Unknown,5
ORD000570,2024-04-04,CUST01014,Webcam,Video,24.97,4,Netherlands,PayPal,0
ORD006710,2024-04-16,CUST01005,Phone Stand,Accessories,6.8,4,Netherlands,PayPal,15
ORD005855,2024-09-19,CUST01013,Desk Lamp,Accessories,76.42,3,USA,Debit Card,10
ORD001817,2024-01-16,CUST01005,Desk Lamp,Accessories,77.0,1,USA,Bank Transfer,5
ORD002066,2024-11-13,CUST01011,Webcam,Video,30.77,4,UK,Unknown,10
ORD000128,2024-09-13,CUST01001,USB Hub,Peripherals,65.07,1,France,Debit Card,15
ORD003395,2024-09-30,CUST01002,Mouse,Peripherals,39.46,2,Netherlands,Bank Transfer,0
ORD003328,2024-10-03,CUST01001,Desk Lamp,Accessories,62.82,3,Germany,PayPal,10
ORD007989,2024-11-27,CUST01054,Headphones,Audio,118.18,1,Germany,Bank Transfer,0
ORD006103,2024-12-02,CUST01001,Phone Stand,Accessories,47.53,3,France,Unknown,0
ORD002976,2024-12-18,CUST01001,Keyboard,Peripherals,133.37,2,Germany,Bank Transfer,10
ORD000981,2024-10-18,CUST01011,Mouse,Peripherals,79.74,2,Netherlands,Credit Card,0
ORD002301,2024-07-04,CUST01020,Laptop,Computers,1063.3,4,France,Unknown,10
ORD000191,2024-08-22,CUST01001,USB Hub,Peripherals,0.78,2,USA,PayPal,0
ORD001140,2024-11-12,CUST01010,Webcam,Video,114.57,2,Canada,Unknown,0
ORD005089,2024-06-02,CUST01111,HDMI Cable,Cables,60.6,3,USA,Bank Transfer,5
ORD000700,2024-09-05,CUST01001,Keyboard,Peripherals,117.62,2,USA,Bank Transfer,0
ORD007651,2024-01-15,CUST01001,Headphones,Audio,153.99,4,Netherlands,Unknown,0
ORD000607,2024-01-23,CUST01017,Monitor,Displays,508.48,2,UK,Unknown,5
ORD004277,2024-11-14,CUST01001,Monitor,Displays,472.25,1,Netherlands,Credit Card,5
ORD000302,2024-01-29,CUST01008,Mouse,Peripherals,39.22,1,USA,Bank Transfer,0
ORD006641,2024-02-02,CUST01002,Headphones,Audio,178.8,2,France,Debit Card,0
ORD003421,2024-07-31,CUST01002,Desk Lamp,Accessories,92.01,1,Poland,Debit Card,15
ORD007716,2024-02-20,CUST01006,Keyboard,Peripherals,105.73,4,Germany,PayPal,15
ORD001061,2024-04-18,CUST01001,Desk Lamp,Accessories,75.13,1,USA,PayPal,0
ORD007778,2024-12-03,CUST01005,Phone Stand,Accessories,32.98,1,Canada,Unknown,0
ORD007853,2024-01-04,CUST01001,Keyboard,Peripherals,99.62,4,USA,Credit Card,0
ORD002566,2024-08-21,CUST01002,Phone Stand,Accessories,64.02,4,Poland,PayPal,5
ORD001070,2024-12-12,CUST01002,Laptop,Computers,1077.22,3,Poland,Credit Card,0
ORD002525,2024-09-26,CUST01001,USB Hub,Peripherals,9.84,2,France,Bank Transfer,0
ORD002206,2024-04-21,CUST01001,Phone Stand,Accessories,22.02,4,Germany,Credit Card,0
ORD001244,2024-02-15,CUST01006,Monitor,Displays,518.25,4,Canada,Bank Transfer,15
ORD007340,2024-12-09,CUST01154,Headphones,Audio,114.52,2,UK,Bank Transfer,10
ORD000017,2024-03-13,CUST01001,Mouse,Peripherals,75.01,3,UK,Unknown,0
ORD003121,2024-10-20,CUST01001,HDMI Cable,Cables,13.69,3,Germany,Unknown,15
ORD007992,2024-09-07,CUST01001,Phone Stand,Accessories,23.63,3,Canada,Credit Card,15
ORD004643,2024-06-22,CUST01012,HDMI Cable,Cables,53.91,2,Canada,PayPal,0
ORD004755,2024-07-15,CUST01001,Headphones,Audio,90.54,1,Poland,Debit Card,5
ORD000816,2024-12-01,CUST01057,Keyboard,Peripherals,81.48,1,USA,Credit Card,15
ORD003068,2024-02-08,CUST01004,Keyboard,Peripherals,128.9,4,France,Debit Card,15
ORD007658,2024-09-09,CUST01002,Monitor,Displays,498.83,1,Poland,Bank Transfer,0
ORD005601,2024-01-29,CUST01007,Desk Lamp,Accessories,73.56,1,Canada,Bank Transfer,5
ORD000960,2024-06-22,CUST01117,Keyboard,Peripherals,115.93,4,Poland,PayPal,10
ORD007023,2024-08-01,CUST01044,Headphones,Audio,137.41,3,Germany,Unknown,10
ORD006428,2024-02-11,CUST01001,Desk Lamp,Accessories,41.23,2,Germany,Bank Transfer,0
ORD004894,2024-04-22,CUST01019,Desk Lamp,Accessories,85.32,1,Netherlands,Debit Card,0
ORD007445,2024-11-14,CUST01003,USB Hub,Peripherals,-1.51,2,Netherlands,Unknown,10
ORD000226,2024-09-20,CUST01001,Mouse,Peripherals,9.22,1,France,PayPal,10
ORD006171,2024-08-04,CUST01001,Laptop,Computers,1076.82,4,Poland,PayPal,5
ORD003355,2024-12-08,CUST01001,Webcam,Video,105.29,4,USA,PayPal,0
ORD005896,2024-08-15,CUST01001,Desk Lamp,Accessories,106.84,3,Canada,Unknown,15
ORD002486,2024-06-28,CUST01005,Laptop,Computers,1044.03,1,Poland,Credit Card,5
ORD000563,2024-05-24,CUST01081,Laptop,Computers,1098.06,4,Germany,Unknown,0
ORD003437,2024-10-20,CUST01001,Monitor,Displays,447.13,3,Canada,Bank Transfer,5
ORD006374,2024-03-31,CUST01009,Webcam,Video,68.09,2,Poland,Bank Transfer,0
ORD006182,2024-08-22,CUST01002,Headphones,Audio,142.9,3,Netherlands,Bank Transfer,0
ORD001694,2024-07-03,CUST01023,Monitor,Displays,488.48,4,Germany,Bank Transfer,10
ORD006894,2024-08-22,CUST01001,Desk Lamp,Accessories,129.35,2,UK,PayPal,0
ORD001046,2024-05-08,CUST01031,Monitor,Displays,482.37,3,Netherlands,Bank Transfer,0
ORD003447,2024-07-01,CUST01002,Phone Stand,Accessories,-1.63,2,Canada,PayPal,0
ORD004566,2024-04-24,CUST01007,Keyboard,Peripherals,148.89,3,USA,Bank Transfer,0
ORD000955,2024-04-15,CUST01029,Laptop,Computers,1017.87,1,Canada,Credit Card,0
ORD007988,2024-06-15,CUST01041,Phone Stand,Accessories,57.79,2,Canada,Bank Transfer,0
ORD002736,2024-10-12,CUST01002,HDMI Cable,Cables,16.75,2,Netherlands,Bank Transfer,10
ORD007860,2024-01-04,CUST01001,HDMI Cable,Cables,1.16,4,UK,Debit Card,15
ORD004736,2024-01-20,CUST01002,Desk Lamp,Accessories,104.81,2,Germany,Credit Card,0
ORD007719,2024-12-06,CUST01051,Laptop,Computers,1101.47,3,USA,Credit Card,0
ORD001219,2024-12-25,CUST01001,Laptop,Computers,1098.13,2,Netherlands,Bank Transfer,0
ORD005255,2024-12-20,CUST01001,Keyboard,Peripherals,142.58,4,UK,PayPal,0
ORD005512,2024-07-29,CUST01002,USB Hub,Peripherals,-100.0,1,Canada,Credit Card,0
ORD007624,2024-12-25,CUST01002,Desk Lamp,Accessories,65.87,1,Netherlands,Credit Card,0
ORD001528,2024-09-05,CUST01006,Phone Stand,Accessories,6.32,2,France,Unknown,15
ORD003988,2024-05-24,CUST01002,Laptop,Computers,1040.0,3,UK,PayPal,0
ORD007912,2024-09-16,CUST01001,Mouse,Peripherals,23.6,2,Netherlands,Credit Card,0
ORD001301,2024-01-30,CUST01001,Desk Lamp,Accessories,73.25,1,France,Debit Card,0
ORD007839,2024-02-13,CUST01001,Keyboard,Peripherals,158.64,2,UK,Credit Card,0
ORD005700,2024-11-27,CUST01003,Webcam,Video,52.12,1,France,Unknown,0
ORD000161,2024-09-04,CUST01006,Mouse,Peripherals,60.04,3,Netherlands,Bank Transfer,0
ORD004068,2024-04-10,CUST01001,USB Hub,Peripherals,24.92,1,Netherlands,Debit Card,10
ORD005801,2024-03-01,CUST01001,USB Hub,Peripherals,-20.53,1,USA,Credit Card,10
ORD000957,2024-09-19,CUST01126,Webcam,Video,116.42,4,UK,Bank Transfer,10
ORD003792,2024-12-08,CUST01057,USB Hub,Peripherals,45.71,4,Netherlands,Bank Transfer,0
ORD003235,2024-09-13,CUST01001,HDMI Cable,Cables,-1.45,2,UK,Bank Transfer,5
ORD002870,2024-03-08,CUST01001,Desk Lamp,Accessories,99.54,4,Poland,Unknown,0
ORD003778,2024-06-18,CUST01001,USB Hub,Peripherals,9.62,1,USA,PayPal,0
ORD004434,2024-05-25,CUST01001,Mouse,Peripherals,51.18,4,Germany,Bank Transfer,15
ORD004974,2024-11-02,CUST01008,Mouse,Peripherals,24.05,3,France,Unknown,5
ORD006016,2024-04-05,CUST01013,Laptop,Computers,-100.0,4,UK,Unknown,0
ORD002962,2024-02-29,CUST01014,Laptop,Computers,1035.85,1,Poland,PayPal,10
ORD005981,2024-01-05,CUST01002,USB Hub,Peripherals,-0.11,2,Netherlands,Debit Card,10
ORD002201,2024-10-02,CUST01002,Monitor,Displays,463.79,2,Canada,Unknown,15
ORD000099,2024-03-24,CUST01092,Keyboard,Peripherals,84.56,2,Poland,PayPal,5
ORD007789,2024-03-26,CUST01482,HDMI Cable,Cables,6.33,4,USA,Credit Card,10
ORD002558,2024-04-12,CUST01002,Desk Lamp,Accessories,66.27,1,USA,Credit Card,10
ORD003184,2024-04-29,CUST01001,Desk Lamp,Accessories,120.42,3,Germany,Bank Transfer,0
ORD007395,2024-05-12,CUST01019,Monitor,Displays,494.75,2,Germany,Bank Transfer,0
ORD000254,2024-07-08,CUST01002,Headphones,Audio,149.9,4,Poland,Debit Card,0
ORD003924,2024-03-22,CUST01001,Monitor,Displays,453.3,3,Poland,Debit Card,5
ORD004200,2024-01-21,CUST01001,Phone Stand,Accessories,53.39,3,UK,Bank Transfer,15
ORD001446,2024-12-05,CUST01005,Headphones,Audio,96.24,2,Netherlands,Bank Transfer,0
ORD005540,2024-02-19,CUST01001,USB Hub,Peripherals,-9.01,2,Netherlands,Debit Card,15
ORD001649,2024-05-24,CUST01001,Webcam,Video,26.73,4,Germany,Debit Card,10
ORD004683,2024-05-05,CUST01002,Mouse,Peripherals,83.43,1,USA,Unknown,0
ORD004724,2024-12-05,CUST01020,Desk Lamp,Accessories,133.29,2,France,Unknown,0
ORD003992,2024-10-20,CUST01001,Headphones,Audio,83.24,2,Germany,PayPal,0
ORD001697,2024-08-21,CUST01002,HDMI Cable,Cables,62.77,4,Netherlands,PayPal,5
ORD003192,2024-07-02,CUST01001,USB Hub,Peripherals,8.29,4,UK,Unknown,0
ORD006198,2024-05-03,CUST01002,Monitor,Displays,515.26,4,USA,Credit Card,0
ORD006296,2024-06-10,CUST01002,Keyboard,Peripherals,98.35,2,USA,Unknown,0
ORD004500,2024-12-09,CUST01007,Webcam,Video,98.96,4,Netherlands,Credit Card,0
ORD001155,2024-02-28,CUST01001,Webcam,Video,58.8,4,Canada,Unknown,10
ORD002256,2024-08-18,CUST01002,Laptop,Computers,1057.85,3,UK,Debit Card,0
ORD006960,2024-06-20,CUST01001,Webcam,Video,112.44,2,Netherlands,Bank Transfer,0
ORD001683,2024-05-25,CUST01001,Headphones,Audio,132.7,2,UK,Credit Card,10
ORD003171,2024-02-10,CUST01001,Phone Stand,Accessories,52.94,3,Netherlands,Credit Card,0
ORD007401,2024-06-03,CUST01005,Laptop,Computers,1045.53,3,Poland,Bank Transfer,0
ORD002057,2024-03-14,CUST01001,Headphones,Audio,83.06,3,Poland,Debit Card,0
ORD007159,2024-04-05,CUST01001,Monitor,Displays,452.94,1,Canada,Unknown,0
ORD004091,2024-08-18,CUST01005,Mouse,Peripherals,96.45,2,Canada,Unknown,15
ORD007811,2024-05-09,CUST01001,Headphones,Audio,135.36,2,Canada,Unknown,0
ORD003109,2024-03-31,CUST01001,Keyboard,Peripherals,159.1,2,Netherlands,PayPal,10
ORD004549,2024-12-06,CUST01001,Monitor,Displays,449.7,1,UK,Unknown,0
ORD003724,2024-07-02,CUST01001,Webcam,Video,76.92,2,France,Debit Card,5
ORD006398,2024-04-24,CUST01003,Headphones,Audio,141.63,1,USA,Bank Transfer,10
ORD005424,2024-01-24,CUST01001,Headphones,Audio,149.14,2,Poland,PayPal,15
ORD007041,2024-11-16,CUST01001,Mouse,Peripherals,6.58,2,UK,Unknown,0
ORD002050,2024-07-18,CUST01001,Keyboard,Peripherals,163.34,2,Poland,Unknown,0
ORD004977,2024-09-22,CUST01001,Webcam,Video,105.55,2,Poland,Unknown,5
ORD003644,2024-03-03,CUST01005,Keyboard,Peripherals,168.54,2,USA,PayPal,0
ORD007906,2024-03-30,CUST01003,USB Hub,Peripherals,45.64,4,Poland,PayPal,0
ORD000624,2024-07-13,CUST01005,USB Hub,Peripherals,29.77,1,Germany,Credit Card,5
ORD006490,2024-10-11,CUST01001,Keyboard,Peripherals,122.22,1,Poland,Credit Card,5
ORD007709,2024-06-04,CUST01005,Keyboard,Peripherals,93.99,4,Netherlands,Credit Card,0
ORD005884,2024-03-11,CUST01002,Desk Lamp,Accessories,51.89,4,Canada,PayPal,5
ORD000263,2024-11-12,CUST01008,Laptop,Computers,1014.3,4,Poland,Credit Card,0
ORD005731,2024-11-21,CUST01001,USB Hub,Peripherals,-7.64,2,USA,PayPal,15
ORD003370,2024-09-12,CUST01001,Mouse,Peripherals,75.01,2,UK,PayPal,15
ORD004062,2024-09-03,CUST01015,Laptop,Computers,1074.19,1,Netherlands,Unknown,15
ORD005535,2024-08-16,CUST01068,Mouse,Peripherals,15.41,3,Germany,Debit Card,0
ORD006295,2024-05-19,CUST01418,Phone Stand,Accessories,35.75,3,France,PayPal,0
ORD006066,2024-01-13,CUST01097,HDMI Cable,Cables,7.03,1,Canada,Credit Card,0
ORD006617,2024-10-21,CUST01004,Webcam,Video,111.51,2,Poland,PayPal,0
ORD001803,2024-04-06,CUST01005,Keyboard,Peripherals,114.12,4,Poland,Unknown,0
ORD004737,2024-03-10,CUST01004,HDMI Cable,Cables,15.19,4,Canada,Bank Transfer,0
ORD002386,2024-05-06,CUST01001,USB Hub,Peripherals,39.07,3,France,PayPal,0
ORD006695,2024-06-16,CUST01001,Laptop,Computers,1022.73,2,Poland,PayPal,0
ORD005760,2024-11-28,CUST01138,Desk Lamp,Accessories,48.54,3,Germany,Credit Card,0
ORD001960,2024-01-10,CUST01398,USB Hub,Peripherals,43.39,1,Canada,Debit Card,0
ORD002977,2024-01-19,CUST01013,Laptop,Computers,1106.84,1,Germany,PayPal,5
ORD000489,2024-12-21,CUST01030,Webcam,Video,114.35,3,UK,PayPal,15
ORD001844,2024-11-04,CUST01003,Laptop,Computers,1060.48,2,USA,Unknown,10
ORD001735,2024-05-31,CUST01001,Monitor,Displays,497.51,4,Netherlands,PayPal,0
ORD002912,2024-09-17,CUST01010,USB Hub,Peripherals,34.87,1,USA,Bank Transfer,15
ORD003220,2024-03-22,CUST01001,Mouse,Peripherals,67.33,3,UK,PayPal,0
ORD000147,2024-09-02,CUST01001,Phone Stand,Accessories,71.36,2,France,Bank Transfer,0
ORD005631,2024-07-28,CUST01016,Phone Stand,Accessories,-10.06,1,Poland,Unknown,5
ORD001987,2024-12-15,CUST01005,Desk Lamp,Accessories,102.45,1,Netherlands,Credit Card,0
ORD001370,2024-08-04,CUST01001,Monitor,Displays,523.63,1,USA,Credit Card,0
ORD006547,2024-05-13,CUST01001,Webcam,Video,77.88,1,Netherlands,Credit Card,0
ORD006052,2024-05-01,CUST01072,Laptop,Computers,1052.77,3,France,PayPal,15
ORD007099,2024-11-17,CUST01048,HDMI Cable,Cables,58.21,4,Poland,Credit Card,0
ORD002812,2024-03-24,CUST01002,Keyboard,Peripherals,114.62,2,Netherlands,Credit Card,0
ORD000660,2024-04-14,CUST01001,Webcam,Video,80.67,4,France,Credit Card,0
ORD001795,2024-05-07,CUST01001,Mouse,Peripherals,65.07,1,Canada,Debit Card,0
ORD007517,2024-08-01,CUST01003,Mouse,Peripherals,28.15,2,UK,Debit Card,15
ORD002512,2024-02-19,CUST01001,Mouse,Peripherals,67.25,1,UK,Debit Card,0
ORD003398,2024-12-30,CUST01007,Monitor,Displays,506.15,2,Germany,Bank Transfer,0
ORD004283,2024-07-25,CUST01003,Monitor,Displays,518.83,1,Netherlands,PayPal,0
ORD001148,2024-11-17,CUST01002,Webcam,Video,94.15,4,France,PayPal,5
ORD003273,2024-11-08,CUST01382,Mouse,Peripherals,105.9,3,France,PayPal,15
ORD000609,2024-10-21,CUST01001,Webcam,Video,118.94,1,France,Debit Card,0
ORD006288,2024-01-31,CUST01001,Desk Lamp,Accessories,58.66,2,France,Credit Card,0
ORD006896,2024-01-20,CUST01001,USB Hub,Peripherals,55.18,3,UK,Credit Card,15
ORD003583,2024-07-26,CUST01001,Headphones,Audio,174.99,1,Netherlands,Unknown,15
ORD001931,2024-01-22,CUST01001,Desk Lamp,Accessories,101.41,3,France,Credit Card,0
ORD007126,2024-09-26,CUST01004,Headphones,Audio,129.35,1,USA,Credit Card,10
ORD000198,2024-08-30,CUST01002,Monitor,Displays,503.95,2,USA,PayPal,0
ORD002932,2024-08-07,CUST01002,Monitor,Displays,511.72,1,UK,PayPal,5
ORD002328,2024-05-14,CUST01002,Headphones,Audio,180.96,1,Canada,Unknown,5
ORD004390,2024-02-16,CUST01002,Desk Lamp,Accessories,137.77,3,Canada,Unknown,0
ORD000767,2024-03-24,CUST01001,Webcam,Video,58.21,3,Germany,Credit Card,0
ORD004497,2024-09-25,CUST01002,Webcam,Video,93.83,2,France,Credit Card,10
ORD004219,2024-06-19,CUST01004,Phone Stand,Accessories,56.44,3,Canada,Credit Card,10
ORD003256,2024-01-26,CUST01001,Mouse,Peripherals,86.35,2,USA,Unknown,5
ORD000203,2024-08-25,CUST01011,Keyboard,Peripherals,88.46,4,Germany,Debit Card,0
ORD003511,2024-03-24,CUST01002,Webcam,Video,23.58,2,Netherlands,Unknown,10
ORD004932,2024-06-07,CUST01001,HDMI Cable,Cables,54.13,1,Netherlands,Bank Transfer,15
ORD006391,2024-09-06,CUST01002,Monitor,Displays,440.06,1,Germany,Bank Transfer,10
ORD005536,2024-01-28,CUST01041,USB Hub,Peripherals,49.86,1,France,Debit Card,0
ORD001734,2024-01-05,CUST01002,Laptop,Computers,1034.09,2,Poland,Bank Transfer,10
ORD002778,2024-03-12,CUST01002,USB Hub,Peripherals,26.81,1,USA,Debit Card,0
ORD001708,2024-09-10,CUST01001,Monitor,Displays,445.63,1,Poland,Debit Card,0
ORD005173,2024-02-18,CUST01013,USB Hub,Peripherals,45.08,4,Poland,Bank Transfer,5
ORD005250,2024-11-16,CUST01001,Mouse,Peripherals,42.67,2,France,Credit Card,0
ORD005758,2024-01-25,CUST01009,Monitor,Displays,474.69,2,France,Credit Card,0
ORD003475,2024-07-31,CUST01004,Keyboard,Peripherals,120.39,3,Canada,PayPal,15
ORD006529,2024-06-16,CUST01015,Webcam,Video,34.46,3,USA,Debit Card,0
ORD007769,2024-11-23,CUST01163,Desk Lamp,Accessories,128.97,3,USA,Credit Card,0
ORD005856,2024-06-10,CUST01006,Webcam,Video,42.56,4,Germany,Unknown,0
ORD000855,2024-05-26,CUST01004,Mouse,Peripherals,57.95,2,UK,Unknown,10
ORD005686,2024-04-22,CUST01002,Keyboard,Peripherals,87.93,1,UK,Unknown,0
ORD006364,2024-11-28,CUST01001,Keyboard,Peripherals,116.06,1,UK,PayPal,15
ORD004738,2024-01-15,CUST01002,USB Hub,Peripherals,19.76,4,USA,PayPal,0
ORD004098,2024-01-19,CUST01001,Keyboard,Peripherals,172.81,1,France,PayPal,0
ORD002161,2024-09-07,CUST01003,Phone Stand,Accessories,23.42,3,Canada,Bank Transfer,5
ORD000699,2024-04-02,CUST01001,Desk Lamp,Accessories,138.89,2,Germany,Debit Card,15
ORD007933,2024-11-24,CUST01082,Keyboard,Peripherals,120.6,3,Canada,PayPal,15
ORD003000,2024-01-19,CUST01001,HDMI Cable,Cables,-22.48,2,USA,Debit Card,15
ORD003697,2024-09-26,CUST01001,USB Hub,Peripherals,27.93,3,Netherlands,Unknown,0
ORD001637,2024-02-16,CUST01028,Mouse,Peripherals,39.5,3,Canada,Unknown,10
ORD007281,2024-09-20,CUST01002,Monitor,Displays,529.39,1,France,Debit Card,5
ORD007555,2024-07-01,CUST01001,Mouse,Peripherals,71.8,3,USA,Bank Transfer,0
ORD003458,2024-08-31,CUST01010,HDMI Cable,Cables,47.06,1,Germany,Credit Card,0
ORD003582,2024-03-05,CUST01041,Mouse,Peripherals,88.51,1,USA,Bank Transfer,0
ORD001292,2024-12-07,CUST01012,Headphones,Audio,143.33,1,UK,Debit Card,15
ORD004660,2024-09-11,CUST01001,Monitor,Displays,446.97,4,USA,Unknown,0
ORD006586,2024-04-09,CUST01081,Laptop,Computers,1064.06,2,Poland,PayPal,10
ORD005617,2024-06-08,CUST01041,Monitor,Displays,533.49,3,Germany,Credit Card,5
ORD001854,2024-07-17,CUST01003,Mouse,Peripherals,77.2,1,Germany,Debit Card,10
ORD005233,2024-07-02,CUST01022,Mouse,Peripherals,92.48,2,Canada,PayPal,0
ORD003764,2024-09-24,CUST01001,USB Hub,Peripherals,9.15,1,UK,Credit Card,10
ORD003305,2024-03-20,CUST01001,Phone Stand,Accessories,34.68,1,USA,Credit Card,0
ORD007881,2024-02-24,CUST01671,Mouse,Peripherals,79.34,2,USA,Credit Card,0
ORD005728,2024-04-07,CUST01005,Laptop,Computers,1042.26,3,Poland,Credit Card,5
ORD003744,2024-09-09,CUST01002,Desk Lamp,Accessories,78.54,2,Poland,PayPal,0
ORD003446,2024-03-02,CUST01001,Keyboard,Peripherals,103.39,2,Poland,Bank Transfer,15
ORD001999,2024-01-24,CUST01001,Mouse,Peripherals,10.16,4,Canada,Unknown,0
ORD000664,2024-07-10,CUST01007,Mouse,Peripherals,22.94,1,UK,PayPal,0
ORD004780,2024-04-30,CUST01003,Monitor,Displays,464.94,3,France,Credit Card,0
ORD005354,2024-09-10,CUST01001,Keyboard,Peripherals,142.31,3,Canada,Credit Card,10
ORD007786,2024-01-01,CUST01001,Desk Lamp,Accessories,91.09,1,Poland,PayPal,0
ORD003749,2024-06-05,CUST01002,Monitor,Displays,469.47,2,France,Unknown,0
ORD004414,2024-09-22,CUST01001,Webcam,Video,95.41,4,Poland,Debit Card,15
ORD004745,2024-11-10,CUST01006,USB Hub,Peripherals,34.72,4,France,Bank Transfer,10
ORD005531,2024-02-08,CUST01001,HDMI Cable,Cables,-26.02,1,France,Unknown,0
ORD005576,2024-01-21,CUST01001,Keyboard,Peripherals,160.02,2,UK,PayPal,5
ORD000710,2024-09-23,CUST01002,USB Hub,Peripherals,67.65,3,Netherlands,Debit Card,0
ORD007527,2024-10-14,CUST01210,Headphones,Audio,148.77,4,UK,PayPal,0
ORD001283,2024-07-26,CUST01002,Headphones,Audio,146.18,1,USA,Debit Card,0
ORD005865,2024-05-31,CUST01001,Keyboard,Peripherals,127.5,1,USA,Debit Card,0
ORD005069,2024-06-25,CUST01005,Laptop,Computers,1076.51,1,USA,Unknown,0
ORD002676,2024-01-08,CUST01002,HDMI Cable,Cables,39.59,3,Germany,Unknown,5
ORD006777,2024-12-08,CUST01005,HDMI Cable,Cables,57.03,3,Canada,Credit Card,10
ORD004030,2024-07-29,CUST01003,HDMI Cable,Cables,24.15,1,USA,PayPal,10
ORD001307,2024-07-11,CUST01001,Headphones,Audio,180.52,4,Poland,Unknown,0
ORD005497,2024-07-03,CUST01002,Desk Lamp,Accessories,108.94,4,Poland,PayPal,10
ORD005505,2024-02-08,CUST01001,Desk Lamp,Accessories,118.39,4,Netherlands,PayPal,10
ORD007393,2024-07-27,CUST01032,Headphones,Audio,82.67,2,Germany,Unknown,15
ORD002238,2024-10-30,CUST01002,USB Hub,Peripherals,-1.17,3,Germany,Unknown,0
ORD003303,2024-09-15,CUST01001,Desk Lamp,Accessories,78.76,4,Poland,PayPal,5
ORD005593,2024-02-15,CUST01014,Phone Stand,Accessories,49.68,4,UK,Unknown,10
ORD007516,2024-08-11,CUST01002,HDMI Cable,Cables,-22.56,2,Netherlands,Unknown,15
ORD002039,2024-07-17,CUST01001,Keyboard,Peripherals,147.57,2,UK,Bank Transfer,0
ORD001530,2024-07-10,CUST01005,Desk Lamp,Accessories,51.88,2,USA,PayPal,5
ORD001664,2024-10-21,CUST01005,Keyboard,Peripherals,86.71,3,UK,Debit Card,10
ORD005451,2024-10-19,CUST01092,Headphones,Audio,122.82,4,France,Credit Card,5
ORD007915,2024-12-09,CUST01007,Desk Lamp,Accessories,81.37,1,Canada,Unknown,15
ORD007944,2024-01-21,CUST01001,HDMI Cable,Cables,10.73,2,France,PayPal,5
ORD003628,2024-01-15,CUST01008,Laptop,Computers,1028.06,4,Poland,Unknown,10
ORD005740,2024-09-07,CUST01001,Headphones,Audio,89.85,1,France,Bank Transfer,5
ORD005148,2024-10-03,CUST01001,Monitor,Displays,449.38,1,Poland,Credit Card,0
ORD004892,2024-06-25,CUST01001,Keyboard,Peripherals,152.4,3,France,PayPal,5
ORD002694,2024-01-07,CUST01001,Keyboard,Peripherals,148.1,1,Canada,Bank Transfer,0
ORD003061,2024-09-14,CUST01001,Monitor,Displays,517.02,3,Poland,Unknown,10
ORD001598,2024-10-19,CUST01009,USB Hub,Peripherals,-23.23,2,Germany,Unknown,15
ORD006701,2024-02-05,CUST01001,Webcam,Video,53.36,2,USA,Unknown,15
ORD002730,2024-01-28,CUST01001,Phone Stand,Accessories,72.14,1,Canada,Unknown,0
ORD002626,2024-08-31,CUST01001,Desk Lamp,Accessories,123.55,2,France,Credit Card,0
ORD005916,2024-09-18,CUST01001,Monitor,Displays,465.24,4,France,Bank Transfer,0
ORD003158,2024-02-08,CUST01003,Desk Lamp,Accessories,128.83,1,Netherlands,Bank Transfer,0
ORD003315,2024-10-12,CUST01001,USB Hub,Peripherals,1.99,1,Netherlands,Credit Card,10
ORD001723,2024-07-11,CUST01007,Webcam,Video,84.15,3,Poland,Unknown,0
ORD005280,2024-09-19,CUST01001,Headphones,Audio,152.38,3,Poland,Debit Card,0
ORD006669,2024-07-21,CUST01002,Laptop,Computers,1020.33,2,Germany,Unknown,15
ORD001060,2024-04-14,CUST01133,Laptop,Computers,1022.38,3,France,Debit Card,0
ORD004637,2024-09-04,CUST01015,Mouse,Peripherals,21.27,1,France,PayPal,10
ORD003243,2024-08-09,CUST01001,Phone Stand,Accessories,32.9,1,Poland,Credit Card,0
ORD001679,2024-08-09,CUST01001,Headphones,Audio,176.59,1,USA,Credit Card,0
ORD006893,2024-01-14,CUST01002,Monitor,Displays,445.19,4,Canada,Credit Card,10
ORD006375,2024-06-16,CUST01001,USB Hub,Peripherals,40.99,4,USA,Credit Card,0
ORD007575,2024-07-14,CUST01003,Desk Lamp,Accessories,47.33,2,USA,PayPal,0
ORD006629,2024-02-01,CUST01002,HDMI Cable,Cables,18.24,2,Poland,Unknown,0
ORD001758,2024-06-22,CUST01001,Monitor,Displays,535.08,4,France,Bank Transfer,0
ORD006020,2024-02-06,CUST01001,HDMI Cable,Cables,19.68,3,Netherlands,Bank Transfer,0
ORD004192,2024-03-12,CUST01186,Phone Stand,Accessories,25.26,4,Netherlands,Credit Card,0
ORD005117,2024-07-18,CUST01001,Laptop,Computers,1108.46,2,Canada,Credit Card,10
ORD000564,2024-08-15,CUST01002,Phone Stand,Accessories,73.52,3,Germany,PayPal,5
ORD007409,2024-02-01,CUST01001,Webcam,Video,100.29,3,Germany,Credit Card,0
ORD002791,2024-10-16,CUST01008,Keyboard,Peripherals,119.13,2,Germany,Unknown,10
ORD000864,2024-05-29,CUST01001,USB Hub,Peripherals,1.32,3,Canada,Credit Card,0
ORD007743,2024-02-16,CUST01002,Mouse,Peripherals,29.1,4,Germany,PayPal,10
ORD001485,2024-08-08,CUST01036,Monitor,Displays,469.71,3,France,Unknown,0
ORD007036,2024-05-19,CUST01004,Desk Lamp,Accessories,75.13,2,UK,Unknown,0
ORD007722,2024-02-21,CUST01002,Webcam,Video,121.85,4,USA,Debit Card,5
ORD005978,2024-12-06,CUST01001,HDMI Cable,Cables,49.84,4,Poland,Credit Card,0
ORD005135,2024-05-28,CUST01001,Keyboard,Peripherals,147.46,1,France,PayPal,0
ORD000207,2024-04-28,CUST01004,Keyboard,Peripherals,152.37,4,Germany,PayPal,10
ORD004489,2024-04-05,CUST01001,USB Hub,Peripherals,-17.42,2,Canada,PayPal,15
ORD006939,2024-11-18,CUST01012,Headphones,Audio,136.48,4,France,Debit Card,0
ORD000871,2024-03-25,CUST01052,Monitor,Displays,524.48,3,Poland,Credit Card,5
ORD004494,2024-01-03,CUST01003,Keyboard,Peripherals,116.77,4,Poland,Unknown,15
ORD006911,2024-12-07,CUST01002,Laptop,Computers,1091.06,2,Netherlands,PayPal,0
ORD000503,2024-12-06,CUST01001,HDMI Cable,Cables,54.66,2,USA,Unknown,10
ORD007386,2024-01-23,CUST01003,Desk Lamp,Accessories,110.79,4,Canada,Unknown,0
ORD001029,2024-01-24,CUST01058,Monitor,Displays,499.76,4,UK,Bank Transfer,0
ORD003841,2024-06-01,CUST01005,USB Hub,Peripherals,8.39,4,UK,PayPal,0
ORD002691,2024-07-09,CUST01001,HDMI Cable,Cables,13.06,1,UK,Bank Transfer,0
ORD005582,2024-07-10,CUST01001,Monitor,Displays,449.03,3,France,Credit Card,15
ORD006757,2024-12-21,CUST01010,Mouse,Peripherals,71.09,4,Canada,Debit Card,5
ORD005057,2024-06-22,CUST01779,Webcam,Video,109.63,3,Poland,Unknown,0
ORD001571,2024-03-25,CUST01001,Desk Lamp,Accessories,73.0,3,UK,PayPal,15
ORD002774,2024-10-16,CUST01001,Headphones,Audio,93.86,2,Poland,Bank Transfer,10
ORD005992,2024-03-03,CUST01006,Mouse,Peripherals,85.28,1,Poland,Bank Transfer,10
ORD002732,2024-03-23,CUST01008,Webcam,Video,88.34,2,Netherlands,Credit Card,0
ORD006243,2024-05-03,CUST01001,USB Hub,Peripherals,33.58,2,Canada,Credit Card,15
ORD000805,2024-11-13,CUST01001,Desk Lamp,Accessories,0.0,4,Germany,Unknown,0
ORD005848,2024-01-04,CUST01001,Headphones,Audio,85.77,1,Netherlands,Bank Transfer,5
ORD003646,2024-03-15,CUST01001,Headphones,Audio,135.36,3,Netherlands,Credit Card,0
ORD002455,2024-08-14,CUST01001,Monitor,Displays,504.71,2,France,Credit Card,0
ORD004599,2024-12-15,CUST01006,Monitor,Displays,520.84,1,UK,Credit Card,0
ORD007216,2024-12-20,CUST01001,Mouse,Peripherals,30.2,1,Canada,Debit Card,5
ORD003105,2024-03-13,CUST01003,Mouse,Peripherals,21.25,1,Netherlands,Credit Card,0
ORD007074,2024-06-25,CUST01001,Phone Stand,Accessories,47.89,2,USA,Credit Card,15
ORD004876,2024-11-18,CUST01003,HDMI Cable,Cables,6.38,4,France,Credit Card,5
ORD005960,2024-10-28,CUST01038,Laptop,Computers,1095.06,3,Netherlands,Credit Card,0
ORD000201,2024-07-19,CUST01001,Webcam,Video,60.95,2,Canada,Unknown,5
ORD006279,2024-12-18,CUST01001,USB Hub,Peripherals,-26.2,1,USA,Credit Card,0
ORD003100,2024-08-11,CUST01001,Webcam,Video,34.85,1,Germany,PayPal,15
ORD006185,2024-09-09,CUST01002,HDMI Cable,Cables,6.72,4,France,Bank Transfer,0
ORD007162,2024-11-19,CUST01001,Laptop,Computers,1077.92,2,Germany,Debit Card,15
ORD002279,2024-06-24,CUST01003,Headphones,Audio,159.06,2,France,Bank Transfer,5
ORD003562,2024-07-15,CUST01011,USB Hub,Peripherals,-27.49,3,Poland,Bank Transfer,0
ORD005893,2024-02-17,CUST01002,Keyboard,Peripherals,146.66,2,Canada,Debit Card,0
ORD004475,2024-03-17,CUST01070,Laptop,Computers,1086.44,1,Canada,PayPal,5
ORD006433,2024-09-20,CUST01005,Headphones,Audio,146.48,3,France,Debit Card,0
ORD004515,2024-10-22,CUST01001,Desk Lamp,Accessories,65.89,1,Poland,Bank Transfer,0
ORD005795,2024-05-18,CUST01001,HDMI Cable,Cables,19.88,3,France,PayPal,0
ORD000392,2024-11-25,CUST01001,Desk Lamp,Accessories,65.79,4,USA,Unknown,10
ORD006737,2024-09-04,CUST01014,Phone Stand,Accessories,-7.07,1,France,Bank Transfer,10
ORD005619,2024-07-18,CUST01001,HDMI Cable,Cables,44.29,4,Netherlands,Unknown,10
ORD005259,2024-11-09,CUST01004,Webcam,Video,116.64,3,Netherlands,Debit Card,0
ORD007231,2024-10-26,CUST01037,Keyboard,Peripherals,73.79,3,Canada,PayPal,0
ORD001496,2024-05-25,CUST01007,USB Hub,Peripherals,40.89,3,Poland,Debit Card,0
ORD002696,2024-10-21,CUST01015,Monitor,Displays,509.21,4,UK,Unknown,0
ORD002028,2024-02-25,CUST01003,Webcam,Video,78.73,1,Poland,Unknown,10
ORD005249,2024-06-01,CUST01001,Webcam,Video,96.33,3,Canada,PayPal,0
ORD005464,2024-09-13,CUST01001,Keyboard,Peripherals,137.55,3,Netherlands,Bank Transfer,15
ORD002569,2024-05-10,CUST01001,Mouse,Peripherals,39.46,2,Poland,Credit Card,15
ORD000065,2024-09-15,CUST01004,USB Hub,Peripherals,-25.43,1,France,Credit Card,0
ORD003885,2024-09-23,CUST01511,Mouse,Peripherals,63.51,3,Canada,PayPal,0
ORD002063,2024-03-15,CUST01004,Phone Stand,Accessories,74.0,3,USA,Credit Card,0
ORD005277,2024-12-25,CUST01052,Headphones,Audio,117.09,4,USA,Credit Card,0
ORD007209,2024-12-08,CUST01001,Headphones,Audio,88.67,3,USA,Unknown,10
ORD000493,2024-04-22,CUST01001,Webcam,Video,86.04,1,France,Credit Card,0
ORD000380,2024-10-21,CUST01002,Webcam,Video,42.86,3,USA,Bank Transfer,0
ORD006332,2024-08-23,CUST01071,Laptop,Computers,1101.81,1,Germany,Unknown,10
ORD004860,2024-10-24,CUST01004,Headphones,Audio,146.3,3,Germany,Debit Card,15
ORD006361,2024-08-30,CUST01051,USB Hub,Peripherals,64.04,2,Poland,Debit Card,15
ORD003994,2024-02-26,CUST01001,Keyboard,Peripherals,100.61,4,Germany,Debit Card,0
ORD004888,2024-04-18,CUST01002,Monitor,Displays,534.7,1,Germany,Credit Card,0
ORD001077,2024-08-11,CUST01015,USB Hub,Peripherals,20.47,4,Netherlands,PayPal,15
ORD000879,2024-02-06,CUST01006,Mouse,Peripherals,35.01,2,Netherlands,Credit Card,10
ORD000338,2024-01-17,CUST01001,Monitor,Displays,477.48,3,USA,Credit Card,0
ORD006864,2024-05-04,CUST01004,Monitor,Displays,482.27,3,Canada,Bank Transfer,0
ORD007893,2024-04-08,CUST01623,Laptop,Computers,1090.4,4,Poland,Bank Transfer,10
ORD006440,2024-07-20,CUST01001,Monitor,Displays,440.75,3,France,Credit Card,0
ORD007870,2024-01-17,CUST01005,Keyboard,Peripherals,112.25,1,France,Unknown,0
ORD001017,2024-11-10,CUST01001,Keyboard,Peripherals,124.42,2,Canada,Credit Card,10
ORD001276,2024-07-07,CUST01065,Keyboard,Peripherals,75.61,2,USA,Bank Transfer,15
ORD003799,2024-01-19,CUST01002,HDMI Cable,Cables,-17.18,3,Poland,PayPal,0
ORD007630,2024-01-09,CUST01001,HDMI Cable,Cables,-0.23,1,Germany,Credit Card,10
ORD004552,2024-04-14,CUST01025,Mouse,Peripherals,104.71,2,Germany,PayPal,0
ORD003343,2024-11-27,CUST01575,HDMI Cable,Cables,48.12,4,Netherlands,Debit Card,0
ORD004912,2024-09-26,CUST01007,Headphones,Audio,148.86,4,Poland,Unknown,10
ORD006414,2024-04-05,CUST01001,Laptop,Computers,1079.87,3,Germany,Bank Transfer,5
ORD000996,2024-08-28,CUST01001,Desk Lamp,Accessories,70.47,3,Poland,Credit Card,0
ORD001982,2024-02-28,CUST01001,Monitor,Displays,480.2,3,Germany,PayPal,0
ORD004298,2024-08-17,CUST01023,Keyboard,Peripherals,131.32,3,USA,PayPal,5
ORD000162,2024-01-07,CUST01001,Monitor,Displays,479.69,2,Netherlands,Unknown,0
ORD005676,2024-10-04,CUST01001,Headphones,Audio,111.13,4,UK,Debit Card,0
ORD006874,2024-06-18,CUST01001,Mouse,Peripherals,18.09,2,Netherlands,Bank Transfer,0
ORD006546,2024-09-17,CUST01017,Desk Lamp,Accessories,46.25,3,USA,PayPal,0
ORD004799,2024-03-31,CUST01001,HDMI Cable,Cables,20.51,2,USA,Unknown,0
ORD001501,2024-10-23,CUST01049,Headphones,Audio,112.85,3,Poland,Unknown,15
ORD003844,2024-12-08,CUST01044,Phone Stand,Accessories,40.65,2,UK,Bank Transfer,0
ORD005226,2024-01-03,CUST01001,Monitor,Displays,453.82,4,Poland,Bank Transfer,0
ORD002614,2024-11-28,CUST01005,HDMI Cable,Cables,61.79,4,France,PayPal,15
ORD003462,2024-10-11,CUST01001,Laptop,Computers,1077.99,1,Germany,Debit Card,5
ORD001022,2024-08-05,CUST01064,Webcam,Video,39.75,4,Netherlands,Bank Transfer,5
ORD003074,2024-08-02,CUST01001,Keyboard,Peripherals,136.71,2,UK,Credit Card,0
ORD007556,2024-11-22,CUST01001,Laptop,Computers,1106.31,3,France,Debit Card,5
ORD003944,2024-02-19,CUST01001,HDMI Cable,Cables,39.53,1,France,Unknown,0
ORD001586,2024-07-30,CUST01041,Keyboard,Peripherals,152.29,4,Germany,Bank Transfer,15
ORD001956,2024-08-02,CUST01002,Phone Stand,Accessories,-5.97,4,Poland,Bank Transfer,15
ORD003153,2024-04-19,CUST01029,HDMI Cable,Cables,-32.5,3,Canada,Unknown,10
ORD006350,2024-09-02,CUST01002,Headphones,Audio,163.91,3,France,Unknown,0
ORD000035,2024-04-04,CUST01062,Laptop,Computers,1034.75,3,UK,Debit Card,0
ORD004015,2024-09-02,CUST01001,Monitor,Displays,507.33,3,Netherlands,PayPal,0
ORD000776,2024-11-27,CUST01001,Webcam,Video,51.56,1,USA,Unknown,0
ORD002557,2024-03-25,CUST01001,Mouse,Peripherals,54.94,3,USA,PayPal,0
ORD007596,2024-09-01,CUST01051,Keyboard,Peripherals,166.94,3,USA,Bank Transfer,0
ORD001479,2024-05-21,CUST01001,Headphones,Audio,117.37,2,UK,Unknown,10
ORD007100,2024-05-31,CUST01001,USB Hub,Peripherals,-0.24,2,USA,Credit Card,0
ORD005487,2024-07-30,CUST01002,Keyboard,Peripherals,136.44,3,Netherlands,Unknown,5
ORD006236,2024-08-09,CUST01016,Laptop,Computers,1111.67,4,Netherlands,Debit Card,0
ORD001364,2024-06-28,CUST01001,Webcam,Video,32.55,2,France,Unknown,15
ORD007042,2024-07-11,CUST01001,USB Hub,Peripherals,31.87,4,Canada,Credit Card,0
ORD002613,2024-06-07,CUST01008,Mouse,Peripherals,14.66,1,Germany,Credit Card,15
ORD007514,2024-09-22,CUST01002,USB Hub,Peripherals,67.27,3,USA,Debit Card,0
ORD002825,2024-05-25,CUST01041,Phone Stand,Accessories,34.07,1,Germany,Credit Card,15
ORD002042,2024-06-25,CUST01001,Mouse,Peripherals,83.15,1,USA,PayPal,10
ORD000242,2024-05-20,CUST01001,Desk Lamp,Accessories,85.78,2,Germany,Debit Card,0
ORD002062,2024-07-08,CUST01001,Desk Lamp,Accessories,119.6,4,Germany,Credit Card,0
ORD002364,2024-06-05,CUST01001,Webcam,Video,52.52,4,Germany,Bank Transfer,5
ORD000601,2024-01-15,CUST01001,Phone Stand,Accessories,70.65,3,UK,PayPal,0
ORD002436,2024-04-20,CUST01010,Phone Stand,Accessories,59.41,3,UK,Bank Transfer,15
ORD005394,2024-03-31,CUST01001,Webcam,Video,74.09,1,Netherlands,Unknown,15
ORD006311,2024-08-13,CUST01255,Keyboard,Peripherals,92.02,1,Poland,Bank Transfer,0
ORD002889,2024-06-04,CUST01005,Mouse,Peripherals,104.08,2,Poland,Credit Card,0
ORD006165,2024-07-05,CUST01003,Keyboard,Peripherals,77.46,4,Netherlands,Debit Card,0
ORD000647,2024-04-13,CUST01002,Keyboard,Peripherals,149.01,2,Poland,Bank Transfer,10
ORD003891,2024-06-06,CUST01014,Desk Lamp,Accessories,73.95,3,Germany,Credit Card,10
ORD003557,2024-07-28,CUST01001,Laptop,Computers,1111.42,2,France,Debit Card,0
ORD003203,2024-03-06,CUST01002,HDMI Cable,Cables,4.19,1,USA,PayPal,15
ORD001529,2024-03-07,CUST01003,Laptop,Computers,1065.26,2,UK,Credit Card,0
ORD006976,2024-04-20,CUST01001,Monitor,Displays,532.95,4,Poland,Credit Card,0
ORD001268,2024-12-26,CUST01591,Laptop,Computers,1073.98,2,UK,Bank Transfer,10
ORD007735,2024-06-18,CUST01002,USB Hub,Peripherals,10.78,1,USA,Unknown,10
ORD004659,2024-09-01,CUST01003,Desk Lamp,Accessories,133.86,3,Netherlands,Credit Card,15
ORD003006,2024-05-01,CUST01200,Laptop,Computers,1013.98,3,Germany,PayPal,0
ORD002735,2024-08-15,CUST01033,Headphones,Audio,110.93,3,Germany,Bank Transfer,0
ORD007102,2024-12-01,CUST01002,Monitor,Displays,507.26,1,Netherlands,Credit Card,0
ORD000190,2024-10-11,CUST01001,Mouse,Peripherals,77.95,1,France,Bank Transfer,0
ORD001807,2024-04-17,CUST01001,Keyboard,Peripherals,114.21,1,France,Bank Transfer,10
ORD000976,2024-06-29,CUST01001,Monitor,Displays,435.55,4,Poland,Unknown,0
ORD002748,2024-11-20,CUST01016,Mouse,Peripherals,96.4,3,Netherlands,Unknown,15
ORD007644,2024-10-23,CUST01001,Laptop,Computers,1057.96,4,Netherlands,Unknown,15
ORD002048,2024-05-30,CUST01002,Laptop,Computers,1077.29,1,UK,Debit Card,5
ORD007850,2024-03-12,CUST01005,Mouse,Peripherals,50.63,1,USA,Unknown,10
ORD002559,2024-10-20,CUST01004,Keyboard,Peripherals,86.44,3,Canada,PayPal,0
ORD001083,2024-08-09,CUST01004,USB Hub,Peripherals,4.38,4,France,Bank Transfer,15
ORD000475,2024-08-01,CUST01001,Mouse,Peripherals,43.44,2,Germany,PayPal,0
ORD007729,2024-08-30,CUST01025,Mouse,Peripherals,81.97,4,UK,Unknown,0
ORD002905,2024-03-22,CUST01505,Mouse,Peripherals,16.03,1,Poland,Bank Transfer,0
ORD004844,2024-05-05,CUST01001,Headphones,Audio,169.96,3,France,Unknown,0
ORD006397,2024-04-30,CUST01001,USB Hub,Peripherals,37.02,2,USA,Unknown,0
ORD004118,2024-12-11,CUST01007,USB Hub,Peripherals,-12.96,2,France,Unknown,0
ORD003386,2024-12-29,CUST01002,Headphones,Audio,154.55,1,France,Unknown,5
ORD004556,2024-11-23,CUST01013,Keyboard,Peripherals,111.39,2,Canada,Credit Card,0
ORD001185,2024-01-17,CUST01001,Mouse,Peripherals,66.84,4,Poland,Unknown,0
ORD006421,2024-09-20,CUST01014,Headphones,Audio,0.0,3,USA,Debit Card,0
ORD005052,2024-12-02,CUST01004,Laptop,Computers,1034.67,3,Netherlands,Debit Card,5
ORD005312,2024-04-11,CUST01028,Laptop,Computers,1104.57,4,Germany,PayPal,15
ORD002434,2024-10-31,CUST01005,Laptop,Computers,1081.97,1,Germany,Credit Card,0
ORD006950,2024-12-14,CUST01002,Phone Stand,Accessories,18.0,2,Netherlands,Unknown,10
ORD007582,2024-11-02,CUST01002,Keyboard,Peripherals,105.02,4,Canada,Unknown,0
ORD005612,2024-11-28,CUST01001,USB Hub,Peripherals,99999.0,1,USA,Unknown,10
ORD002392,2024-01-27,CUST01001,Mouse,Peripherals,86.54,4,UK,Credit Card,0
ORD000770,2024-08-22,CUST01001,Phone Stand,Accessories,11.82,1,France,Credit Card,10
ORD007477,2024-06-02,CUST01001,Mouse,Peripherals,91.1,3,Canada,Debit Card,5
ORD001686,2024-01-25,CUST01001,Desk Lamp,Accessories,99.68,1,Poland,PayPal,0
ORD000131,2024-12-17,CUST01004,HDMI Cable,Cables,48.95,4,Poland,Credit Card,15
ORD007832,2024-06-09,CUST01001,HDMI Cable,Cables,14.19,2,Poland,Credit Card,15
ORD002920,2024-05-23,CUST01834,Desk Lamp,Accessories,45.13,2,Canada,Debit Card,0
ORD003172,2024-04-15,CUST01079,Desk Lamp,Accessories,61.02,1,France,Debit Card,5
ORD003445,2024-12-09,CUST01018,Keyboard,Peripherals,83.63,2,Canada,Bank Transfer,0
ORD006232,2024-02-04,CUST01001,Monitor,Displays,513.72,1,Netherlands,Credit Card,0
ORD005579,2024-12-04,CUST01001,Laptop,Computers,1104.23,1,Canada,Unknown,15
ORD004427,2024-05-07,CUST01001,Desk Lamp,Accessories,111.93,4,USA,Bank Transfer,0
ORD005335,2024-12-16,CUST01001,Desk Lamp,Accessories,73.95,3,Netherlands,Unknown,0
ORD000467,2024-01-27,CUST01002,Desk Lamp,Accessories,78.92,2,Canada,Credit Card,0
ORD006266,2024-08-26,CUST01001,Laptop,Computers,1075.66,2,UK,Bank Transfer,0
ORD005735,2024-02-29,CUST01194,Phone Stand,Accessories,45.22,3,UK,Credit Card,15
ORD003093,2024-11-29,CUST01001,Webcam,Video,63.08,4,USA,PayPal,5
ORD003773,2024-01-04,CUST01002,Laptop,Computers,1096.81,4,USA,Unknown,5
ORD005192,2024-12-24,CUST01004,Mouse,Peripherals,0.0,3,Germany,Bank Transfer,0
ORD005227,2024-09-09,CUST01001,Mouse,Peripherals,93.6,4,France,Bank Transfer,0
ORD005391,2024-03-30,CUST01001,USB Hub,Peripherals,-26.21,1,Germany,Credit Card,5
ORD000861,2024-05-16,CUST01002,Mouse,Peripherals,92.77,2,USA,Credit Card,5
ORD007604,2024-05-24,CUST01002,Webcam,Video,59.86,3,USA,Credit Card,0
ORD007271,2024-07-27,CUST01001,Webcam,Video,91.61,2,Netherlands,Credit Card,10
